Size (sq ft),Location,Security,Garage,Floor_Number,Number_of_Rooms,Built_Year,Price (in $1000s)
1812,1,1,1,11,10,1983,327.8
3744,1,1,1,2,8,1988,447.76
3324,1,1,0,3,5,2003,367.95
1731,0,1,0,6,2,2019,188.47
1010,1,1,1,2,10,2014,242.29
1401,0,0,1,12,2,2023,151.09
2858,0,1,0,13,10,2007,357.05
2827,0,0,1,3,5,2004,286.43
2309,0,1,1,2,9,2021,311.52
1048,1,1,0,3,3,2005,169.63
2351,1,0,0,4,2,1996,246.9
2012,0,1,1,13,9,2006,289.55
1504,1,1,0,8,10,1987,279.91
3500,1,1,0,1,10,2020,449.18
1149,1,1,0,7,9,2021,236.23
2678,0,0,1,13,4,1988,236.82
1002,1,0,1,12,2,2012,150.15
2145,1,0,1,5,6,2010,279.86
1206,1,0,1,1,8,2016,229.25
2010,0,1,1,13,10,2005,273.08
1551,1,1,1,6,9,2003,279.34
3897,1,1,1,11,4,2021,422.26
3616,0,1,1,3,3,1994,332.88
3172,1,0,1,8,3,2007,349.67
548,1,1,1,14,3,2023,172.77
1487,1,0,1,4,8,1999,255.13
3694,0,0,0,4,7,1985,351.47
2250,0,1,0,3,5,1999,230.51
3979,1,1,0,15,5,1995,428.49
3117,1,0,1,7,5,1990,341.74
3198,0,1,1,7,5,2007,331.2
736,0,0,0,2,3,1982,78.78
3201,0,0,0,6,3,1992,262.59
2970,0,1,0,5,3,1991,255.07
2330,1,1,0,12,9,2021,349.19
2150,1,0,1,7,4,1998,250.71
2042,1,0,1,11,9,1997,320.91
1694,0,1,1,3,5,2007,211.06
2132,1,0,1,5,6,1998,297.57
1975,0,0,0,10,2,2013,181.25
1455,0,1,1,8,3,1985,171
3872,1,0,1,10,5,2023,429.55
1873,1,0,1,10,7,2013,276.22
1429,1,1,1,9,7,2020,258.11
2121,0,0,0,10,4,1999,193.83
3259,0,0,1,4,9,2008,362.58
2005,1,0,1,12,7,2015,297.26
1122,0,0,0,14,9,1986,168.44
3351,0,1,0,7,8,1999,370.05
1200,1,0,1,8,4,1980,176.37
583,1,0,0,12,3,1998,99.96
3635,1,0,1,1,5,1994,379.75
2644,1,1,1,2,4,1998,324.71
2981,1,0,0,13,6,2024,347.28
1761,1,1,0,7,4,1997,244.27
3290,0,0,0,14,8,2016,335.16
2701,1,1,1,1,5,2023,344.27
3648,1,0,0,10,4,1983,349.25
3284,0,1,1,14,2,1994,309.84
1009,0,1,0,7,4,1984,117.52
2886,1,0,0,12,8,2016,341.08
1528,1,1,0,10,6,2000,224.06
3680,0,1,1,12,6,1988,370.31
2094,0,0,0,1,2,2023,198.91
3726,1,0,1,13,7,2019,414.36
1848,1,1,1,14,4,2009,257.49
2462,1,1,1,7,9,2003,375.43
3607,0,1,1,1,5,1989,364.74
1449,1,1,1,13,5,2014,233.66
2544,0,1,0,15,3,2011,259.8
1410,1,1,0,1,10,1989,282.64
1847,1,0,1,10,5,2012,245.77
1764,1,0,0,5,8,1997,253.98
912,1,0,0,12,4,2002,166.35
3945,0,1,0,4,7,2003,392.05
748,0,1,1,11,8,2016,153.31
2319,1,0,1,15,9,1998,321.72
1015,0,1,1,9,4,1994,130.57
2162,1,0,1,9,5,1989,251.72
1646,1,0,0,6,2,2009,206.57
2669,0,1,0,10,4,1993,260.48
1757,1,0,0,1,4,1981,198.14
3031,0,1,0,10,8,2004,329.62
2243,1,0,1,11,3,2005,283.74
1788,0,0,0,10,10,1994,226.84
3676,1,0,1,2,3,1989,368.68
3825,1,0,0,6,7,1983,392.34
3923,0,1,1,15,9,2013,449
2262,0,0,1,10,10,1981,279.95
3776,1,1,1,5,9,2012,456.03
844,1,0,0,3,8,2005,201.64
697,1,1,1,8,5,2021,200
730,1,0,1,11,6,2010,185.91
3726,0,0,1,3,8,2021,396.52
1047,1,0,1,15,6,1993,178.16
3216,0,0,0,7,5,2006,314.58
3744,0,0,0,14,2,1984,304.07
2688,1,1,1,12,7,2019,385.82
2720,1,1,1,3,10,2023,408.22
2851,0,1,1,1,10,2003,365.02
2124,1,1,0,13,4,1989,276.3
2488,1,0,1,12,10,1994,336.63
1352,0,0,0,11,2,1998,127.92
793,0,0,1,15,8,2015,160.69
1790,0,0,1,15,6,1999,208.54
2075,1,0,0,12,6,1987,245.1
1985,1,1,0,13,3,1987,231.26
757,1,0,1,4,7,2017,190.18
3788,1,0,1,15,9,1997,431.9
1931,1,1,0,2,2,1995,236.27
852,1,0,1,8,6,2001,176.84
2047,0,0,1,15,3,1997,206.37
2626,1,0,1,2,7,2010,323.6
545,1,1,1,7,8,1983,187.95
2638,1,0,1,8,7,2013,329.35
3003,1,0,1,9,10,2017,408.35
3038,0,0,0,7,3,1982,269.29
2294,0,1,1,14,6,1983,258.76
1720,0,0,1,4,2,1986,164.79
2932,1,0,0,8,8,2010,340.46
2897,0,0,0,15,2,1984,237.84
745,1,0,1,7,6,1998,182.85
3427,1,0,0,3,7,1991,387.95
1554,1,0,1,1,5,2002,233.4
3175,0,0,1,3,9,2016,363.39
909,0,0,1,12,7,2011,160.23
1207,0,0,0,9,6,1987,147.69
883,1,1,0,4,9,1992,214.07
1202,0,0,1,8,4,2012,151.83
3164,1,1,0,13,10,2011,429.47
1013,1,1,0,3,4,2013,198.67
2851,1,0,1,11,9,1988,368.01
1930,1,0,0,7,5,2020,256.7
3833,0,1,0,4,10,1982,418.73
1548,1,1,1,6,8,2023,302.18
3256,0,0,1,4,2,2000,264.1
1692,0,0,0,8,2,1997,158.87
986,1,1,1,14,9,2022,261.89
2931,0,1,0,7,10,2017,343.66
645,1,0,0,12,3,2014,137.92
3104,1,0,0,3,8,2016,366.2
3423,0,0,1,5,6,2000,346.49
1279,0,1,0,14,9,1985,178.42
1795,1,1,1,14,2,1984,212.44
2836,0,1,1,10,7,2001,322.37
3382,1,0,1,9,10,2023,439.09
3669,1,1,1,8,5,2018,429.61
597,1,0,0,15,8,1999,165.14
2467,0,1,0,5,6,1982,271.68
1359,1,1,0,12,6,2014,243.71
3190,1,0,0,8,2,2009,300.5
3895,1,0,0,15,8,1994,427.17
2556,1,0,1,8,5,2018,307.78
1493,1,0,1,5,4,1982,214.6
1028,1,0,0,8,2,1991,116.8
3372,1,1,0,4,9,2019,409.63
1025,1,1,1,11,7,1993,240.19
3918,0,1,0,5,9,1982,419.25
1980,1,1,0,1,8,2002,311.39
3955,0,1,1,4,5,1985,371.48
1843,1,0,0,7,2,1999,220.62
3915,0,1,1,12,2,2012,353.32
1571,0,1,1,7,8,2001,242.02
3769,0,1,1,1,5,1996,376.67
1112,1,1,1,10,10,1997,249.96
1751,0,0,1,12,2,1987,138.02
1053,1,1,0,14,4,1983,172.5
3428,0,0,1,6,7,1991,329.64
2789,1,1,1,11,5,1989,352.03
3903,1,0,1,10,4,1990,390.73
3520,1,1,1,15,8,2010,446.97
3116,1,0,1,13,5,1992,338.14
2745,1,0,0,5,4,1986,303.29
3346,0,1,1,15,2,2013,330.15
3467,1,0,1,6,6,2017,403.53
1273,0,1,0,15,2,1998,120.16
2630,0,1,1,7,6,1989,273.87
2807,1,1,1,15,10,2007,403.11
1589,0,0,1,6,9,1986,201.3
1032,1,1,0,7,7,1993,190.79
3945,0,0,0,9,10,2012,421.99
2194,0,0,0,13,3,2015,211.6
2801,1,1,1,14,8,1983,372.75
3698,0,0,0,5,5,2014,359.62
3008,0,0,0,1,5,2007,279.87
2871,1,0,0,6,10,2009,377.32
2940,0,1,0,9,4,1990,284.86
2014,1,0,1,1,8,1984,266.69
1112,1,1,0,3,5,2004,196.6
3811,1,1,0,12,8,1989,445.56
2090,0,0,1,8,3,2019,199.9
3070,1,1,0,2,4,2006,345.71
1631,1,0,0,8,5,2016,218.14
3443,0,0,0,9,5,2018,321.99
2419,0,0,0,7,6,2008,240.98
1958,0,0,1,11,3,2014,191.6
666,0,1,1,8,6,1991,148.93
3169,1,0,1,1,6,2024,395.39
3130,0,0,0,9,2,2011,272.07
3621,1,1,1,10,3,1980,366.01
1911,0,1,0,6,6,2022,246.1
3581,1,1,1,9,2,1992,393.18
696,0,0,1,9,9,2012,165.37
3991,1,0,1,2,6,1985,414.5
1115,1,1,0,13,10,2009,241.55
1875,1,1,0,8,4,2013,234.54
1034,0,0,1,8,8,1985,144.8
3273,0,1,1,4,9,1986,357.5
1944,1,1,0,10,6,2017,262.6
3581,1,0,1,7,6,2007,404.35
2125,0,0,1,8,5,2020,245.88
1076,1,0,0,5,8,2019,222.27
2616,0,0,0,1,4,2009,236.54
1016,0,1,1,13,3,1980,136.2
979,0,0,0,5,3,1983,90.25
1775,0,0,1,5,7,2018,213.68
3878,1,0,0,1,4,2023,382.22
1995,0,0,0,13,9,2010,254.88
1626,0,0,1,12,9,2021,224.53
3708,1,1,0,12,2,2011,378.38
2796,0,0,1,7,2,2001,236.21
3798,0,1,0,12,5,2003,347.67
716,0,0,1,12,9,2011,159.14
2076,0,1,1,12,4,2008,249.2
919,0,0,0,4,2,2001,76.63
3845,1,1,0,14,10,2014,487.79
1763,0,0,1,3,8,2004,231.22
702,1,0,0,3,5,2008,135.82
3491,1,0,0,10,6,1994,377.63
715,1,1,0,6,8,2021,206.81
736,0,1,1,12,9,2023,185.04
1959,1,1,0,9,2,2010,224.5
3968,0,1,1,10,2,2015,381.07
1511,1,1,0,1,10,1984,267.67
2997,1,0,1,11,7,2007,358.04
2896,1,0,1,5,10,1996,371.32
619,0,1,1,12,6,2021,151.98
2941,0,1,1,14,2,1996,294.34
3415,1,1,1,8,3,2011,382.53
1653,0,0,1,7,4,1981,167.78
3706,0,1,0,14,9,2018,402.53
1561,1,1,1,8,9,2001,304.69
2269,0,0,0,6,8,1985,238.87
2359,1,0,1,2,3,2003,254.76
3876,1,1,0,3,7,1987,436.99
1310,0,1,1,6,6,1981,164.14
2759,0,0,0,5,7,1988,285.13
2880,0,0,0,3,2,2009,230.04
3852,0,1,0,9,10,2022,435.84
2675,1,0,0,11,7,2014,311.37
732,1,1,0,9,6,1987,184.86
2117,1,0,0,14,8,2016,282.64
1973,1,1,1,4,3,2009,275.82
1857,1,0,1,3,3,2017,238.8
1988,1,0,0,11,4,2012,226.8
3710,1,1,0,15,2,2018,381.84
3134,1,0,0,8,3,1980,321.63
1552,1,0,0,1,6,2014,211.31
3335,1,0,0,11,9,2014,405.53
1621,1,0,1,9,6,2014,266.59
790,0,1,0,9,9,1996,152.47
3123,0,1,1,5,8,1983,338.8
558,0,0,1,6,3,2003,82.28
1457,1,1,0,7,10,1986,282.59
2529,0,1,0,12,3,2017,245.8
818,1,0,1,1,3,2023,146.66
570,1,0,1,11,9,2000,181.99
3001,1,0,0,2,6,1985,312.26
2613,0,0,0,9,9,1985,268.92
3054,1,0,0,3,2,2000,310.63
2209,1,0,1,6,10,2016,348.2
3980,1,1,0,10,8,1997,469.22
1157,0,0,1,12,6,2015,156.02
3713,0,0,1,1,8,1990,380.17
1310,1,0,0,13,4,2013,174.85
2708,0,1,0,14,3,1985,247.71
1047,1,0,0,7,10,2009,227.97
1604,0,0,0,3,6,1992,172.83
3530,1,0,1,10,4,2023,374.03
1659,1,1,1,6,2,1997,232.56
3583,1,0,0,6,7,1997,391.21
2744,0,1,0,4,10,2017,345.56
1539,1,0,0,13,3,2024,213.93
3779,1,0,1,11,10,1984,431.74
3122,0,1,1,9,6,1995,327.34
836,1,0,0,12,7,2012,179.35
1383,1,1,0,3,9,2015,273.02
3278,1,1,1,4,8,1997,431.19
2630,0,0,0,9,7,1989,269.36
3352,1,0,0,5,5,1998,357.54
501,1,1,1,11,6,2003,180.43
1567,0,0,1,2,8,1980,214.22
1772,1,1,0,8,10,2021,313.61
2087,0,1,0,10,3,2011,222.52
1741,0,0,0,14,7,2008,206.77
3340,1,0,0,5,7,2021,404.94
1097,1,1,1,8,9,2018,247.94
3168,1,0,1,5,7,2000,363.77
2397,0,1,0,3,3,2008,235.5
3235,0,0,0,1,7,2004,319.97
1728,1,0,0,10,8,2001,255.65
1013,0,1,1,6,5,1989,144.67
1326,0,0,0,10,5,2023,148.26
3061,0,0,1,3,9,2016,337.81
2935,0,1,1,14,5,2020,333.73
1421,0,0,1,6,6,1989,181.94
2498,0,0,0,8,7,2022,284.51
3221,0,0,0,9,7,1991,298.71
1791,0,1,1,4,7,2004,230.59
1311,1,0,0,14,10,2014,268.85
2296,1,1,1,11,6,1985,300.9
3309,1,1,0,10,9,2013,407.84
1698,0,0,1,3,2,1984,134.58
1603,1,0,0,12,10,1987,266.66
1072,0,1,1,1,9,2013,193.81
3939,1,1,0,14,6,2001,444.69
1863,1,1,0,12,8,1987,282.71
3056,1,0,1,7,3,2008,318.62
1462,0,0,1,8,10,2024,243.62
2024,0,0,0,15,5,1988,175.69
3235,0,1,0,9,10,1981,361.12
778,0,0,0,3,5,2009,119.91
1449,1,0,1,1,7,2001,230.43
2473,1,1,0,15,10,1996,342.32
3479,1,0,0,7,10,2007,412.26
2912,1,1,1,13,7,1999,357.67
1619,1,0,1,8,8,1984,261.72
2234,0,1,0,14,5,1994,236.27
3214,1,0,1,9,7,2001,395.5
2434,0,0,0,5,2,1985,210.19
1850,0,1,1,14,4,1980,220.23
1907,1,0,0,9,9,2002,272.25
1547,0,1,1,12,8,1980,206.71
3388,1,1,0,7,7,2014,392.32
2497,1,0,1,3,4,2014,316.42
1013,0,1,1,12,4,2014,160.21
2702,0,0,0,12,4,1987,223.48
689,1,1,1,8,10,1998,240.66
638,1,0,0,10,2,2000,110.83
3408,0,1,1,13,3,2023,323.94
2594,0,1,1,13,3,1989,268.34
677,0,1,0,6,6,1994,101.25
2575,1,0,0,8,7,1987,298.22
1269,0,1,0,3,6,2024,179.86
1694,0,0,1,12,8,2001,234.96
3291,0,1,1,14,2,1992,309.7
2053,1,1,0,13,8,2015,299.01
2105,1,0,0,10,4,1993,234.12
801,0,0,1,7,2,2003,74.05
2644,0,0,0,5,4,2005,221.64
3799,1,1,0,3,7,2022,424.31
3105,0,0,1,1,5,2024,313.74
1896,0,1,1,7,2,1995,177.97
1501,0,0,1,12,2,1989,133.78
1028,1,0,1,15,3,2008,186.29
3390,1,1,0,5,3,1984,364.14
679,0,0,1,2,8,2024,137.22
2157,1,1,1,3,8,1990,330.17
3482,1,1,0,11,10,1985,442.46
3416,1,1,0,3,7,2014,419.08
942,1,0,0,3,10,2020,209.88
942,0,0,0,13,9,2010,166.77
508,1,0,1,12,9,2003,177.18
3553,0,1,0,9,7,1994,350.47
3592,1,1,0,13,6,2002,396.81
2621,1,1,0,8,10,2015,366.45
2917,1,1,1,13,3,1992,350.83
1588,0,0,1,9,8,2008,226.73
1470,1,1,0,12,10,1998,271.39
2630,1,0,1,7,8,2010,346.96
2111,1,1,1,9,7,1993,297.32
2409,1,0,0,12,4,2017,293.83
2479,0,1,1,5,2,1999,248.78
1305,0,0,1,2,5,1991,147.86
2097,0,0,1,7,9,2012,255.58
1684,0,0,0,2,9,2008,204.41
2899,1,1,0,10,6,2005,347.25
1256,1,0,0,8,3,1983,178.05
2475,1,0,1,11,5,2015,304.63
2990,0,1,0,6,6,1989,309.16
2637,1,0,0,7,8,2008,332.17
1953,1,0,0,10,8,2024,271.04
3534,0,1,0,9,4,1983,322.32
848,0,0,0,1,5,1989,97.14
3248,0,0,0,4,6,2005,293.67
2838,0,0,0,14,6,2009,294.99
3521,1,1,1,4,3,2008,403.64
1021,1,0,0,12,9,2006,222.12
1633,1,1,1,7,3,2020,247.1
2993,1,0,1,10,9,1983,370.11
2319,0,0,1,7,3,2007,240.03
3296,0,0,1,4,6,1992,333.8
1932,1,1,0,2,6,1994,281.04
2381,1,0,1,15,10,1983,347.69
2912,0,1,0,2,4,1998,288.27
3448,0,1,0,1,2,2008,313.5
841,1,1,1,1,6,2007,222.92
2973,0,1,1,8,9,2015,357.73
931,0,0,0,4,7,2004,138.72
1429,1,1,1,15,9,1986,251.48
2709,1,1,1,12,4,2009,328.07
1250,1,0,0,3,8,2020,217.19
3219,1,0,0,4,8,1994,370.31
3849,0,0,1,11,5,1984,341.34
756,1,1,0,10,7,2010,186.41
547,0,0,0,14,4,2024,76.52
546,0,0,1,3,4,2004,103.33
1111,0,0,0,4,9,2020,185.39
923,1,0,0,3,4,2018,168.94
1528,1,0,0,14,8,1989,241.99
3135,0,0,1,11,6,2014,331.63
1087,0,0,1,9,9,2001,192.13
1964,0,1,1,6,3,2003,218.82
3195,1,1,1,1,8,2005,414.22
752,1,1,1,11,5,1992,187.77
3723,1,1,1,9,5,1997,424.85
1038,1,1,1,10,6,2018,224.42
1031,1,0,1,10,10,2022,257.51
2124,1,0,1,11,6,2006,301.6
3822,1,1,1,6,7,1986,440.76
2852,1,0,0,6,3,2024,322.8
693,1,1,0,1,2,2008,130.79
859,0,1,1,6,3,1982,118.46
2583,0,1,1,10,6,2018,309.74
2885,0,1,1,7,2,2020,293.02
1242,1,1,0,7,4,2015,213.62
2134,1,1,0,14,6,2003,296.54
1233,0,0,1,11,2,1988,127.33
2334,0,0,0,9,5,1999,243.3
2141,1,1,0,5,4,1998,277.84
1619,0,0,1,8,2,1981,156.39
2790,0,1,0,5,3,2000,242.55
1353,0,0,0,3,8,2013,187.82
2093,1,0,1,9,4,2012,247.66
1624,0,1,1,14,7,2019,220.18
1906,1,1,1,10,10,2017,325.85
3188,1,1,1,12,9,2021,440.91
3247,0,1,0,8,9,2023,373.42
2521,0,0,0,12,2,2021,207.66
1447,0,0,1,13,2,2000,127.87
3176,0,1,0,4,8,1986,335.53
3464,1,1,0,3,8,2003,410.72
2865,1,0,0,11,3,1981,303.16
661,1,0,0,1,8,2011,170.44
2834,1,0,0,5,5,2010,335.57
1221,1,1,1,1,6,2015,217.94
939,1,0,1,6,6,1987,179.66
3165,1,0,0,6,7,1991,347.17
3170,1,0,1,4,2,2014,324.9
2689,0,1,1,2,8,2001,302.08
3631,1,1,1,10,5,1996,397.47
2229,0,0,0,12,5,2013,216.55
2441,1,0,1,6,2,1997,255.88
613,0,1,1,2,10,1989,147.72
1380,0,0,1,14,10,1987,200.76
2575,1,0,0,1,7,2004,309.53
1889,1,0,1,14,2,1984,200.56
945,0,0,0,4,9,2006,149.95
2009,0,0,1,1,7,1998,219.49
1885,1,0,0,13,3,1998,208.58
982,1,0,0,6,2,1999,134.06
2036,0,0,0,13,7,2019,215.16
787,1,0,1,5,9,2023,199.17
650,1,0,0,10,8,2015,193.57
2813,0,0,1,1,5,1980,281.99
1361,0,1,1,4,10,2006,252.47
3322,1,1,0,10,4,2004,379.53
985,1,1,0,2,4,1981,183.4
2584,0,0,0,15,9,1991,289.22
627,1,0,1,6,4,2002,130.01
2564,1,0,1,11,8,1997,345.67
1439,1,1,1,1,8,1987,271.79
2054,1,0,0,12,7,2020,268.35
2742,0,0,1,15,10,2021,335.58
1747,0,1,0,10,6,1980,196.55
2375,1,0,1,15,5,2022,317.23
1597,0,0,0,12,4,1990,159.12
2260,0,0,0,10,6,1995,237.66
3118,0,0,0,5,6,2023,296.32
725,1,1,1,9,9,1987,204.31
1085,1,1,0,8,4,1993,194.14
1513,0,0,1,10,4,2020,162.1
1805,1,0,1,13,4,2016,252.6
722,1,0,0,13,9,1988,181.48
2780,0,0,1,13,10,1984,323.04
3167,0,0,1,5,2,1980,257.56
2425,1,1,0,7,5,1993,281.71
808,1,0,1,9,10,1996,200.07
604,0,0,0,4,7,1998,114.25
1164,0,0,0,1,7,1997,152.29
2891,0,0,1,10,7,1991,285.24
1800,1,1,1,13,5,1981,263.96
2141,1,1,1,14,9,2017,348.91
3287,1,1,1,5,8,2021,430.28
1711,0,1,0,1,10,1992,248.52
3529,1,1,0,15,5,1983,376.53
3352,1,1,0,11,4,2007,357.26
2841,0,0,0,15,6,2007,281.83
1326,1,1,0,10,9,1987,229.56
1580,0,0,1,1,7,1986,196.85
3462,0,0,1,5,2,2011,320.61
1227,1,0,1,8,4,2001,176.85
613,1,1,1,9,3,2001,133.92
3487,0,0,0,3,4,1989,298.78
3356,1,0,1,9,8,1983,372.88
2015,0,1,0,12,8,2005,239.43
2546,1,1,1,1,6,2002,353.52
2871,0,0,0,10,2,2015,235.59
866,1,0,0,13,8,1995,203.55
1826,1,1,0,1,6,2012,284.51
1004,1,1,0,2,6,2015,210.15
1075,1,1,1,13,8,1986,222.93
3575,1,1,0,13,8,1996,439.76
3400,0,0,1,5,5,1983,322.06
1166,1,1,0,1,9,2014,239.74
2847,0,0,0,7,3,2007,234.3
2686,0,1,1,14,2,2000,241
607,1,1,1,1,2,1986,132.44
2878,0,0,0,10,4,2012,263.65
1329,1,0,0,1,5,2014,200.57
2688,0,0,1,6,5,2023,281.72
3243,1,1,1,5,9,1984,406.53
1157,0,1,1,9,8,1991,175.27
1283,1,1,1,10,6,1998,237.44
1478,1,0,0,2,8,1984,224.54
730,0,1,1,7,4,1998,126.89
3670,0,0,1,6,9,2023,394.19
3584,0,1,1,9,8,2023,388.53
1194,0,0,0,12,8,1993,164.44
2007,0,1,0,13,5,2007,222.34
711,0,1,1,2,7,1997,149.05
3381,0,0,0,2,9,1987,355.76
2674,1,0,1,13,3,2008,281.07
1916,1,1,1,4,4,2007,273.07
2557,0,1,1,3,3,2008,269.97
537,1,0,0,14,8,1980,139.52
558,0,1,0,10,7,1989,132.89
3683,1,0,1,7,10,1987,423.67
2441,1,0,1,7,9,1993,322.39
2941,0,0,0,14,4,1987,254.38
3644,1,1,0,13,7,2012,425.8
2549,0,1,1,11,3,2006,257.76
528,0,1,1,11,3,2014,118.89
820,0,1,1,8,4,2020,148.14
1472,1,0,0,8,6,2013,223.28
1700,0,0,0,13,3,2019,147.9
3643,1,1,0,13,10,1990,439.56
2914,0,1,0,3,3,1980,249.9
653,1,0,1,15,2,1983,100.66
3011,0,1,1,11,5,2020,308.19
600,0,0,0,1,2,2004,65.6
2897,1,0,0,2,8,1998,334.38
1055,1,1,1,3,8,2021,228.67
748,1,1,1,12,5,2008,198.88
913,1,0,0,3,8,1988,197.89
1725,0,1,0,8,10,2004,248.62
3008,0,1,0,8,8,1988,334.57
2641,0,0,1,3,9,1981,284.84
3307,0,0,1,15,6,2023,325.65
1011,1,0,0,11,10,1990,193.85
3513,0,0,0,5,5,1991,302.08
3598,1,0,0,15,6,1984,373.33
2056,0,1,1,7,2,1991,191.6
3421,0,1,1,5,4,2002,346.11
3843,1,0,0,14,6,2021,408.23
2939,1,1,0,2,6,2008,355.6
3713,0,0,1,10,7,1988,360.26
1640,1,0,0,12,5,2018,216.7
1562,0,1,1,4,5,2020,198.8
1994,1,1,0,7,6,1993,266.98
3760,1,0,0,13,7,2011,433.19
1655,0,0,1,1,5,2007,205.79
2607,0,0,0,3,10,2022,308.8
1860,1,0,0,10,6,2009,232.51
2949,1,0,0,5,8,2020,364.45
1688,1,0,0,5,10,2001,292.77
1171,1,0,1,7,2,2006,164.83
1309,1,1,0,2,4,1995,180.58
3148,1,1,0,15,6,1980,356.23
1163,1,1,1,15,5,2007,230.39
3916,1,1,0,12,3,1980,406.51
3786,1,0,1,6,8,1994,421.29
3746,1,0,1,12,3,1997,374.82
2280,0,1,1,10,10,2020,311.66
2755,0,1,0,9,8,2006,314.3
2481,1,1,1,10,4,1982,284.3
1488,1,0,1,8,10,1980,251.29
1708,0,0,0,14,3,1983,157.59
2582,0,1,1,6,6,1993,302.85
1130,1,0,1,8,6,1995,184.36
3541,0,1,1,6,6,2005,387.02
2750,1,1,1,2,8,1994,383.36
2058,0,0,0,1,6,2014,230.93
3609,0,0,1,1,2,2016,316.3
3368,1,1,1,12,3,1989,367.74
865,1,1,1,1,5,2015,216.97
2727,0,0,1,4,2,1985,223.37
3849,1,1,0,4,6,1989,412.55
3466,1,1,0,5,3,2000,368.64
1596,0,1,1,15,8,2019,257.73
2002,1,1,1,1,10,2008,319.5
1868,1,1,1,6,6,1991,268.72
3686,0,0,0,11,10,2023,390.37
3625,0,0,1,4,4,2014,347.31
1928,0,1,1,12,6,2013,238.07
3503,1,1,1,14,7,2017,425.25
1510,0,0,0,7,8,1986,182.91
2903,0,1,1,6,4,2012,305.97
1290,0,1,1,14,5,1983,169.09
2939,0,1,0,11,9,1983,316.03
621,0,0,0,2,5,2003,87.17
3681,1,1,1,6,8,2015,451.82
704,1,0,0,7,6,1980,133.81
1346,0,1,1,3,3,2020,175.11
3159,1,1,0,15,5,2010,379.14
3628,0,0,0,8,9,1999,381.26
2043,0,1,1,3,6,2015,255.15
504,0,1,1,15,5,2017,119.32
2230,1,1,0,4,5,2005,291.54
2871,0,0,0,7,8,1993,299.95
2088,1,0,0,4,8,1998,282.6
3907,1,0,1,13,2,1983,385.54
3397,1,1,1,9,4,1987,391.13
992,1,1,0,10,10,1999,252.8
1456,0,1,0,10,8,2016,223.45
1756,1,0,0,15,2,1989,190.64
2669,0,0,0,13,5,2004,271.16
867,1,1,1,2,5,2000,176.88
1521,1,1,0,9,8,1984,233.31
1050,0,0,0,5,9,1999,166.43
3607,0,0,1,6,4,1983,320.58
779,1,1,0,10,4,2020,178.01
2044,1,1,0,13,8,1982,273.35
1504,1,0,0,3,5,1997,206.21
2796,0,1,0,2,5,2012,282.75
2578,0,1,1,13,8,1985,289.86
1108,0,1,0,6,4,1985,137.84
3808,0,1,1,1,10,2005,442.91
1564,1,0,1,9,8,1998,240.89
3279,0,0,0,14,2,2016,282.45
604,1,1,0,6,3,1995,150.28
656,1,0,0,14,6,1982,138.32
682,0,1,0,14,8,2011,129.95
1545,0,1,0,4,9,1998,224.64
3010,1,1,0,14,10,1980,392.2
1989,1,0,1,15,5,2012,265.6
3985,0,0,1,5,7,1984,366.34
1491,0,0,0,13,7,2018,204.31
1390,1,1,0,1,8,1980,236.13
1173,1,0,1,9,5,2018,219.7
508,0,1,1,2,5,2015,115.24
746,0,1,1,2,2,2019,121.1
1486,0,0,0,13,4,1980,145.62
1306,1,1,0,2,7,2018,237.36
1595,1,1,0,14,8,1994,244.67
1474,0,0,0,8,6,1989,152.61
1408,1,0,1,1,5,1998,222.72
1047,1,0,1,14,3,2020,182.88
3727,0,1,0,13,2,2015,348.29
2448,0,0,0,10,8,1982,244.27
3300,1,1,0,14,5,1990,350.48
1926,1,0,0,4,8,2000,272.94
1778,1,1,1,10,3,1985,257.14
2717,1,1,1,2,2,2023,330.21
1505,0,0,0,15,6,2005,171.54
1677,0,1,1,5,2,2012,196.12
1045,1,1,1,14,8,1983,230.48
1962,1,0,0,1,5,1980,219.48
2125,0,1,1,3,4,2019,228.5
2804,0,0,1,1,9,2001,308.02
3396,1,1,1,3,2,2012,373.94
3871,1,1,1,11,10,2007,488.66
2160,1,0,1,4,10,1994,338.11
3395,1,1,1,12,4,1982,373.6
3263,0,1,0,2,6,1993,305.66
1609,0,1,0,8,5,2013,198.36
3359,1,0,1,3,4,1986,373.11
1034,1,1,0,10,6,1995,208.77
1959,1,1,1,15,5,1988,270.63
3047,0,1,0,3,5,2011,297.82
2439,1,1,0,15,6,1993,327.1
2277,0,1,0,3,10,1984,293.54
520,0,0,0,15,2,2024,43.13
3467,1,0,1,3,9,2011,411.91
2490,0,1,0,15,5,1988,241.77
2028,0,1,0,11,4,2006,196.04
3997,1,0,1,15,3,2021,424.99
616,0,1,0,8,9,2009,155.99
3203,1,1,0,6,5,1989,363.51
910,1,1,1,10,3,2021,175.04
1394,0,1,1,14,7,2021,201.95
2550,0,1,1,7,5,2013,287.42
1049,1,0,1,5,8,1989,208.67
3532,1,1,1,9,6,2018,408.28
2122,0,1,1,12,10,2011,310.27
3645,0,1,0,12,2,1994,320.75
2684,1,0,1,5,2,2010,273.33
2504,1,1,1,9,9,2018,360.66
1561,0,0,0,5,8,2017,203.72
669,0,0,0,15,2,1997,68.47
2335,0,1,0,9,4,1993,247.63
1390,1,0,1,6,9,1999,248.71
2721,1,1,0,8,3,2007,304.31
2635,0,1,1,3,8,1981,298.54
1119,1,1,1,13,10,2004,278.54
1316,1,1,1,5,9,1988,269.57
2160,1,0,0,8,4,1990,264.23
3288,0,0,0,1,7,2000,327.56
2959,1,1,0,2,8,1983,373.85
867,1,1,0,2,9,2015,240.82
3648,0,0,0,10,5,1983,315.02
1176,1,1,0,7,6,2014,237.04
2639,1,0,1,7,2,1980,267.43
554,1,1,1,11,2,2019,165.03
2112,0,0,1,4,2,2010,191.93
1471,1,0,0,4,7,2001,212.15
1536,0,1,0,4,8,2007,221.97
1575,1,0,1,8,9,2013,274.02
3709,0,1,1,6,7,2001,387.87
847,1,0,0,9,8,2003,183.01
1005,1,1,1,8,7,1989,229.54
2095,1,0,1,6,9,1981,313.33
3633,0,0,1,3,3,2011,317.79
3199,0,0,0,11,10,1995,349.89
3636,1,0,1,7,8,2020,431.6
581,0,0,0,3,6,2006,82.52
3102,1,1,1,14,4,1995,377.77
970,1,0,1,1,4,2010,163.32
1484,0,0,0,4,9,2023,197.85
2665,1,0,1,7,7,1980,333.46
3693,1,1,1,4,7,2004,438.82
716,0,0,1,2,7,2002,134.69
1607,0,1,1,12,8,2016,257.77
2467,1,0,0,10,2,2023,279.49
598,0,0,0,11,4,1982,66.63
3421,1,1,1,9,8,1997,405.54
1088,1,0,0,12,10,1999,224.12
3844,1,0,0,13,5,1998,386.56
2854,0,1,1,5,5,2009,308.13
1436,0,0,1,12,4,1988,171
1720,1,0,1,1,3,2005,219.46
1717,0,0,1,8,7,1991,222.29
2703,0,1,0,13,3,2006,272.4
1814,0,1,0,10,7,1985,233.91
3799,0,1,0,14,2,1999,320.85
517,1,1,0,15,6,2009,174.62
1969,1,1,1,9,9,1990,322.55
3410,0,1,0,4,7,2017,347.22
3302,1,1,0,11,3,2015,375.58
3806,0,1,1,4,6,2010,404.24
3317,1,0,1,6,7,2004,391.2
3768,1,0,0,12,2,1989,366.55
2409,1,0,0,3,2,2004,260.3
1754,1,0,0,7,3,2002,202.51
2451,1,0,1,5,2,1994,263.14
1488,0,1,1,15,3,2011,188.67
1463,1,0,1,1,7,1980,245.49
2656,1,0,0,1,9,2001,343.48
1189,1,0,1,10,9,1980,243.56
3328,0,0,1,6,5,2011,337.12
1763,1,0,0,13,8,1999,270.17
1207,1,0,0,6,8,1999,199.92
1322,0,1,0,2,7,2024,192.64
898,1,1,1,11,8,1992,212.7
900,0,0,1,10,5,1990,129.59
947,1,0,0,14,10,2014,237.3
850,0,0,1,9,5,2014,146.74
3189,1,1,1,13,6,1991,373.11
3532,1,1,0,1,5,2017,379.86
3952,1,0,1,15,10,2021,497.35
3352,1,1,1,8,4,1994,392.83
1744,0,1,1,10,4,1994,188.76
1794,1,1,0,13,8,1982,286.66
3268,0,1,0,2,8,1991,336.94
1668,1,0,0,11,2,2009,210.74
2183,1,1,1,5,2,1983,271.01
2906,1,1,1,15,9,1981,383.35
1929,1,1,1,7,4,1985,258.74
1568,0,0,0,6,5,2016,177.51
3207,0,0,1,5,7,2015,343.72
1175,1,1,1,1,4,1987,180.93
1612,0,0,0,12,6,1983,154.2
3282,0,0,1,12,8,2017,345.28
694,0,0,0,7,10,2005,132.16
837,1,1,1,6,3,2016,166.75
676,0,0,0,2,6,1986,113.24
3798,1,1,0,2,7,1990,439.43
2894,0,1,0,6,8,2011,335.6
1992,1,1,1,3,4,2012,265.02
1379,0,1,1,5,2,2011,150.71
772,1,0,1,4,6,1997,158.88
2849,1,0,1,12,2,2019,308.12
3040,1,1,0,5,8,2003,370.62
2437,0,1,1,4,8,1994,283.59
2564,1,0,1,7,4,1992,276.97
2849,0,1,1,4,10,2000,332.92
536,0,0,1,9,8,2008,133.08
3839,0,1,1,9,2,2005,355.71
2113,0,1,0,14,4,2006,222.06
1252,0,0,0,14,4,1992,129.22
2149,1,0,1,1,9,2023,319.97
1093,0,1,0,14,4,1998,131.6
3381,0,0,0,12,2,2000,274.12
1740,0,1,0,1,2,2006,183.46
1828,1,1,1,8,9,2020,303.47
3721,0,1,0,11,3,2000,335.41
1454,0,0,1,8,3,1998,137.26
3004,1,1,0,10,10,1985,380.58
3557,0,0,1,9,5,2002,352.05
1777,1,0,1,4,7,2020,267.63
2811,1,0,1,7,7,2021,352.43
2266,0,1,0,12,8,1983,273.33
1728,1,1,0,11,5,2018,273.26
3527,0,0,1,8,4,1989,302.68
1717,0,0,1,13,6,1990,205.05
1262,1,0,0,15,7,2013,201.67
3934,0,0,1,2,5,2005,381.37
1981,1,1,1,4,10,2007,320.01
2146,0,0,0,13,5,2011,227.09
613,1,1,1,3,2,2020,131.8
3184,0,0,1,8,8,1988,317.88
3915,1,0,1,10,10,2013,454.57
1063,0,1,0,6,8,1994,171.37
3419,0,1,0,11,10,1985,374.61
1394,1,1,1,12,10,1991,299.12
2968,1,0,1,8,9,2000,393.17
3470,0,0,0,15,8,1992,327.88
3629,0,1,1,7,3,2005,360.73
3773,1,0,1,5,4,2004,391.56
1171,0,1,0,7,4,2015,167.17
3730,0,1,1,6,10,2018,414.41
2622,1,1,1,2,9,1990,352.45
3500,1,1,1,5,7,2007,441.25
2586,1,0,0,12,6,1993,299.47
3367,1,1,1,11,10,2008,434.72
1391,1,0,1,14,10,1992,268.65
2025,1,0,0,2,2,1985,198.33
520,1,1,0,9,9,1991,197.29
1282,0,1,1,13,3,2003,148.46
3862,0,0,1,14,8,1996,381.99
3609,1,1,1,14,10,2017,461.74
2465,0,0,0,8,2,1988,209.05
2164,1,1,1,6,2,1986,262.7
1462,1,1,0,14,10,1987,255.06
577,0,0,1,13,7,2009,120.26
1092,1,1,1,4,10,1988,267.5
2108,0,0,1,7,7,2017,263.88
2672,0,1,0,5,5,1997,283.83
3473,1,1,1,11,3,2010,404.51
3585,0,1,1,15,9,1990,383.54
878,1,1,1,7,9,1990,212.13
2173,0,1,0,12,4,2015,214.59
2003,1,1,1,7,2,1996,254.18
3118,0,1,0,3,3,2004,290.46
3933,0,0,1,5,10,1989,420.46
3610,0,0,0,11,7,1984,343.33
1290,0,1,0,14,10,1987,198.05
1538,1,0,0,13,2,2007,195.16
2392,1,1,1,10,2,2002,286.38
1526,1,0,1,6,9,1998,270.32
1852,1,1,1,9,9,2014,299.19
3476,1,1,0,6,3,1999,359.07
2621,1,1,1,13,9,1980,365.51
3305,1,1,0,2,7,2009,393.83
3239,0,1,0,1,6,1996,320.26
3276,1,1,1,3,8,1980,385.93
786,0,0,0,4,10,1997,163.98
1398,0,1,0,7,9,2002,205.42
1465,0,1,1,7,4,1992,182.9
1032,0,1,0,10,9,1980,175.39
1003,1,1,1,9,3,2012,202.87
3936,1,1,0,14,7,1981,425.7
2007,0,0,1,4,4,2000,195.19
3809,0,1,0,8,9,1993,397.45
2547,1,0,0,1,7,1999,324.53
3511,1,0,1,15,8,2010,401.75
1990,0,1,1,7,6,1999,252.11
838,0,1,0,1,9,1999,156.94
1240,1,1,1,14,2,2018,198.27
3420,1,0,0,4,6,1987,366.97
2926,0,0,1,11,3,2004,284.8
3981,0,1,1,8,4,2015,381.73
2296,1,0,1,8,7,1986,318.6
1914,0,0,0,2,2,2014,178.14
1592,0,0,0,10,8,2001,188.06
925,1,0,0,10,8,1999,186.65
1121,0,1,0,9,8,2005,184.14
1760,1,0,0,4,6,1994,225.85
663,1,0,1,8,7,1980,170.38
1094,0,1,1,13,10,1999,221.91
2435,0,0,1,12,10,1987,306.46
822,0,0,1,7,3,1981,87.61
2098,0,0,0,10,2,2011,163.96
652,1,1,0,7,8,2022,201.21
998,0,0,0,6,7,2017,159.54
2744,0,0,0,7,4,1980,220.4
1669,1,0,1,11,3,2004,227.63
2397,0,1,1,12,6,1988,281.92
2885,0,1,1,7,6,1996,320.24
1690,0,1,0,14,9,1986,234.78
3832,0,1,1,2,2,2000,334.32
2066,1,1,0,13,4,2008,284.43
3511,1,1,1,3,7,2015,434.35
3297,1,1,1,15,3,2017,377.45
3325,0,1,0,3,7,2002,335.55
2921,1,0,0,9,2,1993,270.5
2710,1,0,0,9,4,1983,290.91
3439,0,1,0,4,8,1986,350.52
737,1,1,0,9,9,2003,218.92
1469,1,0,1,6,9,1993,245.75
1769,1,1,1,4,2,2023,263.91
1663,0,0,1,14,4,1983,174.06
2080,0,0,0,8,8,2016,249.66
2979,0,0,1,11,2,1982,243.32
2278,1,0,1,8,4,2018,272.92
3857,1,0,0,7,7,1995,399.17
3000,1,0,1,11,8,2021,386.33
1095,1,1,0,14,4,1992,177.33
1545,1,1,1,15,7,2014,284.83
2132,1,1,0,9,9,1996,328.26
2056,1,0,1,3,7,2007,297.35
3208,1,0,1,15,10,1997,415.6
3917,1,0,1,10,8,1991,423.31
2382,0,0,0,11,7,1991,223.78
3610,1,0,0,7,6,1984,391.6
3706,1,1,1,4,10,2019,486.66
2070,1,1,0,7,3,1992,239.78
3264,1,0,0,4,4,2013,325.29
1128,1,0,1,13,3,2001,185.25
1765,1,1,0,12,9,1985,283.08
3337,1,0,0,15,5,1981,361.51
1716,0,1,0,5,5,2022,216.31
1836,1,0,0,12,9,2017,268.61
1341,1,0,1,8,9,2022,265.31
1785,0,1,0,7,7,1994,197.35
1391,1,1,1,9,4,2011,245.73
1998,1,1,1,7,5,1991,284.66
1918,0,1,1,3,4,2004,211.91
1191,0,0,1,12,2,2005,135.81
2553,1,1,1,15,3,1993,321.91
2588,0,0,1,9,3,1994,220.12
2740,1,1,1,12,3,2017,329.35
1485,1,1,1,3,6,2024,245
1745,1,1,0,14,5,2017,260.89
1948,1,0,0,12,8,2010,295.14
695,0,0,1,11,6,2022,132.31
2415,1,1,0,10,7,1993,319.84
989,1,0,0,4,7,1999,197.56
1922,1,1,1,9,5,2018,286.08
587,0,1,1,2,9,1987,162.09
542,1,1,1,7,7,2009,193.66
1173,1,0,1,14,2,2004,169.47
1059,0,1,0,10,5,2005,141.15
2877,1,1,1,10,7,2013,363.88
2505,0,0,1,3,2,1980,206.99
2555,0,1,0,14,3,2020,270.48
558,0,1,0,14,6,2014,130.75
3708,1,1,1,8,7,1995,440.6
859,0,1,1,5,3,1990,104.36
2649,1,0,0,5,6,1991,293.32
765,0,1,1,9,10,2008,172.08
2039,1,1,1,11,3,2006,268.95
2815,1,0,0,2,10,2008,377.46
725,0,0,1,15,5,1992,105.31
2425,1,1,0,11,9,2015,362.69
1443,1,0,0,4,7,1989,226.32
1201,1,0,0,4,2,1981,148.13
1370,0,0,1,6,10,2019,237.35
3915,1,1,1,10,8,1984,476.03
2861,0,0,0,5,10,1996,314.48
2264,0,0,0,2,7,1984,235.56
3416,0,0,0,12,9,1991,333.73
1798,1,0,0,10,3,2013,227.96
701,1,0,1,14,3,1981,147.39
3833,0,1,0,11,6,2007,358.92
1301,0,1,0,3,3,1981,113.69
1927,0,1,1,4,6,1991,224.59
3941,0,0,0,15,6,2005,362.78
3663,1,0,1,10,3,2009,388.91
1966,0,0,0,3,3,2005,191.2
1202,0,0,1,14,9,2022,188.56
3537,1,1,1,7,5,2011,425.14
894,0,0,0,13,9,1980,150.73
2278,1,1,1,11,2,1980,259.34
2601,0,0,0,8,10,2006,283.29
3574,1,1,1,7,5,1994,400.2
565,0,1,1,14,9,1991,133.99
3587,1,1,0,4,2,2018,358.25
3803,0,0,1,3,5,1982,331.99
3169,1,0,0,8,9,1981,378.44
3345,1,0,1,9,9,2015,437.59
2741,0,0,1,9,10,2001,338.98
2549,1,0,0,10,4,1993,265.79
3159,0,0,0,4,10,2011,347.4
2860,0,1,0,14,10,2007,355.07
2671,1,0,0,9,6,1985,313.8
1035,0,0,0,10,7,1995,118.57
724,0,1,0,11,7,1988,140.75
2609,0,0,0,3,7,2011,265.21
3357,1,0,1,4,2,2022,364.45
2104,0,1,0,3,3,2008,214.2
3735,0,1,1,2,7,2008,401.8
2915,0,1,0,4,2,2017,256.18
2550,1,1,0,10,5,1989,303.26
3276,0,0,1,4,7,2009,332.57
3871,0,0,0,13,5,2019,355.55
2759,1,0,1,12,4,1992,290.35
2327,1,1,0,7,4,2010,297.97
1974,1,0,1,9,4,1982,248.54
2790,1,1,1,11,9,2008,381.82
1244,1,0,0,9,7,2024,218.54
875,1,0,1,5,5,2013,198.47
2334,0,1,1,2,5,2012,259.69
1123,0,1,0,2,8,1996,173.65
3829,0,0,1,9,2,1980,316.34
3004,1,1,1,10,7,2004,403.98
1783,0,0,0,8,5,1988,182.77
1110,0,1,0,1,9,2022,202.5
3769,1,1,1,2,3,1980,409.75
1449,0,0,1,4,10,2013,231.16
1450,0,1,1,5,4,2004,170.58
3041,0,1,0,11,10,1994,337.56
2135,0,0,0,9,8,2006,237.01
1211,1,1,1,1,9,1985,245.51
2767,1,1,1,7,9,2023,402.54
3247,1,0,1,11,8,2001,389.91
3721,0,1,1,7,10,1992,423.94
1247,1,0,1,13,6,1982,186.39
2783,1,0,0,1,8,1980,317.67
3387,1,0,0,9,5,2001,353.86
2189,1,0,0,14,8,1986,282.03
3198,1,0,1,8,8,1996,369.63
3981,1,1,1,8,3,2009,439.11
3465,0,0,0,12,6,2008,341.2
2739,1,1,0,5,8,2006,359.76
3767,0,1,0,12,5,1992,345.34
1787,1,1,0,3,5,2024,252.53
648,1,1,0,7,9,1980,188.7
1150,0,1,1,4,4,1992,135.76
3979,1,1,1,1,9,1999,492.22
1057,0,0,1,7,6,1999,138.75
2286,1,0,0,2,10,2001,314.76
1760,1,0,0,4,6,1982,242.24
2910,1,0,1,6,7,2018,372.03
1524,0,0,1,15,4,2021,191.27
3050,1,1,0,9,2,2024,346.43
2636,0,1,1,4,2,1981,233.12
2140,0,1,1,7,10,1982,298.92
2234,0,0,1,10,5,1981,234.98
1081,0,0,1,2,2,1994,125.5
790,0,1,1,5,10,2011,184.22
3149,1,0,1,7,7,1993,389.53
979,1,0,0,1,7,1981,179.22
2064,0,0,1,7,3,2002,212.91
3418,0,0,0,15,6,1992,320.86
2696,0,1,1,9,7,2001,313.32
803,0,1,1,5,3,1993,116.82
3343,1,0,0,3,3,1991,319.97
2220,0,1,1,15,4,2020,264.01
789,0,0,1,13,4,1997,119.16
2067,1,1,0,1,4,2021,282.08
809,0,1,1,15,8,2012,156.89
622,0,0,0,2,8,2005,128.78
1169,0,1,1,13,7,2007,188.02
3490,0,1,0,9,4,2001,339.15
1758,1,1,1,3,10,2019,328.93
3293,1,1,1,13,6,2010,417.17
2911,1,0,0,4,6,2010,317.73
963,1,1,0,9,9,2007,211.23
2759,1,1,1,2,5,1997,343.39
2789,0,0,1,9,8,2001,301.58
1663,1,1,0,3,6,2011,253.24
1514,1,1,1,2,5,2011,268.64
1029,0,1,1,6,6,2006,154.27
2873,0,0,0,6,5,1994,265.09
3391,1,0,1,3,6,1982,375.88
1647,0,0,0,6,6,1997,174.26
711,0,0,0,14,8,2006,122.8
1759,1,1,0,4,3,2009,229.62
1293,1,0,0,15,3,2017,197.06
1383,1,1,1,5,7,2020,244.23
961,1,0,1,1,3,2001,175.14
1171,0,0,1,12,10,2000,208.8
3352,0,0,0,14,8,2009,355.55
791,0,0,0,2,6,1986,96.03
2133,1,0,1,5,2,2019,247.89
3332,0,1,0,5,3,2000,314.28
3419,0,1,0,2,4,1989,300
1142,0,1,0,14,9,1996,176.89
3582,0,0,1,12,5,1992,333.8
3073,0,1,1,15,3,2022,324.19
862,0,0,1,4,9,1996,178.31
2325,0,0,1,15,3,2002,212
3046,0,1,1,6,7,1982,341.79
845,1,1,1,15,6,2001,213.01
3460,1,0,0,3,9,2022,402.32
2473,0,1,0,5,4,2023,254.67
1218,0,1,0,12,7,1994,187.76
824,1,1,0,14,8,2001,210.34
2812,0,1,0,12,8,2014,329.28
767,1,1,1,3,9,2009,238.21
1053,0,1,0,8,9,2004,171.81
1468,0,1,1,4,3,1988,154.35
2763,0,1,0,4,4,2020,275.06
2673,0,1,0,4,10,1988,314.98
3027,1,0,0,13,8,1981,358.56
1491,0,0,1,10,7,2016,196.47
2249,0,1,1,14,3,2024,233.61
1444,0,0,1,8,8,1985,203.71
3861,1,1,1,8,10,1988,488.56
3366,0,1,1,15,3,1986,327.44
3953,1,1,0,7,3,1990,382.17
3493,1,0,1,15,8,1993,412.71
3873,0,1,0,3,2,1995,334.68
3635,0,0,1,13,4,1980,305.32
1132,1,1,0,12,10,2004,241.22
3693,0,1,1,6,7,2023,391.88
746,0,0,1,9,9,2010,140.72
3313,0,1,1,13,8,1987,360.92
2422,1,1,0,3,9,2012,333.21
3908,1,0,0,6,10,2001,433.22
2168,0,0,1,2,6,1994,213.33
1337,1,0,1,12,5,1989,200.95
3064,0,1,1,6,9,1984,361.77
2274,1,1,0,15,8,1988,327.67
2557,0,0,1,13,10,2020,334.78
1444,0,1,1,15,10,2001,242.21
570,0,1,0,12,10,2012,150.75
3840,0,0,1,15,10,2016,435.73
1803,0,1,0,2,7,1986,223.5
584,1,1,1,11,10,2021,231.39
2992,1,0,0,10,5,2005,335.78
1715,0,1,0,13,5,2000,210.61
1057,0,1,1,3,5,1983,151.97
3341,1,0,1,13,10,2019,413.98
1338,0,0,1,4,7,2001,183.52
3710,1,1,0,1,9,1999,437.41
1301,0,1,1,13,7,2016,220.35
3141,0,0,0,3,5,2015,284.78
2599,0,0,1,6,10,2020,337.64
3691,0,0,1,3,2,2012,315.01
3544,0,1,1,14,4,1994,330.62
968,0,0,0,15,3,1987,81.3
3630,0,1,0,12,5,2024,373.13
3157,1,1,0,11,8,1989,402.4
2966,0,0,0,10,6,1987,286.04
2457,0,0,1,13,6,1991,265.85
3720,1,0,0,9,8,2005,412.74
2621,1,0,0,12,9,2006,342.33
2135,0,0,0,6,3,2008,197.16
2355,0,0,0,7,4,1995,205.04
2464,1,1,1,13,9,1993,367.23
3445,1,1,1,11,6,1980,393.15
3150,0,1,0,9,9,1989,361.52
3724,1,1,1,15,8,2011,439.39
1984,0,1,1,9,4,1982,203.04
2698,0,0,0,12,4,2009,266.2
1428,1,1,0,13,6,1986,235.16
1332,0,0,1,7,8,1981,196.19
2376,0,0,0,3,4,1992,223.83
1747,1,1,1,6,8,1998,282.87
3302,1,1,1,7,3,2024,374.59
646,0,1,1,2,10,1986,150.24
3609,0,1,1,5,8,1995,386.84
3223,0,0,1,13,3,2021,304.88
2512,0,1,1,14,5,2006,269.16
1388,0,0,1,4,6,1998,183.67
1790,1,1,1,15,9,2016,308.52
2870,1,1,1,12,2,2021,318.62
2943,0,1,0,8,2,1982,236.4
3982,1,1,1,11,4,2009,441.53
3813,1,1,0,10,5,1992,402.36
2003,1,1,1,8,5,2007,301.48
3912,0,1,0,4,2,2015,348.92
1314,1,1,1,13,2,1989,199.8
2013,0,0,1,1,10,2021,274.91
616,1,1,1,15,4,1983,145.54
1341,1,0,0,12,2,2019,182.5
3871,0,0,0,5,8,2021,398.12
2199,0,0,0,1,3,1990,201.02
1111,0,0,0,3,3,2008,101.5
1122,0,0,1,8,9,2000,185.93
3338,1,1,0,15,4,2018,369.11
3341,1,1,0,6,5,2010,399.04
3935,1,1,0,3,3,2007,423.35
3070,1,1,1,1,8,2011,410.74
3487,1,0,0,10,3,2013,352.47
1174,1,1,0,13,10,2009,245.47
3838,1,1,1,8,10,2017,488.66
711,1,1,1,7,4,1986,173.04
2205,0,1,1,2,3,1989,238.2
2366,1,0,0,1,7,2010,312.72
3094,1,1,0,14,8,1980,388.95
2027,1,1,1,1,9,1997,343.02
2862,1,1,0,1,7,1985,342.38
2173,1,1,1,11,6,1983,285.76
2575,0,1,1,4,5,1983,257.79
3875,0,0,1,13,10,1989,394.08
2171,0,1,0,3,3,1995,197.41
2331,0,0,0,14,6,1982,227.29
1671,0,0,0,2,8,1989,187.28
804,0,0,0,15,4,1987,85.24
891,0,1,1,2,4,1994,118.95
2385,0,1,0,14,4,1984,227.2
1727,1,0,0,14,2,2004,196.32
1013,1,0,0,3,9,1989,210.27
2273,0,1,0,6,8,1988,251.72
1879,1,0,1,10,4,2018,261.33
3392,0,0,0,6,6,1981,318.02
787,0,1,1,1,5,2000,144.33
2948,1,0,0,13,9,2006,371.27
1229,1,0,0,15,3,1986,156.11
1836,0,0,1,7,6,2020,209.65
3290,1,0,0,6,2,1996,316.49
3470,1,1,0,4,7,1997,389.71
2156,1,1,1,15,7,2014,310.78
3867,0,1,0,11,3,1989,340.29
3804,0,0,1,8,7,2000,381.01
1388,1,0,0,4,4,2007,193.19
2117,0,0,1,11,9,1993,255.17
2122,0,0,1,13,9,2010,256.48
2135,0,0,0,4,7,2016,219.06
3286,1,1,1,13,5,2010,409.46
1488,0,0,0,8,5,1995,153.75
2065,1,1,0,10,9,2011,303.6
3598,0,1,0,5,6,1980,333.92
626,0,1,0,6,6,2017,115.9
1883,1,0,1,10,4,1992,233.92
2279,1,0,1,5,10,1991,339.68
926,0,1,1,4,7,1991,153.8
2669,0,0,1,7,4,2005,266.35
3182,1,0,0,1,4,2006,352.85
1441,0,0,0,9,4,2011,159.16
618,1,1,1,4,8,2022,228.26
874,0,1,0,1,2,1995,81.15
2609,1,0,0,9,2,2014,292.3
2472,1,1,1,8,4,2005,314.01
3038,0,0,1,14,2,2021,282.44
1689,1,1,0,15,4,2012,253.47
2138,1,1,0,9,10,1991,328.08
2941,0,1,1,1,5,2006,323.74
1059,1,0,1,13,3,1980,175.68
1495,0,0,0,10,5,1984,162.25
3942,0,0,1,6,2,1997,344.47
2182,1,0,1,5,3,1985,250.96
2838,0,0,1,5,5,1988,284.35
3820,0,1,1,6,3,1998,373.04
3169,1,1,0,10,8,2000,382.03
3396,1,1,0,4,2,2010,345.96
960,0,0,0,8,4,2000,105.63
2532,1,0,0,14,5,2013,291.92
3744,1,0,1,1,10,1983,428.55
1139,1,0,1,12,6,2017,230.78
1835,0,0,0,14,8,2003,218.93
3424,1,0,1,3,6,1982,388.87
2966,1,1,1,2,3,2002,323.74
2995,1,0,0,6,9,2014,391.62
3898,0,0,0,1,2,1984,329.36
3783,0,1,0,6,5,2023,383.14
2811,0,0,1,6,2,2022,258.03
985,0,1,0,8,5,2012,151
1539,0,1,1,15,7,1998,234.24
1733,0,0,0,12,3,2018,149.53
1270,0,0,1,11,7,1981,157.06
2192,0,1,1,15,3,2016,239.62
2173,1,1,1,1,6,1994,296.84
1873,1,1,1,15,7,1987,275.75
1532,1,1,0,5,4,1986,194.42
1339,0,1,1,9,4,1983,158.44
1472,1,0,0,1,2,1980,177.77
2816,0,1,0,10,10,1985,344.09
3818,1,1,1,4,8,2021,466.05
2879,1,0,0,14,9,2017,346.32
3873,1,1,0,8,4,1985,404.15
1020,0,0,1,3,7,2019,173.14
1858,1,0,1,6,10,1984,310.39
1885,0,1,0,2,6,1992,211.04
616,0,1,1,1,8,2017,152.13
542,0,0,1,10,4,1994,66.24
3019,1,1,0,4,8,2005,390.73
3155,1,1,1,9,2,2023,373.06
2145,1,1,0,5,5,1991,271.57
2489,0,1,1,14,6,2005,265.52
1430,1,0,0,5,3,2014,195
2661,0,1,1,5,6,2019,308.26
3268,1,1,1,13,4,2014,376.33
1339,0,1,1,1,7,2017,206.8
1606,1,0,0,12,2,2010,192.1
3804,1,0,0,10,9,1980,403.96
2363,0,1,0,13,7,1981,260.36
599,0,0,1,2,3,1988,82.41
1099,1,0,1,2,9,2010,233.15
1614,0,0,1,3,3,1991,176.27
1716,1,1,1,3,6,1984,276.26
2705,1,0,0,3,4,1992,290.55
3662,1,1,0,3,4,2011,412.41
3948,1,0,0,5,6,2005,397.85
3496,1,0,1,7,8,1999,423.38
3424,0,0,0,15,5,1984,323
2574,1,0,1,10,6,1999,334.45
3455,0,1,0,9,3,1995,312.8
2858,1,0,1,7,5,2002,329.75
3560,0,0,0,9,5,2005,313.25
3400,1,0,1,1,8,2007,390.34
3821,0,1,0,2,4,1995,364.91
609,0,0,0,8,5,2024,80.98
2008,1,1,1,1,3,2023,291.93
2299,0,1,1,9,3,2022,229.72
2947,1,1,0,6,6,2023,360.15
3462,1,1,0,15,6,2004,411.28
3609,1,1,1,10,9,2005,467.13
799,0,1,0,13,4,1984,103.49
1217,0,0,0,15,5,1994,129.55
807,0,1,1,11,3,1995,134.34
3503,0,1,0,13,4,1988,302.13
2838,0,0,1,5,9,1993,323.09
1699,0,0,0,12,7,2016,212.25
3263,0,1,0,11,3,2004,291.16
3429,1,1,0,15,4,2021,382.96
2192,0,1,1,10,5,2000,242.4
3018,1,1,1,13,6,1982,374.99
1575,1,0,0,14,3,1988,180.47
2294,0,0,1,1,4,2023,249.08
3851,0,0,0,7,5,1980,315.85
943,1,1,0,11,7,1984,193.93
3022,1,1,1,1,3,2020,335.92
3967,0,1,1,3,8,2010,428.95
2847,0,0,0,3,7,1999,265.49
2059,1,0,0,2,7,2011,291.7
1636,1,0,0,1,8,2006,235.37
1238,0,0,1,10,3,1982,118.57
3228,0,0,0,10,7,1999,297.44
718,1,0,1,14,3,2003,155.63
3344,0,0,1,6,8,2013,359.52
3580,1,1,1,2,2,1980,363.48
2565,1,0,1,1,4,2008,294.87
3449,1,1,0,3,2,2020,378.15
1874,0,0,0,4,6,1985,201.55
1434,0,0,0,5,6,2018,189.31
1798,1,1,1,1,8,2014,322.48
2767,0,0,0,15,2,2021,258.03
2002,1,0,1,3,2,1988,235.61
3542,0,1,0,6,5,2024,361.84
816,0,0,0,9,4,2022,102.7
3074,0,1,1,13,9,2013,347.58
535,1,0,1,7,2,2001,96.6
2264,0,0,0,4,5,1991,204.19
2303,1,0,0,4,6,1984,292.74
2328,0,0,1,5,8,1999,277.38
3373,1,1,1,2,9,2018,437.1
1253,0,0,0,14,7,2013,174.71
3055,0,0,1,3,7,2022,325.95
927,0,0,1,7,5,1985,138.88
754,1,0,0,6,3,2020,144.59
1771,1,0,0,14,7,1988,238.54
2862,0,1,1,4,6,1989,287.2
3912,0,1,0,1,3,1999,362.9
1748,0,0,0,8,3,2007,141.87
596,0,1,0,6,3,1995,98.41
3125,0,1,0,1,2,2003,292.44
3956,0,0,1,9,9,1982,417.82
3373,1,1,1,3,7,1990,423.74
3451,0,0,1,5,9,2016,360.94
2910,1,0,0,14,9,2015,376.42
2275,0,1,1,6,5,2024,269.01
2189,1,0,0,8,8,2001,283.28
3815,1,0,1,10,9,1993,439.25
3506,1,1,1,1,3,1996,368.65
2697,1,0,1,4,4,2008,322.89
1845,0,1,0,10,7,1993,214.61
3998,1,0,1,15,6,1985,423.61
3230,0,0,0,13,9,2022,357.57
969,0,1,1,3,9,1997,188.87
633,0,1,0,1,4,2024,97.53
3910,1,0,1,8,10,1995,470.44
3082,0,0,0,2,6,2003,308.15
1635,1,0,0,1,6,1987,207.56
1708,0,1,1,5,2,2024,209.95
3363,1,1,0,10,9,2000,429.88
1269,1,1,1,12,4,1983,223.34
2279,1,1,1,10,8,2011,334.81
3989,1,1,0,1,10,2014,492.71
2248,0,1,0,5,5,1980,233.96
1966,1,1,0,9,7,2012,303.91
2539,1,0,0,9,2,1993,246.65
2931,0,0,0,8,4,1990,266.06
661,1,1,1,13,2,2019,145.62
3066,0,0,0,3,7,1999,296.74
3028,1,0,1,11,9,1991,386.67
2509,1,1,0,5,2,1996,262.19
3377,0,0,0,14,6,1980,292.91
3100,0,1,0,6,9,2013,340.1
981,0,0,1,2,3,1980,114.75
2572,1,1,1,14,4,1995,306.11
508,0,0,0,12,10,2002,109.2
3239,0,1,1,11,9,1983,356.83
1908,0,1,1,1,2,1994,190.67
753,1,1,0,13,2,2008,126.42
2329,1,1,1,11,2,1980,287.26
608,1,1,0,11,3,1995,125.74
1525,0,1,0,4,4,2019,192.41
2967,0,1,0,2,5,1985,275.99
3455,0,1,0,15,8,2000,349.41
3707,0,1,0,14,4,2006,354.01
707,1,1,0,10,6,1989,187.09
2577,0,1,0,2,4,1999,267.33
642,0,1,0,6,7,2017,141.7
847,0,1,0,7,2,2023,108.84
3142,0,0,1,15,3,2024,313.61
1359,0,1,1,1,7,1981,195.54
1840,1,1,0,14,7,1989,252.07
1281,0,0,0,7,3,2016,142.54
3097,0,0,1,10,6,2018,302.82
2898,0,1,0,6,2,1983,247.18
3883,0,0,1,2,8,1995,380.85
1808,1,1,1,15,10,1997,331.27
3461,0,0,1,14,6,2017,365.75
3573,0,0,0,13,6,2005,348.67
1103,1,0,0,4,9,1996,221.86
1074,1,1,0,5,2,2023,168.98
953,1,0,0,12,6,1988,174.5
3398,1,1,1,5,4,1988,391.06
3134,0,0,0,9,8,2020,324.38
3380,0,0,1,5,10,2006,382.69
1453,0,0,0,13,8,1991,168.74
2166,0,0,0,15,6,2012,227.72
2486,0,0,0,4,5,2017,248.94
3943,0,1,0,11,8,1992,412.21
778,0,0,1,11,2,2017,109.5
1047,0,1,0,2,6,2004,157.39
3204,0,1,1,11,7,1998,358.63
923,1,1,0,15,3,1984,134.41
2749,1,1,1,7,7,1980,359.57
3369,0,0,1,8,10,2003,362.58
689,0,0,0,12,6,2001,111.03
3819,0,1,0,14,6,2010,383.15
3532,1,1,1,1,3,2012,410.54
2150,1,1,1,8,5,2014,298.86
651,0,0,1,11,8,1983,107.69
3001,0,1,1,2,2,1987,272.14
2069,0,1,1,14,10,2013,301.79
1214,0,0,1,5,3,1995,114.06
3738,1,1,1,3,5,2012,436.88
2587,0,0,1,11,2,2024,244.19
3845,0,0,0,3,5,2013,344.7
2079,1,1,0,4,9,1980,311.24
3002,0,1,0,12,5,2000,310.57
2642,0,0,1,11,10,1997,317.65
691,1,1,0,11,3,2002,127.81
2589,1,1,0,6,5,2012,318.43
3539,0,0,0,10,9,2020,390.06
867,0,1,0,11,6,2014,154.6
2488,0,1,1,15,4,1994,274.77
1134,0,0,1,12,5,1990,144.22
1830,1,1,0,15,2,2009,218.87
1687,0,0,0,9,7,2024,212.98
2813,1,1,1,6,4,2000,346.29
2083,0,1,0,6,4,2008,220.49
1676,0,0,1,1,3,1984,139.14
2428,0,1,0,4,10,2004,306.18
672,0,0,0,11,9,1986,106.6
3697,0,0,0,8,5,1990,346.9
3811,1,0,1,10,9,2024,463.46
648,1,0,0,14,7,1980,133.2
2038,1,0,0,3,9,2015,303.34
1652,0,1,1,2,5,1996,206.67
630,0,0,0,8,3,2020,94.45
2994,0,0,1,15,2,1982,236.98
2113,0,0,1,7,2,2011,192.58
870,0,1,0,12,4,1981,114.37
1522,0,1,1,1,9,1997,249.57
3077,0,1,0,13,5,1991,295.96
3567,1,1,1,10,5,2013,422.66
3307,0,1,1,2,8,2017,361.45
2088,0,1,0,7,8,1996,260.77
1523,0,1,1,13,6,1998,210.7
1628,1,0,1,10,9,2014,273.73
3909,0,1,0,9,6,2023,400.14
3428,1,0,1,6,6,2016,378.42
3964,0,0,0,8,9,1980,378.77
1673,0,0,0,8,4,1991,150.46
624,0,1,0,5,2,2023,87.84
2284,0,0,1,7,4,2017,242.07
1103,1,1,0,10,5,1992,194.77
2913,1,0,0,12,4,1988,290.36
1341,0,1,1,10,6,1995,199.63
2210,0,0,0,11,3,2022,203.01
3394,0,1,0,7,10,1988,380.51
586,0,1,0,13,6,2009,133.54
1560,0,0,0,13,9,2012,194.49
3068,1,0,0,6,5,2002,315.47
3376,1,1,0,1,9,2006,422.29
2556,1,1,1,3,7,2005,369.04
2516,1,0,0,15,4,2017,290.86
1083,0,1,1,5,6,2020,167.06
3589,0,0,1,10,4,2001,345.9
3986,1,1,0,15,8,1986,465.19
2838,1,1,0,3,7,1998,369.48
564,0,1,0,4,10,1994,145.83
675,1,0,0,4,10,2006,174.91
1406,0,1,0,5,2,1989,152.16
708,0,0,0,15,8,2017,143.91
2937,0,1,1,13,9,2022,368.39
1211,0,0,1,5,6,1984,142.22
3095,0,1,1,6,6,1993,313.2
1191,0,0,1,6,8,1989,176.96
3818,0,0,0,12,6,1994,358.03
1924,0,0,1,5,3,2011,209.91
3487,1,1,0,2,5,1999,397.35
1474,0,0,0,1,6,2010,182.13
703,1,0,0,1,6,1994,140.62
2264,1,1,1,3,9,1995,327.34
922,0,1,1,7,10,2013,186.89
3835,1,0,0,8,9,1991,439.96
1870,0,0,0,5,8,2005,223.4
1397,1,1,1,1,5,1984,245.21
3291,0,1,0,12,4,1993,320.33
3678,1,1,1,4,6,2023,438.99
2459,0,1,1,2,7,1988,291.47
2579,1,1,0,14,9,1992,330.31
631,1,0,0,11,4,2012,122.15
3883,1,1,1,14,3,2003,429.31
3864,1,0,1,7,6,2016,437.48
1468,0,1,1,7,10,1994,246.32
3727,0,0,1,11,10,2010,423.37
1562,1,1,0,6,8,1985,238.07
1144,1,1,0,7,2,2003,170.7
1417,1,1,1,8,3,2020,215.07
1227,0,1,0,4,9,1986,185.49
3973,0,1,1,3,10,1982,430.91
1818,0,1,0,3,6,2022,206.45
3171,0,0,0,3,4,2007,296.45
2978,0,1,0,1,5,1992,278.61
1382,1,1,0,13,6,1990,208.93
1179,1,0,0,1,7,2015,203.6
2108,1,1,1,4,8,1996,333.21
3798,0,0,1,13,6,2016,377.09
3853,0,1,0,5,5,2012,355.47
3911,0,1,0,4,3,2013,338.04
1636,1,1,0,15,4,1985,225.95
3956,1,1,0,5,6,2024,432.97
3114,0,0,0,9,3,1998,256.16
3751,1,0,1,7,8,2008,455.04
565,0,0,1,1,9,2023,145.2
3104,0,0,0,2,2,1990,243.25
3526,0,0,1,5,6,2019,364.24
2177,0,1,1,13,8,2009,283.91
3092,1,1,0,9,7,1983,365.38
2723,0,0,1,6,9,2019,301.08
2357,0,1,0,11,4,2004,255.37
3924,1,1,0,4,8,1989,458.37
871,1,0,1,12,7,2013,189.89
3622,1,1,1,10,7,2008,428.85
3858,1,0,0,3,5,1993,398.2
2116,1,1,1,12,6,2016,302.3
3177,1,1,1,12,10,2001,411.05
1478,1,0,1,15,3,2022,215
1227,1,1,1,5,9,2016,250.67
1569,0,0,0,4,3,2007,146.21
1038,0,1,1,4,8,2007,179.88
703,0,1,1,14,2,1986,88.53
1030,0,0,0,4,6,2003,144.11
3473,1,0,1,11,8,2005,428.06
1612,0,1,0,8,3,1998,158.13
1019,1,0,1,10,5,1987,175.91
3684,0,0,0,10,10,1998,368.82
722,1,1,0,5,5,1988,163.25
3646,1,1,0,7,2,1997,362.67
2437,1,1,1,14,7,2018,358.03
1753,1,1,1,12,2,1981,216.29
1958,1,0,0,2,7,1987,269.36
1720,0,0,1,5,6,2024,212.27
3048,1,1,0,13,5,2019,351.74
2058,0,0,1,13,2,2010,176.42
612,0,1,0,11,10,2019,162.88
1570,1,1,1,12,2,1983,206.17
2444,1,1,0,4,8,1988,307.19
1239,1,0,1,5,4,1980,182.62
2843,1,0,1,14,3,2000,310.87
2718,1,1,0,7,2,1994,292.16
3609,1,1,1,13,4,2016,398.68
3024,0,0,1,6,3,2009,267.19
2743,1,1,0,11,4,1981,307.3
3997,0,1,0,2,5,2007,374.29
1207,1,1,1,7,2,2024,201.59
1431,1,1,1,13,5,1991,225.91
687,0,0,0,7,7,1986,91.87
878,1,1,0,6,2,1986,128.53
3923,0,0,1,4,4,1998,357.14
3728,0,0,1,2,3,1988,332.48
683,0,1,1,1,6,2015,152.26
3987,1,0,0,10,9,2016,456.28
696,1,0,1,14,4,1985,142.78
3718,1,0,1,5,8,1984,404.23
1996,1,1,0,1,4,1983,235.51
2954,0,1,1,5,6,1983,297.48
770,0,0,1,6,5,2010,110.98
1150,1,1,0,11,2,2007,186.55
2740,0,1,1,14,10,1995,339.88
2242,0,1,1,5,6,1982,263.6
1790,1,1,1,12,3,2023,263.07
2870,1,1,0,1,10,2006,375.98
2851,0,1,0,3,8,1988,315.88
3477,1,0,1,14,2,2022,359.51
3081,0,1,1,12,3,1999,288.34
1793,0,0,1,10,6,1995,222.23
1069,0,1,0,6,3,1983,104.3
553,0,0,1,1,4,1999,76.85
3384,0,0,1,11,8,2019,373.22
2915,1,1,0,1,2,1985,294.86
3381,0,0,0,4,8,2021,337.8
1587,1,1,0,2,9,1988,282.77
1339,1,1,1,4,6,1990,239.93
3194,0,0,1,5,6,1982,299.93
1427,0,1,1,10,8,1995,205.93
2896,1,1,0,3,4,2007,350.14
1675,0,0,1,11,2,2013,150.7
1944,0,0,0,1,3,2019,176.16
3884,0,1,0,6,4,1983,350.86
577,0,0,0,2,9,1985,131.58
3184,1,1,1,4,2,2008,367.73
3802,0,1,0,14,10,2004,408.67
2794,1,1,1,1,6,1993,336.08
2067,1,1,1,1,3,2016,271.75
3911,1,1,1,1,4,2024,423.04
1062,1,1,1,5,2,1998,162.63
3115,0,0,0,1,4,2005,290.85
1230,1,0,1,10,2,2007,183.73
513,1,1,0,14,10,2015,198.68
1055,0,1,0,11,3,1984,129.95
1937,0,1,0,11,3,1989,198.12
3819,1,0,0,4,2,2000,365.56
2344,1,0,1,12,3,1994,274.67
527,0,1,0,14,3,2024,82.05
3509,1,1,1,2,7,2024,430.69
3795,1,0,1,7,8,2024,434.25
1594,1,1,0,9,6,1988,235.75
2937,1,1,1,11,2,1991,308.38
1373,0,1,1,1,8,2008,204.39
897,1,1,0,12,6,2017,205.48
1535,1,0,1,2,8,2009,278.1
3973,0,1,1,3,6,1986,377.34
1828,0,1,0,6,7,2002,239.2
3859,1,1,0,7,3,2019,421.31
2627,1,0,1,2,10,2008,376.47
541,0,1,1,15,10,2013,191.6
1229,1,1,1,7,3,2024,216.31
2478,0,0,1,2,7,1999,261.89
2011,0,0,0,15,10,2000,265.73
2585,1,1,0,13,5,2017,331.45
3865,1,1,1,13,3,2012,420.57
3314,1,1,0,12,2,1999,348.95
1294,0,0,0,5,3,1992,118.82
1232,1,0,0,1,7,2011,192.44
2457,1,0,0,3,4,2016,283.72
750,1,1,0,14,10,2002,222.13
3927,0,0,1,7,2,2008,345.48
1271,1,1,0,11,2,2016,173.67
3635,0,1,0,8,7,2012,360.68
3205,0,1,0,4,9,2001,363.3
3720,0,0,1,8,7,1981,357.58
1748,1,0,1,10,5,2001,234.07
1311,0,0,1,1,4,1986,134.8
1184,1,1,0,5,2,2010,184.7
931,1,1,1,2,5,2003,192.98
1380,1,0,1,4,3,2022,219.19
2257,1,1,0,4,5,2011,307.01
3955,0,0,1,4,6,2005,372.01
2588,0,0,1,11,6,1994,278.1
933,1,0,1,9,9,1991,213.06
3997,1,1,1,2,8,2004,492.04
3121,1,1,0,9,6,2018,389.32
1987,0,0,0,3,3,2016,189.29
1622,0,0,1,10,7,2013,195.24
2083,0,0,1,11,10,1986,243.64
2631,0,0,1,7,3,1998,256.72
2859,0,0,0,10,2,2019,254.24
3646,0,1,1,12,5,1990,366.23
3522,0,0,1,6,7,1994,366.31
1315,0,1,0,5,7,2004,165.2
1057,0,0,0,11,6,2017,139.83
1702,0,0,1,3,3,2012,156.84
730,1,0,0,8,10,2005,188.78
1142,0,1,0,1,4,2022,159.59
2828,0,0,1,2,9,2019,318.54
1169,0,0,1,3,3,1983,116.77
933,0,1,1,11,7,2021,174.94
1233,1,0,1,15,6,2004,230.65
3724,1,0,1,9,9,1981,443.25
537,1,1,1,7,2,2002,138.49
3928,0,0,1,15,6,2019,392.76
2260,0,1,1,3,9,1996,297.82
3392,1,1,1,10,6,2004,387.78
1651,1,1,1,13,8,1985,285.06
3901,1,0,1,7,8,1984,448.54
1630,1,0,1,4,4,1996,238.71
3269,0,1,0,2,8,1984,346.66
1153,1,1,1,14,6,2010,217.71
1105,1,0,0,11,7,2021,195.94
943,1,0,1,6,8,2000,224.69
553,0,0,1,4,9,1992,142.9
2765,1,1,1,14,9,2018,382.93
2337,1,1,0,12,3,2009,284.21
3915,0,1,0,3,5,2010,366
2616,1,1,1,11,2,2023,324.17
2679,1,1,1,9,2,2009,312.14
726,0,0,1,8,4,1987,97.11
2673,0,1,0,14,2,2022,256.38
1733,0,0,1,15,7,2000,219.52
942,0,0,1,11,8,2004,142.93
2330,1,1,1,14,7,1991,304.82
3717,1,0,0,14,3,2008,357.41
2427,1,1,0,14,3,2020,281.42
3418,0,1,1,11,5,2018,344.06
1600,0,1,0,2,8,1995,210.94
584,1,0,1,6,2,2020,112.15
2760,0,0,1,10,10,2017,338.18
1545,1,1,1,13,9,1985,286.08
2106,0,0,1,6,8,2000,251.04
2962,0,1,0,9,8,1992,308.15
2277,1,0,0,11,9,1982,294.35
2665,1,1,1,7,8,2012,370.04
1461,0,1,0,13,6,1992,194
1998,1,1,0,13,5,1993,251.68
2050,0,1,1,9,5,2017,241.71
1416,1,1,0,14,8,2014,256.15
2696,1,0,1,9,5,2003,301.78
1875,0,1,1,2,5,2002,222.95
1486,0,1,1,11,3,2002,190.64
654,1,1,0,3,8,1988,167.97
2317,1,0,1,15,10,2005,348.08
969,1,1,0,12,5,1997,189.58
3436,0,1,0,7,2,2019,306.88
1490,0,0,0,11,8,1982,190.6
1482,0,1,0,8,6,1990,166.49
974,0,0,0,2,4,2018,126.65
896,0,1,1,14,8,1981,147.55
1175,1,0,0,2,4,1993,150.51
3103,0,1,1,15,10,1983,381.43
3829,1,1,1,8,8,2020,474.56
3050,1,0,0,11,9,2024,375.53
1745,0,0,1,10,9,1992,242.87
2313,0,1,0,5,2,1999,203.07
2686,1,1,1,9,6,1982,330.27
3314,1,0,0,11,7,2005,369.44
1195,1,0,0,8,3,2010,178.08
3782,0,0,0,10,8,1992,379.36
3678,0,0,1,5,3,1994,334.37
2354,1,1,1,12,9,1985,331.85
2382,0,1,1,3,9,2007,290.24
2834,0,1,1,3,10,2013,339.32
2824,1,1,1,1,7,2024,371.7
1218,0,0,0,11,6,2005,137.12
3055,1,0,0,9,5,2015,355.68
3257,0,0,0,5,8,2022,351.26
1916,1,1,0,7,2,2020,248.14
2260,0,0,0,5,10,2015,265.01
2918,1,1,1,7,5,2015,356.81
1495,0,0,1,5,7,2014,215.16
687,0,1,1,10,2,1989,88.92
1828,0,0,0,3,4,1983,148.97
3391,0,0,1,15,3,2012,328.73
1336,1,0,1,7,5,1998,193.48
3896,0,0,0,1,8,2004,372.45
615,0,0,1,14,9,2011,158.46
1600,0,1,0,8,7,2016,208.63
2842,1,0,1,7,4,1989,312.38
3243,1,1,1,10,10,1986,411.93
2878,1,1,0,13,8,1999,375.12
817,1,0,0,14,5,1998,154.31
661,0,0,1,9,6,1982,94.07
1749,0,0,0,2,8,2006,212.58
802,0,1,0,3,9,2016,188.69
3767,1,0,1,12,5,1987,407.12
3455,1,0,1,13,2,1995,361.84
3301,0,1,0,4,3,1994,280.28
2745,0,0,1,11,3,2017,245.39
2818,0,1,1,7,9,1986,349.98
3973,1,1,0,12,4,2012,426.34
3273,0,1,0,13,7,2021,329.99
988,1,0,0,11,3,2001,132.53
834,1,0,0,11,6,1991,168.84
1721,1,0,1,10,5,1998,228.07
3076,1,1,0,1,2,1984,331.2
3388,1,0,1,5,6,1997,395.65
1522,0,1,0,5,6,2009,208.3
532,1,1,0,4,5,2013,154.05
3123,1,1,1,2,10,1987,397.08
1144,0,1,0,15,7,1989,163.84
3834,0,0,1,11,8,1994,376.97
1032,1,0,1,6,4,1993,168.91
3985,0,1,1,9,2,1991,346.81
1786,1,0,1,2,5,1996,243.27
2946,1,1,1,4,4,1985,332.19
3085,0,0,0,2,10,2011,319.97
3761,1,1,1,13,5,2012,423.61
2946,0,0,0,3,7,1982,279.92
887,0,1,1,2,3,2018,146.65
3108,0,1,0,15,4,1993,277.62
1097,0,0,1,9,4,1997,134.23
3429,1,1,1,6,3,1998,356.54
3887,1,0,0,13,10,2009,461.76
3737,1,0,0,13,6,2014,417.04
3046,1,0,1,5,5,2004,355.55
1271,0,1,0,2,5,2014,147.67
868,1,1,0,14,8,2013,197.12
3533,1,0,1,15,7,1999,414.75
1518,0,1,1,14,7,2023,245.13
2781,0,0,0,6,6,2020,299.13
2796,1,1,0,3,5,1996,333.26
1377,1,0,0,8,2,1992,179.64
2264,0,0,1,7,4,1995,220.73
713,1,0,0,13,8,1986,158.83
1914,0,0,0,6,7,2015,206.09
2630,0,0,0,12,4,2017,237.28
1290,1,1,1,1,7,2005,248.31
3287,0,1,0,6,7,2016,355.36
2799,0,1,1,2,5,1998,314.74
3474,1,1,1,6,2,2010,382.61
2321,0,1,0,1,4,2021,226.63
3453,1,0,0,14,9,1996,383.38
2745,1,0,1,3,2,2010,283.26
1719,1,0,0,5,10,1997,292.37
3135,1,1,0,8,8,2008,374.2
3899,0,0,1,5,3,2007,351.05
511,1,1,0,12,10,2005,191.87
3949,1,1,0,9,2,1991,397.73
1000,1,0,1,8,3,1992,139.87
610,0,1,1,12,4,1985,110.45
1168,1,0,0,9,3,1995,139.93
1734,1,0,0,13,7,1986,252.38
3215,1,1,0,15,3,2000,336.94
2830,1,0,1,7,9,1980,353.04
1710,0,1,0,5,9,1995,247.91
1578,0,1,0,7,6,1990,180.98
3387,1,1,0,10,9,1988,394.35
2066,0,1,1,15,9,1982,249.86
3980,0,0,1,3,2,1986,351.3
3131,0,1,0,13,4,2018,290.32
2727,0,1,1,11,9,1988,338.3
3986,1,0,1,10,5,2004,432.62
3266,0,0,0,13,10,1980,331.08
2580,0,1,0,4,9,2022,323.08
1893,0,1,0,11,7,1985,220.49
3823,1,0,0,2,3,2012,393.22
3329,1,0,1,1,6,2002,396.17
2729,1,1,0,7,7,2015,361.77
3527,0,0,1,2,4,1990,321.87
768,0,1,0,12,8,2012,171.07
2080,1,0,1,1,2,2018,249.02
3965,1,0,1,1,2,2016,391.09
2863,0,0,0,9,2,2001,235.13
1667,1,0,1,8,2,2010,201.01
1423,1,1,1,10,6,2013,270.34
3807,1,1,0,6,7,2002,438.39
2298,0,1,0,15,9,2022,285.4
657,1,0,1,9,3,2001,135.5
506,1,0,0,10,10,2009,179.7
1439,0,0,1,3,3,2023,145.96
2364,1,1,0,11,8,2017,335.75
3818,1,0,1,5,8,1985,419.29
1653,0,0,0,4,10,1997,202.38
3323,1,0,1,14,8,2010,398.01
3397,0,1,0,10,5,1995,317.72
704,1,1,1,7,9,2007,240.73
593,1,1,0,10,9,1985,203.66
1147,1,0,0,3,2,2008,168.43
534,1,1,1,7,8,1992,203.17
2714,0,0,0,10,10,2020,296.6
2737,0,1,1,1,4,1983,260.14
2998,0,1,0,8,10,2005,367
3381,0,1,1,6,2,1996,297.2
2112,0,1,1,4,7,2013,248.1
2610,0,1,1,15,8,2004,327.6
2414,0,1,1,1,8,1996,290.82
3818,1,0,1,7,8,2004,428.99
1909,0,1,1,13,5,1989,214.62
2713,0,1,0,4,7,1991,304
2782,1,1,1,5,6,2022,354.42
2798,1,1,0,6,3,1996,308.61
2637,1,0,0,3,8,2012,342.09
1525,0,0,0,4,4,2000,132.01
1675,1,0,1,9,8,1982,261.7
2372,1,1,1,14,5,2012,312.15
2691,0,1,0,14,4,2010,275.68
2557,1,0,1,1,4,2005,318.22
1313,0,1,0,4,3,2008,143.78
3795,0,0,0,8,2,2011,311.9
2936,0,0,1,4,9,2011,328.2
3052,1,1,1,10,3,2000,343.2
3053,1,0,1,1,10,2002,384.37
787,0,1,0,15,3,2007,90.95
1986,1,1,1,11,7,1988,280.32
1545,0,1,1,6,7,1989,216.47
3717,0,0,0,14,6,2022,340.61
2893,1,0,1,5,8,2022,381.83
2586,0,0,1,14,6,2022,267.6
1796,1,1,1,7,8,1997,306.23
3014,0,1,1,6,9,2005,362.14
1309,0,1,1,12,4,2019,159.89
2021,1,1,0,14,8,2019,290.43
1983,1,0,1,5,4,2022,261.88
1861,0,1,0,12,6,2017,217.52
1295,1,1,0,9,8,1989,224.11
2630,0,0,0,10,10,2004,313.46
1591,1,0,0,8,5,1990,227.55
2656,1,0,1,15,5,2020,335.07
2569,1,1,1,4,3,1997,308.81
1229,1,0,0,13,7,1992,217.96
1099,1,1,0,4,6,2017,197.03
2990,0,1,1,7,8,2021,365.67
3141,0,0,0,9,6,2001,296.89
3105,1,0,0,2,7,2007,355.3
2258,1,0,1,7,3,2000,271.68
3903,1,0,1,6,2,2024,399.29
1201,1,0,0,8,10,2008,222.67
1409,1,1,1,14,2,2010,194.22
3570,0,1,0,6,9,2018,398.14
2819,0,0,0,13,4,1986,254.7
3352,0,1,0,9,3,2014,295.69
1990,1,0,1,4,4,2008,264.94
3869,0,0,1,15,10,1993,391.01
3209,1,0,1,2,8,1994,385.68
2721,1,1,0,5,8,1990,335.9
3685,1,1,1,1,7,2021,465.76
2882,1,0,1,7,7,1981,330.33
1220,1,1,0,2,10,1989,261.56
2516,1,1,1,5,10,1980,358.55
3671,0,1,0,9,6,1994,348.79
878,0,0,0,4,6,2004,109.6
2918,1,1,0,9,9,2002,365.45
1454,1,0,1,12,3,2000,214.73
1733,0,0,1,13,10,1998,249.94
3576,1,0,1,6,2,2021,362.3
3713,0,0,0,8,8,1992,369.51
3254,1,1,0,5,5,2015,376.6
1949,1,0,0,14,3,1986,231.37
3416,1,0,0,4,3,2001,321.44
2328,1,1,0,13,9,2010,328.47
780,1,0,1,9,2,1995,128.25
2856,0,1,0,1,4,1989,258.84
3068,0,0,1,12,5,1983,285.84
2841,1,0,0,15,3,2018,299.18
2720,0,0,1,15,7,2000,278.46
3875,1,1,0,10,8,2004,459.38
1720,1,0,1,14,7,1998,247.6
2224,1,1,1,11,7,2012,324.76
2621,1,0,0,6,4,2009,292.92
2901,1,0,0,13,9,2005,364.77
2149,0,1,1,12,3,2002,231.77
1881,1,0,0,4,3,2021,216.26
1838,0,1,0,3,9,2016,243.75
1068,1,0,1,9,4,2022,208.31
3803,0,1,1,6,7,2014,411.47
1736,1,0,0,2,10,2009,299.16
3828,1,0,1,14,8,2010,432.66
2206,1,0,1,1,2,2013,269.37
3162,0,0,0,14,8,1995,336.9
1502,1,1,1,14,8,1987,261.37
3577,1,1,1,8,7,2008,430.27
3733,1,0,1,7,10,2024,450.83
2057,1,0,0,4,8,1993,277.69
1011,1,1,0,5,9,1991,238.38
2128,0,0,0,3,8,2011,231.28
2896,1,0,0,5,8,1999,334.89
1130,1,1,1,5,5,2018,232.24
2652,1,1,1,4,6,1982,330.38
3033,1,0,1,10,4,1980,337.67
2045,1,0,1,6,8,1996,302.95
665,0,1,1,7,3,1991,81.71
3239,0,1,1,5,2,1987,313.1
3362,0,0,0,2,4,1980,277.53
3018,0,1,0,15,5,2010,290.55
953,1,0,1,2,7,1992,182.35
1928,1,1,1,2,2,1997,249.22
824,1,0,1,13,8,2005,220.65
2476,0,0,1,1,5,2023,276.21
1690,0,1,1,3,10,2011,254.58
2325,0,1,0,6,9,1984,281.83
848,1,1,0,11,9,2007,200.23
870,1,0,1,10,10,2011,217.86
3832,0,0,0,4,8,1990,365.41
3322,1,0,0,15,7,1981,344.86
2090,0,1,1,15,5,2021,234.19
2388,1,1,0,14,9,1989,313.25
3651,1,1,0,15,9,2016,464.03
2890,1,1,0,6,7,1995,356.13
833,1,0,1,14,2,1996,137.07
958,0,1,0,2,3,2001,127.42
1211,1,1,1,9,2,1983,187.52
3040,1,0,1,4,9,1995,387.85
3092,1,1,1,5,3,1985,341.91
3452,1,1,0,2,3,2002,356.65
2246,0,1,1,9,9,1997,274.01
3923,0,0,0,2,3,1998,316.93
3562,1,1,0,10,9,1982,419.24
1630,1,0,1,10,7,1994,254.1
1790,1,1,1,14,6,2011,301.07
3405,1,1,0,10,4,2009,355.28
2005,1,1,0,2,4,1998,274.45
1296,0,0,1,5,9,2009,203.04
2910,0,0,1,12,2,2007,253.62
3692,1,1,0,12,4,2020,420.06
943,0,0,1,5,3,1981,103.2
3784,1,0,1,14,8,2012,438.88
560,0,1,1,14,6,1988,138.53
2116,0,0,1,15,8,2009,260.37
1818,0,1,1,14,10,2008,283.46
1336,0,1,1,4,8,2015,205.4
2733,0,0,1,4,2,1984,236.18
1694,0,0,0,1,6,1990,193.35
1399,1,1,1,15,6,1998,234.43
3591,1,1,1,9,2,2015,375.53
2200,1,1,1,6,4,1984,291.08
3874,1,0,0,5,9,2021,459.95
2201,0,0,1,6,10,2021,284.08
3114,0,0,0,7,4,1991,285.45
1338,1,1,1,5,4,2009,226.35
2545,0,0,0,14,9,2001,267.04
2959,1,1,1,15,6,1989,365.3
693,1,1,1,14,9,1999,218.69
3501,1,1,1,15,9,1995,428.71
3651,0,0,1,7,5,2012,353.88
1349,1,0,1,7,5,1989,212.97
3704,0,0,0,8,8,2019,354.49
3147,0,0,0,7,9,2010,320.11
1878,1,0,1,6,7,2000,290.51
567,0,1,0,13,7,2014,136.38
3128,1,1,1,14,5,1998,352.52
3418,0,1,0,8,10,1987,359.28
3170,1,0,1,13,2,1992,336.76
1658,1,1,1,2,9,1988,288.61
3843,1,1,0,4,5,1982,424.17
3092,0,1,1,12,7,2000,358.37
3271,1,0,1,10,2,1996,328.3
3827,1,1,0,15,8,2012,439.08
1222,0,1,0,4,7,2012,169.18
2898,0,0,1,8,6,1992,284.21
2867,1,1,0,5,4,2010,334.93
3902,1,0,1,8,9,1981,441.34
1326,0,1,1,8,7,1995,198.22
3477,1,1,0,4,4,1992,377.25
2904,1,0,1,7,10,1987,384.54
2060,1,0,0,8,6,2023,292.5
995,0,1,0,8,2,2002,95.02
2504,1,1,1,3,4,2017,313.01
2280,0,1,0,8,4,1983,217.33
2731,1,1,1,7,10,1984,366.51
763,0,1,0,13,2,2016,116.16
3131,1,0,1,15,6,1994,350.9
2989,0,1,1,10,5,2021,331.91
584,1,0,1,2,5,2000,145.93
1815,1,0,0,4,9,2001,283.08
1106,0,1,0,14,8,1989,188.93
2555,0,0,1,9,7,2021,285.45
2902,1,0,0,7,7,2001,339.28
3165,1,0,0,7,7,1987,340.68
3712,1,1,0,11,6,1981,422.38
967,0,1,0,12,5,2017,135.47
2390,0,1,1,13,2,2008,249.61
949,0,1,1,9,10,2022,193.65
737,1,1,1,13,9,1992,219.5
2574,1,1,0,6,3,1982,301.54
1424,1,1,1,12,5,2018,256.8
2540,1,0,0,7,10,2009,352.18
1204,1,1,1,3,9,2016,276.17
3273,1,0,1,12,2,1994,338.5
3953,1,1,1,9,6,2012,440.45
2897,1,0,1,4,6,2020,350.53
2001,1,1,0,2,7,2022,300.11
3314,0,1,1,6,8,2016,368.33
1226,1,0,0,13,7,2011,200.08
2380,1,1,1,10,7,2023,335.1
2580,0,1,1,4,7,1985,297.64
1351,0,1,1,4,7,2008,186.82
2010,1,0,0,11,2,2009,235.02
654,1,0,0,5,3,1996,104.92
1335,1,0,0,10,5,1997,212.43
518,0,0,1,10,2,2014,56.48
2607,0,1,0,1,10,2014,312.67
3805,1,0,0,6,4,1991,372.29
2553,0,0,0,1,4,2018,237.81
1142,1,0,0,1,8,1991,209.52
1262,1,1,1,4,10,2020,298.51
2723,1,0,1,3,4,1980,302.02
1602,0,1,0,10,2,1983,165.53
2709,0,1,1,2,6,2016,319.9
1920,0,1,0,15,4,1990,212.13
2776,0,1,1,12,6,1984,296.05
2780,0,1,0,1,8,2022,333.11
2845,1,1,0,6,2,2012,324.26
939,0,0,0,14,4,2009,124.19
665,0,1,0,13,2,1994,84.23
3686,0,0,0,15,3,1994,297.74
2188,1,1,0,2,4,2014,291.46
1613,0,0,1,9,7,1987,205.32
3783,0,1,0,15,10,1984,391.41
1287,1,1,1,15,2,1989,172.72
1252,1,0,1,10,7,2007,231.19
3589,1,1,0,8,9,2008,457.22
1994,0,0,1,1,7,2006,241.53
3184,0,0,0,2,9,2007,329.1
3188,0,1,1,15,8,2003,366.02
521,1,0,1,11,6,2001,146.63
509,0,1,0,6,3,1990,56.53
2580,0,0,1,15,7,2013,293.88
3043,1,1,1,3,6,1981,385.2
523,0,0,1,9,7,2004,131.76
1385,0,0,1,11,2,2010,119.24
1509,0,1,0,6,4,2015,165.16
521,0,0,0,12,5,1981,61.3
2379,0,1,1,1,5,2013,253.98
1074,1,1,1,10,2,1990,158.99
619,0,1,1,8,10,1992,148.16
869,0,1,0,15,9,2016,194.47
1866,1,0,1,13,3,1998,249.25
867,0,1,1,4,6,1990,148.9
2150,1,1,0,12,9,2014,334.58
1865,1,0,0,8,10,1999,303.03
2123,0,0,0,4,2,2015,185.46
2108,1,0,1,13,10,1995,325.78
902,1,1,0,9,3,1994,158.08
1700,0,1,1,2,5,2015,203
1226,1,1,1,13,7,2014,239.35
3764,0,1,0,1,9,1980,383.72
3265,0,0,0,8,10,2009,371.46
1360,0,0,1,6,2,2004,124.14
2137,0,0,0,11,6,2021,246.52
1484,0,0,1,7,10,1990,199.15
3326,0,0,0,12,4,1989,292.86
3222,0,1,1,9,8,2009,365.18
3935,1,0,1,1,8,1987,427.21
3140,0,0,1,2,7,2017,347.61
2918,0,0,0,9,10,2007,321.25
2997,1,1,1,2,6,1982,371.71
3539,1,0,0,3,8,2008,415.64
3046,0,0,1,7,6,2024,331.37
1331,0,0,1,11,5,2014,177.01
1085,1,1,0,6,8,2024,251.92
1119,0,1,1,12,9,2013,189.21
2992,1,0,0,12,6,1983,313.71
3228,1,0,1,14,6,2002,381.9
2725,1,1,0,12,7,2012,339.84
3586,0,0,1,13,7,2000,357.21
2246,0,0,0,15,3,1989,192.96
2533,0,1,0,9,3,2023,245.41
691,1,0,1,13,8,2012,188.07
1080,0,0,1,8,6,2012,157.1
2375,0,0,0,9,3,1995,220
1605,1,0,0,10,6,2001,231.43
776,1,0,0,12,3,2013,147.53
1244,0,1,1,3,10,1988,221.94
2612,0,1,0,12,7,1998,279.69
2481,1,0,0,4,9,1988,310.94
2722,0,0,1,1,3,1990,246.46
2096,0,0,1,7,7,2009,232.61
1147,0,1,1,10,6,2004,158.39
1150,1,0,1,9,2,2021,162.72
2474,1,1,1,6,9,1986,356.77
1137,0,0,1,4,2,2006,99.1
2885,0,1,0,6,3,2001,264.9
3271,0,0,0,5,2,1995,280.91
1734,1,1,1,2,9,1980,308.71
637,1,0,0,1,4,2015,129.66
2520,0,0,1,15,2,2005,216.44
3867,1,0,1,14,6,1987,425.06
682,1,0,1,10,4,2010,165.95
3808,1,1,1,10,7,1992,423.82
787,0,1,0,1,10,1995,159.56
1055,0,0,1,15,10,2022,200.3
2027,0,1,0,2,9,2021,260.32
779,0,1,0,3,6,1996,122.62
3881,1,0,1,4,6,2011,411.85
759,1,0,1,2,8,1993,191.98
1131,0,1,0,15,6,2004,158.92
1883,1,1,0,5,7,2022,290.04
3028,0,0,1,8,10,1983,355.9
2386,0,0,0,7,7,1997,242
1370,0,0,0,2,8,2018,167.26
3778,0,1,1,11,10,2006,416.54
993,1,0,1,3,10,1988,217.37
966,1,1,0,1,5,1982,165.8
2988,1,0,0,3,3,1984,289.2
2460,0,1,1,2,6,2001,296.18
992,1,1,1,1,8,2011,236.09
3950,1,1,0,5,6,1990,435.13
1014,0,0,1,3,2,1983,76.35
2339,1,0,1,5,8,1994,311.41
2706,1,1,0,10,10,2024,379.78
2108,1,1,0,12,3,2018,283.09
1147,0,0,0,14,5,2020,127.57
1781,0,1,0,8,2,1992,149.21
3665,1,1,0,6,7,1981,423.19
2125,1,0,0,10,3,2012,255.19
3207,1,1,1,1,3,2021,362.03
3224,1,0,0,15,8,1997,370.26
1505,0,1,1,2,9,1992,223.4
2553,1,0,0,13,5,2005,297.6
2092,1,1,1,11,8,1987,323.97
2821,1,0,1,8,5,2006,318.69
3089,1,0,1,4,4,2004,329.11
1699,1,0,1,2,8,2018,295.84
3601,0,0,1,12,3,1981,324.46
1600,1,0,0,3,4,1999,215.42
608,0,0,1,15,4,1991,82.94
722,0,1,1,8,8,1985,165.11
1582,1,0,1,6,8,1986,240.26
2915,1,0,1,10,8,1981,358.41
2227,1,0,1,7,8,1987,309.41
694,1,0,1,5,2,2010,120.23
3244,0,1,0,5,2,1980,264.26
2879,1,0,1,1,7,1989,363.91
2121,1,0,1,2,7,1988,301.94
840,0,1,0,8,10,1991,168.81
567,1,1,0,9,4,1999,127.31
3565,0,0,0,9,3,2016,318.21
2827,1,1,1,15,6,2018,368.37
2865,1,1,0,13,10,1997,400.18
748,1,1,0,5,7,1981,190.63
1161,1,1,1,1,2,1997,175.63
1348,1,1,0,13,3,2021,197.7
3143,1,1,1,1,10,1992,427.69
3136,0,0,0,13,5,1984,297.59
772,0,0,1,8,10,1980,141.06
2984,0,1,0,10,2,1982,244.68
928,0,1,1,3,6,2018,157.1
1837,1,1,1,6,2,1986,231.9
2640,1,1,1,7,9,1998,365.58
2708,0,1,0,3,7,2023,294.35
1790,0,0,1,14,8,2016,215.54
3899,0,1,0,9,4,2016,360.41
2008,0,1,0,11,10,2007,258.98
2405,0,0,0,14,4,1988,198.24
1341,1,0,1,9,8,1988,231.38
3402,0,1,1,7,3,2012,332.19
1121,1,0,1,7,7,1992,204.77
1752,1,0,0,14,7,1998,228.78
2776,1,1,0,8,9,2000,380.86
3050,0,1,1,5,5,2002,313.14
2162,1,1,0,3,3,2001,264.23
1860,0,1,0,6,9,2005,249.39
970,0,0,0,2,5,2000,113.14
2388,0,0,0,1,6,1998,219.58
735,1,1,0,14,10,2017,211.09
2325,1,0,1,5,2,2018,281.83
1243,0,1,1,4,4,2023,162.47
1462,0,1,0,10,6,1982,187.49
2372,0,0,0,13,10,2014,296.93
2079,0,1,1,3,3,2015,231.59
2543,0,1,0,14,6,1981,261.58
1913,1,0,1,14,4,2012,244.88
948,0,0,1,9,8,2011,166.08
749,0,1,1,12,4,2019,132.58
1697,1,0,0,2,9,1991,261.14
678,0,1,0,5,9,2004,147.65
1080,0,0,1,2,10,2000,187.86
2501,1,1,1,12,5,2023,318.09
2832,1,1,1,14,3,1987,333.44
3295,0,0,1,7,2,2010,299.64
3915,1,0,0,10,10,1992,450.14
764,1,1,0,13,6,2002,162.45
2609,1,1,1,7,7,1983,339.14
3509,0,1,1,12,5,2010,340.56
2350,1,1,1,7,7,1988,342.25
2062,1,1,1,15,9,2024,355.56
626,1,1,0,5,10,2009,204.55
1595,0,1,1,5,7,2014,240.68
2154,1,1,1,2,2,1990,246.38
3654,1,0,0,15,7,1985,391.99
1254,0,1,1,1,2,2002,126.28
1406,1,0,0,5,9,2007,231.56
849,1,0,0,12,10,1982,195.07
3045,0,1,1,10,5,2007,334.54
2542,0,1,0,11,8,1997,301.78
1837,1,1,0,6,10,2004,299.23
2872,1,0,0,5,2,1997,271.35
2084,0,0,1,2,2,1998,200.34
3590,1,1,1,1,8,2007,428.13
3087,1,0,0,12,8,1986,344.98
1637,0,0,1,11,7,2021,195.72
3800,1,1,1,8,8,2013,482.03
2208,1,1,0,14,4,1988,278.31
1633,0,1,1,14,6,1992,226.98
1301,0,1,1,5,4,1989,170.94
2103,1,1,0,8,7,2002,312.69
2702,0,0,0,2,7,1991,263.44
528,1,1,1,1,4,2022,165.85
3963,1,0,0,13,10,1985,437.48
926,1,0,0,10,5,2010,162.17
3392,1,1,1,6,9,1982,426.33
2541,1,1,0,7,4,1992,298.2
1921,0,1,1,14,3,2003,189.26
3945,0,1,1,10,4,2021,390.07
2807,0,1,0,15,6,1980,301.82
2454,0,1,0,2,8,1998,278.62
3647,0,0,0,13,2,2006,321.93
2537,1,0,1,9,4,1990,282.81
2351,0,1,0,11,3,2016,245.79
3854,1,0,0,15,5,1992,387.56
3185,1,0,0,2,3,1984,321.27
3571,0,0,0,1,4,1991,301.14
2523,1,1,0,8,6,2023,338.04
3498,1,0,1,6,8,1987,391.33
2948,0,0,1,3,4,2010,273.77
1488,0,1,0,14,7,1993,183.37
3917,0,0,1,3,6,2003,389.96
1224,1,0,0,6,10,1984,214.31
655,0,0,0,2,3,2004,75.6
897,0,0,0,12,7,2017,129.01
3077,1,1,0,11,9,2022,422.63
1480,1,1,0,12,7,1991,256.45
2341,1,1,0,6,9,2020,341.72
2996,1,0,1,14,9,2017,372.26
3268,0,0,0,6,3,2006,299.26
3723,1,1,1,14,2,1982,378.74
2361,1,0,0,5,6,2007,309.71
2206,1,1,0,12,10,1999,348.66
2126,0,1,0,3,5,2015,219.12
2496,0,1,0,3,3,1999,255.04
3789,0,0,1,13,6,1997,378.15
3090,0,1,0,11,9,2010,368.97
1737,1,0,0,12,8,1991,259.73
1414,0,1,0,3,9,2004,202.62
3856,0,0,0,13,9,2005,368.81
1716,1,0,0,14,3,2022,203.21
3094,0,0,0,2,5,1984,279.78
3050,0,0,1,5,2,2007,283.69
2656,1,0,0,2,4,2019,280.5
1663,1,0,0,15,5,1990,202.54
3242,0,0,1,6,3,2015,300.59
3949,1,0,1,3,3,1998,402.06
842,0,0,1,13,4,2021,125.01
2351,1,0,1,4,7,2003,298.78
1543,0,0,0,15,6,2004,176.06
686,1,1,1,12,6,2010,180.86
778,0,1,1,2,3,2004,117.25
2254,0,0,1,9,8,2011,271.62
1398,1,1,1,11,6,2018,252.23
2679,0,1,1,12,9,2003,342.26
526,0,1,1,3,5,2024,138.68
769,0,1,1,9,7,2021,166.47
3371,0,0,0,15,8,2008,332.69
2316,1,1,0,14,9,2019,354.06
2686,1,0,1,6,2,2024,316.74
810,0,1,1,12,5,1996,144.09
3729,1,0,1,9,4,1996,374.9
3097,1,0,1,3,7,2001,390.43
946,1,0,1,2,6,1996,186.4
2350,0,0,1,13,4,1980,235.21
2782,1,1,1,10,7,1986,370.81
560,1,0,0,8,8,1980,153.77
2982,0,1,1,1,10,2023,365.23
1107,1,0,1,4,3,2013,162.43
1188,1,0,1,6,7,1992,201.1
2364,0,0,1,5,4,2011,237.52
1982,1,1,1,4,7,1999,285.01
609,1,1,0,8,10,1987,184.68
3420,0,1,1,3,5,1996,327.28
816,1,1,0,3,10,2000,211.64
1560,0,1,0,13,10,2012,241.76
2499,0,1,0,15,6,2010,267.8
2903,0,0,0,13,5,1995,278.52
2836,0,1,0,2,7,1989,308.48
2527,1,1,0,13,6,2007,325.07
1968,1,0,0,5,6,2016,256.17
768,0,1,1,13,4,2010,115.54
3817,1,1,1,14,4,2001,403.64
3416,1,0,0,14,6,2002,383.32
2095,1,0,1,15,5,2015,280.17
3630,0,1,1,10,8,1992,392.45
2946,0,0,0,4,4,1992,255.94
3264,0,1,1,10,8,2009,374.53
3783,0,1,0,11,6,2008,357.83
2140,0,0,0,2,8,2020,245.21
2192,0,1,1,8,9,2020,313.14
1590,0,0,0,15,7,1999,201.89
3450,1,0,0,15,9,2015,420.84
2870,1,1,1,7,10,2012,405.59
772,1,1,1,3,5,2010,204.44
1999,0,1,1,13,4,1982,223.88
2088,1,1,0,10,3,1997,246.9
3986,1,0,1,7,2,2001,411.31
1575,0,0,0,14,9,2009,207.44
3482,1,1,0,4,7,2001,410.32
2685,1,1,1,10,4,1991,335.27
3217,1,0,1,1,7,2002,393.6
2832,0,1,1,11,3,2023,290.08
912,0,0,1,8,9,1996,148.87
2241,0,1,0,2,9,2022,300.75
2590,0,1,0,2,4,1981,253.05
2487,0,1,1,1,4,1988,264.75
3838,1,0,1,13,7,2016,445.21
1113,0,1,0,12,2,2019,116.37
3339,1,1,1,5,8,2001,400.55
1193,1,1,0,7,7,2003,212.11
3819,0,1,0,12,4,2012,345.64
2126,0,1,1,3,8,1986,255.04
1394,0,0,0,4,2,1980,98.34
2975,0,1,1,15,7,1997,323.62
2464,0,1,0,12,10,1996,314.08
1444,1,0,0,7,6,1994,222.45
3490,1,1,0,11,6,2000,400.52
2277,1,1,1,15,6,2017,335.57
884,1,1,0,12,4,2020,186.94
1956,0,0,1,3,4,2018,209.06
1416,1,1,0,12,7,1983,233.23
2409,0,0,1,3,10,2023,289.89
1654,1,1,1,8,8,2001,272.46
1481,0,1,0,8,9,1985,227.13
2953,1,0,0,2,7,1993,324.43
3227,0,0,1,5,5,1995,292.16
1180,0,0,1,5,10,2000,208.15
3925,1,1,0,2,3,1992,386.09
2040,0,0,0,10,5,1982,200.77
2778,1,1,1,7,8,1980,350.64
2620,1,0,1,11,8,1997,321.15
2662,0,0,1,6,5,2003,256.79
3204,0,1,0,1,5,1997,330.07
3338,1,1,1,8,10,1994,420.66
2675,0,0,1,12,7,2001,278.24
1208,1,1,1,1,3,1996,188.01
1261,1,0,0,7,8,1995,203.03
3369,0,1,0,8,5,2022,342.91
1037,1,1,0,10,7,2002,194.68
525,1,0,0,9,6,2004,122.06
2666,1,0,0,10,3,1992,261.35
3585,0,0,0,13,10,2011,361.56
2893,0,0,1,10,8,2013,309.71
1819,1,1,1,15,2,1994,221.05
1644,1,1,1,11,8,1986,291.07
2505,1,1,0,8,3,1993,297.07
790,0,1,1,3,8,2000,161.21
3231,1,1,0,9,7,1993,386.7
3640,0,0,1,2,4,2009,324.62
3382,0,1,0,12,4,1994,309.18
3235,1,0,0,8,7,2007,382.57
743,0,0,1,4,8,1989,125.29
3436,0,1,0,12,10,1988,359.1
1212,1,1,1,1,2,1989,201.39
2257,1,0,1,14,7,2014,310.99
2084,0,0,1,6,6,2012,224.87
2021,0,1,0,3,3,1993,181.56
3232,1,0,0,13,7,2019,395.56
1540,0,1,0,2,4,1990,146.99
669,1,1,1,10,2,1990,139.13
1787,1,0,1,10,9,1998,296.66
1422,1,1,0,8,5,2001,210.9
2406,1,0,0,13,8,1982,311.56
3930,1,1,0,4,10,2010,475.44
2217,0,0,0,7,4,2009,214.35
2099,0,1,1,2,3,1980,194.38
739,0,1,1,3,2,1983,105.78
2735,1,0,0,10,2,1985,271.49
1968,1,0,1,4,10,1988,284.79
1487,0,1,1,4,9,1998,241.77
2442,1,1,0,11,10,1992,350.88
2025,1,1,0,13,4,2004,277.98
1420,1,1,1,14,8,1980,250.18
986,0,1,1,8,9,2012,186.86
3683,0,1,0,9,10,2022,408.82
988,1,1,1,10,8,2001,228.27
1621,0,1,0,8,2,2017,174.6
699,0,0,1,8,9,2016,167.36
2519,0,0,0,13,7,2005,258.33
2749,0,1,1,15,4,2020,294.37
2161,1,1,1,5,2,2009,260.49
2014,0,0,1,12,10,1993,266.3
1617,1,1,0,1,7,2023,279.06
872,1,1,0,11,5,2011,191.16
3660,1,0,1,6,8,2002,411.75
737,1,0,0,7,2,2024,138.08
2421,1,0,0,8,7,1981,280.25
1453,0,1,1,3,2,1999,138.28
596,0,0,0,8,10,1997,119.19
3169,0,1,0,5,5,2005,300.13
2129,1,0,0,7,9,2011,305.28
2904,0,0,1,5,3,2007,271.26
702,0,0,0,4,5,2004,107.97
1747,1,0,1,13,8,1984,247.9
921,1,1,1,7,4,2011,205.58
3600,0,1,0,14,7,2016,379.43
2766,1,0,1,9,10,1986,383.17
1832,0,1,0,11,9,1986,255.75
690,1,0,1,4,5,1997,154.47
1580,0,1,1,9,10,2011,248.42
2075,0,1,1,12,10,2022,314.51
2919,1,0,0,2,2,1988,297.52
3600,1,1,1,9,7,2003,448.54
3377,0,1,1,5,7,2009,359.53
2604,1,0,1,3,2,2006,281
2503,0,1,0,4,2,2019,253.08
2813,1,0,0,7,9,1985,356.93
3100,0,0,1,7,9,2013,360.11
3280,0,0,0,1,5,1981,270.65
3507,0,0,1,11,3,1983,303.1
3504,1,1,0,2,3,1984,345.69
2511,0,1,1,5,5,2015,272.6
3951,1,1,1,13,5,2019,447.5
573,0,0,0,15,7,1988,108.2
3785,0,1,1,5,10,2010,428.82
943,1,0,0,1,4,2011,155.39
2613,0,1,1,10,3,2014,268.56
2724,1,1,0,8,5,1980,313.6
501,1,1,0,15,3,2021,153.67
1791,0,1,0,11,2,1986,147.97
673,1,0,0,6,9,2008,194
1932,0,1,1,13,7,2005,231.69
2944,1,1,0,10,2,2009,299.25
2140,1,1,1,7,4,1986,266.86
3109,1,0,1,2,4,1991,344.76
1808,1,1,1,10,2,1990,240.79
3748,0,0,0,8,10,2003,368.95
2856,1,0,1,7,8,1987,345.81
1405,1,0,1,1,4,1983,199.6
3453,1,0,0,11,7,1983,376.32
3131,1,1,0,1,10,1982,384.6
3786,1,0,1,12,5,2024,402.28
781,1,0,1,7,3,2024,167.47
2493,1,0,1,2,3,1999,299.71
1121,0,1,0,14,7,2020,162.68
1871,0,0,0,13,10,1996,235.87
3169,1,0,0,7,6,1995,352.17
3121,0,1,0,4,6,2020,340
2942,0,0,1,8,7,1980,312.14
3819,0,1,0,8,4,2015,364.63
926,0,0,0,4,6,1982,131.09
3975,0,0,0,11,2,2013,343.06
3790,0,0,1,6,10,1991,404.1
3606,1,1,0,6,10,2005,429.12
2433,1,1,1,14,5,1999,310.35
2512,0,1,1,8,7,2004,278.84
868,0,0,1,1,7,1986,118.46
2910,1,1,1,15,6,1997,381.68
3630,1,1,1,15,7,2022,461.1
2923,1,0,1,15,2,1980,291.42
3240,0,1,0,8,4,2002,293.58
1598,0,0,0,2,2,2011,123.58
3546,0,0,1,15,3,2016,323.98
1261,0,1,1,6,6,1985,162.41
1379,0,1,1,12,9,1983,195.35
997,0,1,0,10,9,2015,187.84
1730,0,0,1,4,6,1991,212.9
3863,0,0,1,10,6,2009,382.22
2086,1,0,1,13,4,2002,249.03
2749,1,1,0,8,9,1991,360.26
1070,0,0,1,11,9,1982,158.73
3529,1,0,1,11,8,2002,435.54
3515,0,0,0,9,8,1992,335.34
3176,0,1,0,2,10,1990,345.82
1137,0,1,1,10,7,1991,165.97
1106,1,1,1,13,10,1982,244.11
859,1,1,0,6,6,2021,191.65
2410,0,0,0,14,5,1986,225.68
2507,1,0,1,12,2,2018,264.95
3480,0,0,0,10,10,1992,377.94
1787,0,0,0,1,8,2014,221.27
2604,1,0,0,6,2,1994,273.42
2778,1,0,1,4,6,2014,338.58
3566,1,1,1,1,10,2021,484.55
2592,0,1,1,3,9,2024,346.87
1755,0,0,0,13,7,2018,190.37
1726,0,0,1,2,10,2012,244.57
2885,1,1,0,2,4,1982,308.64
2280,0,1,1,1,7,2023,278.95
3635,0,0,1,10,5,2018,371.18
2685,0,0,1,10,2,1994,216.18
3615,0,0,1,11,4,1982,338.42
2532,1,1,0,5,3,2023,314.59
1111,0,1,0,6,3,2012,119.53
1781,1,0,1,15,9,1984,258.05
599,0,0,0,8,7,2019,120.18
543,0,0,0,5,10,1995,142.98
2417,1,1,0,15,10,2019,364.7
667,0,0,0,7,9,1995,138.77
3305,1,1,0,13,5,1980,356.77
1291,1,0,1,6,10,2012,254.91
3656,1,0,1,4,3,2003,387.18
528,0,1,0,7,7,2024,127.14
2391,0,0,1,4,3,1991,238.98
2041,0,1,1,1,3,2014,217.56
3089,0,0,0,15,5,1984,284.11
3165,1,0,0,8,7,2024,391.82
772,1,1,0,10,5,2007,181.6
1980,1,0,1,15,10,1999,322.44
3129,0,0,0,7,6,1999,281.18
1760,1,1,0,11,4,2021,236.48
3438,1,0,0,14,5,2020,370.36
2206,0,0,1,12,2,2002,212.62
2119,1,0,0,2,9,2017,295.32
2882,1,1,1,15,9,2006,396.33
1109,1,1,1,8,2,2017,205.5
3667,0,1,0,14,6,1987,351.01
1044,0,1,0,1,2,2004,110.9
3442,1,0,1,12,4,2002,373.11
3671,0,0,0,8,10,1998,392.69
2822,0,0,0,13,7,1992,274.09
647,1,1,0,7,4,1984,122.74
3913,0,1,1,14,3,2009,379.09
2557,0,1,0,15,7,1987,284.68
3443,0,1,0,1,8,1993,358.27
1701,1,1,1,3,9,2021,311.14
1415,0,0,0,11,6,2021,188.01
1792,1,0,1,5,7,2018,273.62
3792,0,1,1,3,5,2001,357.18
3124,0,1,1,13,7,2021,359
3065,0,1,0,13,2,2002,291.88
1692,1,0,0,14,3,2023,216.45
906,0,1,0,9,2,2015,119.85
1623,0,0,1,10,6,2003,209.3
3172,0,0,1,12,5,2018,314.86
3511,1,0,0,15,6,1984,381.3
2094,1,1,1,13,9,2023,344.75
3284,0,1,0,10,7,1996,343.45
2838,1,0,1,8,10,2016,379.67
2483,1,0,0,9,4,1980,251.24
3006,0,1,0,8,3,2009,288.83
2760,0,0,1,14,3,1994,232.89
2592,0,0,0,4,2,1983,186.78
971,1,0,1,11,9,1999,201.25
2444,0,1,0,5,9,2001,286.95
1376,0,0,0,5,8,2014,197.94
1282,1,1,1,11,6,2011,236.05
3950,1,1,1,4,2,1991,384.17
3611,0,0,1,1,7,2021,379.76
2364,0,1,1,9,9,2023,294.77
3802,0,1,1,12,9,1983,404.51
3722,0,1,1,7,10,2000,432.76
2297,1,1,0,14,4,1984,256.59
1994,0,0,1,7,4,2003,222.01
3599,1,1,1,12,6,2019,439.61
743,0,1,0,9,2,1996,93.01
2011,1,1,1,15,2,2008,267.1
1453,0,1,1,2,6,2005,213.9
598,1,0,0,6,10,1992,161.62
2716,1,1,1,15,7,2003,370.05
936,0,0,1,14,10,2016,191.43
1840,1,1,1,12,5,1999,261.43
1060,1,0,1,4,5,1983,179.36
3466,1,1,1,7,10,2007,452.29
2132,0,1,1,4,9,2019,292.98
1264,0,0,0,11,8,2022,196.8
2042,1,1,1,2,10,2019,362.07
2875,0,1,1,3,6,1989,311.46
3921,0,1,1,3,9,2015,417.87
3919,0,1,0,12,10,1998,414.5
922,1,0,0,6,6,2007,193.45
1027,1,0,1,2,6,2011,208
2287,1,0,1,8,5,2024,281.19
3070,0,1,0,7,10,1996,334.62
2021,1,1,0,4,6,2005,276.97
2588,0,1,0,15,3,1983,255.19
1907,0,1,0,9,10,1981,247.09
1913,0,0,0,1,8,2020,226.52
3131,1,1,1,4,7,1995,372.27
1562,1,1,0,5,7,1983,239.3
1011,0,1,0,9,6,1983,132.87
2820,1,0,0,3,4,1994,300.09
3016,0,1,0,13,2,1992,276.73
3264,1,1,1,9,3,2015,351.17
2675,1,1,1,1,2,1992,285.09
2745,0,1,1,3,3,2002,270.54
2918,0,0,0,1,2,1990,242.46
3576,0,0,0,12,3,2022,311.08
1493,1,1,1,14,9,2007,300.99
731,0,1,1,8,7,2000,131.9
3066,0,1,1,1,10,2016,375.92
2345,1,0,0,13,8,2023,325.41
543,1,0,1,1,7,2022,176.47
3629,1,0,0,6,10,2005,434.96
1552,1,1,1,11,6,2011,254.98
2086,0,1,0,2,8,2017,274.18
1605,0,0,1,8,9,1998,224.19
831,0,1,0,7,4,2012,100.55
3899,0,0,0,5,4,2003,326.72
584,0,1,1,10,9,1981,169.54
2062,0,0,0,10,7,1987,232.03
3922,1,1,0,9,5,1997,410.39
932,0,0,0,15,5,1993,125.42
3953,1,1,0,4,6,2011,448.23
1014,0,1,1,7,2,1982,133.45
2245,0,1,1,5,7,2009,258.35
3794,0,0,0,6,9,1998,383.68
899,0,0,1,14,5,1986,135.23
1758,0,0,1,7,4,1993,168.65
1825,0,0,1,11,3,2011,173.82
2700,0,1,0,8,5,1991,278.9
3789,0,0,0,10,5,2016,364.42
2246,1,1,1,14,7,2009,345.34
1086,1,1,0,8,5,2001,193.37
809,1,1,1,11,7,2011,213.49
3134,0,1,0,9,5,2007,319.64
2833,0,0,1,14,7,1992,298.94
1683,1,0,1,11,9,2005,293.17
3303,0,0,0,10,10,2005,354.99
3103,0,1,1,6,3,1985,281.31
2005,1,1,1,2,8,2006,312.05
3529,1,1,0,15,9,2005,418.86
3523,1,0,0,2,5,2016,393.49
725,0,1,0,12,9,2006,144.25
3893,1,0,0,14,6,1981,389.29
1578,0,0,0,3,8,2008,186.93
3395,1,0,0,6,2,1989,328.83
2056,1,1,1,5,5,1996,285.67
2856,0,1,1,10,7,2010,330.05
1878,0,0,0,10,3,2024,197.39
1744,1,0,1,1,9,2017,291.41
2441,0,0,0,13,6,1986,247.2
672,0,0,0,6,8,2017,148.37
1236,1,1,1,6,10,2006,258.66
520,0,1,1,9,9,2021,172.47
2947,0,0,1,9,5,1997,283.1
3657,1,0,0,11,10,2015,434.78
1883,0,1,1,2,5,2003,215.13
2622,1,1,1,1,6,2016,363.8
617,0,1,0,10,7,2016,127.75
927,0,0,0,3,10,1994,158.58
2029,1,0,1,11,9,1985,291.87
1253,1,1,0,5,2,2000,172.56
1093,0,1,1,10,10,2021,232.94
3115,0,1,0,1,6,2009,308.78
1654,1,0,1,12,4,1994,222.3
2130,0,0,0,5,10,1980,259.21
3891,1,0,1,8,7,2022,440.53
2514,1,0,0,4,10,2018,339.92
3198,0,0,1,12,5,2021,337.4
3359,0,0,1,8,2,2009,298.97
965,1,1,0,14,9,1996,207.39
3744,1,0,0,9,10,2021,461.64
1944,1,0,1,10,6,1989,244.55
1024,1,1,0,10,5,1987,180.07
3359,1,0,0,14,8,1994,388.48
757,1,1,0,2,3,1996,147.9
2693,1,0,0,15,2,1998,256.84
2786,1,0,1,4,2,1993,281.28
3442,1,1,0,12,10,2001,421.17
2088,0,0,0,11,2,2015,201.71
2780,1,0,0,4,5,1997,314.37
1763,0,1,0,5,9,1982,246.96
3044,1,0,1,4,8,1980,380.69
1368,1,1,1,1,10,2013,304.97
2385,0,1,0,11,9,2013,307.46
2592,1,1,0,3,9,2014,356.63
1410,1,0,1,11,7,2018,262.9
2457,1,0,0,3,4,2001,272.08
3842,1,0,1,1,2,2017,399.76
3846,1,0,0,9,4,1992,362.19
542,1,1,0,13,4,2013,159.43
1518,0,0,0,9,7,1987,181.61
3829,1,0,0,3,2,1998,369.98
1685,1,0,0,2,8,1980,231.68
2674,0,1,1,4,3,2017,261.52
1518,0,1,1,10,9,1999,214.63
3775,0,0,1,11,10,2007,399.88
3434,0,0,0,9,2,2000,268.76
624,1,1,1,2,9,2001,212.83
1885,0,0,0,11,7,2007,217.9
1554,0,0,0,12,6,2002,185.58
3890,0,1,1,4,5,1986,382.31
2544,1,1,1,9,10,1983,351.93
2321,1,0,1,3,5,2003,273.04
514,0,1,0,8,8,2011,150.76
3057,0,0,1,5,2,1982,245.21
799,1,1,1,8,9,1991,225.6
1036,0,1,0,14,7,1999,151.08
1807,0,1,0,8,7,2002,211.55
1978,1,0,0,6,5,2024,257.96
1757,0,0,0,14,2,2012,161.72
723,0,1,0,8,8,1992,134.54
3065,1,1,0,8,6,1989,351.43
692,0,0,0,13,10,2016,135.01
3035,1,0,1,11,6,2014,361.44
1035,0,0,1,4,6,1983,143.06
3139,1,1,1,9,7,1996,373.85
1169,1,0,0,6,7,2016,215.28
2592,0,0,1,15,5,2006,279.32
2792,1,0,0,12,4,2019,303.35
3765,0,1,1,12,5,1993,376.58
2729,0,0,0,9,2,2019,235.95
3425,0,0,1,9,9,2014,375.81
775,1,0,1,11,9,1986,198.3
2616,1,0,0,3,8,1985,338.67
3438,0,1,0,12,4,2018,328.9
1170,1,1,0,1,9,2015,229.81
2856,0,0,0,14,5,2016,271.7
1973,1,1,1,2,4,2016,283.84
3199,1,1,1,11,2,1994,345.22
948,1,0,1,13,10,2022,239.02
957,1,0,1,5,2,2004,137.56
3202,1,0,1,6,10,1989,418.85
1160,0,1,1,14,2,2002,140.82
2329,1,1,1,9,8,2012,337.39
1166,0,0,0,11,5,1992,141.28
648,0,0,1,12,8,1980,115.5
1772,1,0,0,9,3,1993,217.33
1307,1,0,1,7,5,2003,225.55
2890,1,0,0,7,6,1980,321.25
2582,1,1,0,10,3,2020,295.35
3691,1,0,1,13,2,2008,389.07
3408,0,0,0,1,7,1989,321.08
2779,0,0,0,10,2,2004,239.92
2234,0,0,1,6,10,2002,291.95
725,1,1,1,1,4,1981,163.17
966,1,0,1,2,8,1999,197.87
3480,0,0,0,9,6,1989,337.03
1513,1,0,1,8,6,2022,237.75
2735,0,1,0,8,7,2011,289.66
2358,0,1,0,1,4,2013,234.32
1957,1,1,1,6,4,1994,254.46
3110,1,0,0,5,8,1993,375.22
3731,1,1,1,10,9,1998,455.69
1054,0,0,0,10,2,2022,95.26
756,0,1,0,2,9,1996,174.1
606,1,0,1,15,10,1986,177.14
3742,1,1,1,8,10,2014,488.3
1985,1,0,1,10,3,1987,241.43
2303,0,0,1,3,8,2016,271.53
924,0,1,0,1,9,2011,178.44
518,0,1,1,5,6,1998,108.54
3744,0,1,0,7,8,1996,377.2
2607,0,1,0,6,5,2012,252.45
1700,0,0,0,14,7,2003,192.92
3706,1,0,0,8,7,1985,413.17
2072,1,1,0,12,10,2000,312.15
2519,0,1,1,15,10,1995,319.15
1551,1,0,1,3,9,2011,285.85
2711,0,0,1,11,4,2017,255.14
1001,0,0,1,1,5,2016,158.44
2536,1,0,1,8,6,2012,335.67
640,1,0,0,11,10,2021,218.68
2073,1,0,1,15,3,2002,259.09
1223,0,0,1,4,9,2024,188.76
2317,0,1,1,3,3,2009,255.44
1527,0,0,0,7,8,1996,205.28
2386,1,0,1,2,9,2021,328.21
631,1,1,1,6,7,2009,196.03
3390,1,0,0,4,6,1984,372.88
654,1,0,1,4,9,2018,195.5
1032,1,0,1,1,8,1984,211.87
1182,0,1,1,11,2,2013,141.52
2171,0,1,1,6,4,2000,245
1027,1,0,0,12,3,2014,150.57
1987,1,0,0,3,10,2007,309.48
808,1,1,1,2,9,2010,236.27
3645,0,1,0,1,2,1982,311.87
3398,0,1,1,14,3,2020,343.76
3743,0,1,1,13,3,2013,361.3
3277,0,0,0,3,2,1994,257.7
2245,1,1,0,7,5,2012,302.41
3228,0,1,0,9,8,2002,329.78
2860,1,1,0,8,2,2011,324.28
984,0,1,1,2,9,1986,170.23
3385,1,0,0,4,8,1995,397.01
605,0,0,1,5,8,1982,121.84
750,0,1,0,13,9,1981,147.08
3547,0,0,0,13,8,1994,354.32
3174,1,0,1,15,8,1988,374.23
801,1,0,1,12,7,1996,165.14
645,1,1,0,12,5,1988,139.52
1739,1,1,0,3,6,1982,261.61
1288,1,0,1,2,6,2009,233.38
2857,0,0,0,11,4,1981,238.73
2335,1,1,0,2,4,2019,283.65
1986,0,0,1,3,6,2002,216.63
3422,1,0,0,8,3,1995,318.99
3594,1,1,1,14,3,2022,397.8
787,0,0,1,8,3,1988,109.25
2078,1,0,0,12,7,1990,273.26
1866,0,1,1,2,6,1989,209.46
3549,1,1,0,1,9,1989,437.97
1736,0,1,1,5,2,2024,194.73
2332,0,0,1,5,8,2001,276.8
2525,0,0,1,2,4,2008,258.25
1035,0,1,1,6,3,1981,135.6
2268,0,1,1,7,5,1991,261.34
2834,0,1,1,4,7,2008,326.35
1230,1,1,1,10,5,1995,215.54
2053,0,0,1,3,3,1990,192.93
1665,0,0,0,14,7,1994,177.2
2992,1,0,0,9,5,1987,311.96
3232,0,1,1,2,3,2003,309.46
1907,0,1,0,13,2,1984,178.7
1816,1,1,0,11,2,2009,234.23
593,1,1,1,9,5,2012,192.47
2893,0,1,0,4,6,1994,298.78
3574,1,1,0,10,2,2002,372.62
2919,0,1,1,10,9,1989,327.08
724,1,0,1,14,5,2018,174.73
2006,1,0,1,13,4,1995,243.55
1413,0,0,1,13,10,2009,233.45
3730,1,1,0,2,9,1993,458.76
3329,0,1,0,8,5,2010,317.22
3031,0,1,0,10,5,2000,282.22
2839,1,1,0,14,4,2023,355.05
2272,1,1,1,15,6,2001,332.78
3762,1,1,1,15,8,1996,448
2699,1,1,0,2,6,1981,316.83
771,1,0,1,5,9,2005,208.41
2236,1,0,1,6,9,1988,321.44
3108,0,1,0,2,6,1992,302.35
3703,1,0,1,9,10,1983,450.83
1451,1,1,1,2,2,1990,202.06
639,0,0,1,3,3,2023,108.43
604,0,0,1,11,7,2019,124.03
1388,0,1,1,11,8,1990,189.07
2217,0,0,1,15,3,1987,210.57
3754,1,1,0,6,9,2006,448.44
2634,1,0,1,15,5,2004,330.8
2043,1,0,1,12,7,1997,297.72
2731,1,1,0,15,5,2019,345.8
2789,1,0,0,3,9,2008,362.85
805,1,0,0,6,10,1992,190.84
3675,1,1,0,1,4,1980,380.69
1711,1,1,0,12,8,2006,286.07
1150,0,1,1,11,8,2016,187.51
3024,1,1,0,2,10,1981,375.67
3336,0,0,1,6,8,1991,352.09
1043,0,0,1,9,6,2015,162.37
1676,0,1,0,7,10,2007,235.19
996,0,1,1,12,9,1993,186.14
3962,0,1,0,10,10,1985,398.02
2720,1,1,0,10,6,1992,315.12
1240,0,0,0,10,8,2020,173.34
915,0,0,0,2,4,2006,105.9
3320,0,1,1,9,4,1991,303.82
696,1,1,0,9,3,1998,148.65
1850,0,0,0,5,9,2016,247.99
1625,0,1,1,12,4,2009,177.65
3633,0,1,0,11,7,2024,369.83
2279,0,1,0,11,9,2010,293.41
2869,0,0,1,10,3,2002,272.65
1040,1,0,1,14,9,2018,216.4
1160,1,0,0,2,6,2011,208
1808,0,1,1,10,10,1992,259.83
1532,1,1,0,12,10,1989,281.64
1749,0,0,1,1,8,2005,215.01
2670,1,1,1,10,6,1992,347.68
3447,1,1,1,11,5,2021,426.74
527,0,0,0,3,10,2021,131.71
1892,0,1,1,7,9,1980,262.91
2147,1,0,1,12,4,2019,257.97
3770,1,0,0,8,10,2004,428.89
2860,0,1,0,7,2,2020,255.89
2224,0,1,1,10,6,1996,275.13
2563,0,1,1,4,6,2022,279.45
2329,1,0,1,7,2,1981,230.02
3048,1,0,0,6,8,2019,368.54
3030,0,0,1,3,2,2023,285.47
3230,1,0,1,1,3,1991,351.89
2680,0,1,1,2,9,1995,307.4
2828,0,1,0,13,8,2016,330.38
3962,0,0,1,8,6,2005,393.46
3994,0,1,1,11,5,1998,376.62
2277,1,0,1,9,2,1998,257.61
933,0,1,1,14,6,1997,168.18
1498,1,1,1,6,9,1992,269.42
3834,1,1,0,13,9,2012,446.27
3237,0,1,1,7,9,1996,376.11
645,0,0,1,15,4,2020,115.73
1996,0,1,0,12,6,2008,231.47
1762,1,0,0,9,7,1983,242.98
922,0,1,1,8,8,1987,178.17
3758,1,0,0,9,6,2010,408.32
2066,0,1,1,13,4,2022,241.76
3758,1,1,1,1,5,1980,419.5
2779,0,0,1,3,3,1985,260.22
3188,1,0,1,14,2,2017,342.19
669,0,1,1,8,4,2008,137.55
3652,1,1,1,13,7,1992,424.11
3981,1,1,1,5,9,2008,475.52
989,1,0,1,1,6,1998,173.76
981,0,0,0,3,5,2001,125.74
1129,0,1,0,1,7,2001,159.11
3914,0,0,1,12,2,2002,321.45
884,0,0,1,10,7,1995,138.86
695,0,0,0,1,6,1992,106.2
770,0,1,1,8,10,2008,197.63
3456,1,1,0,5,3,1984,348.74
943,1,0,1,5,4,2009,183.94
3719,0,0,1,3,9,2001,382.09
3226,1,1,1,9,10,2017,444.64
1229,0,1,0,10,5,2024,165.2
2644,1,0,1,12,4,1995,301.55
3708,0,0,0,15,6,2021,373.74
3201,0,0,0,10,3,1993,285.61
3702,1,1,0,4,3,2013,372.51
646,0,0,0,5,2,2000,68.38
1219,0,1,0,1,7,2014,197.29
3368,1,0,1,4,3,2015,368.44
2359,1,1,1,10,8,1991,327.96
2612,1,0,1,3,7,2007,338.31
2373,1,1,1,8,7,1992,312.09
3207,1,0,0,5,6,2016,362.49
1803,1,0,1,2,8,1987,274.82
3668,0,0,0,13,9,2008,367.43
1078,0,1,1,6,6,1999,148.73
1016,1,0,0,10,9,1988,210.36
1203,1,1,1,7,3,1991,187.52
3447,0,1,0,10,2,1991,312.21
2380,0,0,0,2,4,1984,220.8
2648,1,1,0,8,5,2017,346.74
980,1,0,1,8,10,1992,215.64
1989,0,1,1,10,7,2009,272.33
664,1,1,0,14,7,2010,169.79
3667,1,1,0,6,5,1993,413.69
1558,1,0,1,3,10,2003,263.86
3799,1,1,1,5,10,1987,467.22
3420,0,0,1,14,9,2006,359.59
3543,1,1,1,11,4,1988,404.39
2319,0,0,0,3,7,2002,237.51
3903,0,1,0,6,2,1981,332.41
1729,1,0,1,15,9,2021,273.09
1018,1,1,1,1,6,1988,200.28
2578,1,1,1,12,10,2005,363.68
3765,0,0,1,3,8,1992,363.72
1458,0,1,1,10,3,1983,168.21
2449,1,0,0,2,8,2020,311.43
732,0,0,1,3,9,1983,157.69
644,0,0,1,4,6,1990,113.75
2601,0,0,1,10,9,1995,316.18
3059,1,1,0,11,10,1982,406.22
1308,0,1,0,6,6,1980,155.11
2627,0,0,0,6,4,2017,256.24
1691,0,1,1,14,8,2010,228.67
562,0,1,0,9,2,2013,94.55
3038,1,0,0,15,3,2003,295.12
820,1,1,1,13,10,2008,259.41
1376,1,0,1,4,6,2006,225.79
3681,1,0,0,12,10,1996,438.45
661,1,0,1,8,10,2020,228.64
615,1,0,0,10,7,1982,152.73
3684,1,1,1,9,3,2016,391.51
3498,1,1,0,4,7,2010,429.94
1418,0,0,1,7,7,2006,178.12
1439,0,1,0,7,6,1990,185.61
2751,1,1,0,12,4,2023,337.7
1520,0,0,0,5,4,1998,144.2
1842,0,1,1,9,4,2020,224.11
2801,1,1,0,13,5,1986,317.74
1916,0,0,0,13,6,2002,188.49
537,0,0,0,10,6,1991,90.06
1603,1,0,1,1,2,2003,196.09
3360,1,0,1,9,3,1981,346.1
2613,1,1,0,1,4,2023,316.91
1954,0,0,1,10,4,1989,209.94
1620,0,0,1,6,6,2018,220.32
1382,0,0,1,9,7,2020,192.14
1729,1,1,0,4,8,2005,274.07
2805,0,1,0,3,3,1999,280.34
3715,0,0,0,5,2,2009,315.54
1677,0,1,1,8,9,2001,243.93
2207,0,0,1,11,8,2011,261.26
1953,0,1,1,11,7,2001,261.69
2778,1,0,1,6,3,2004,286.97
2332,1,1,0,2,8,2002,322.51
755,1,0,0,5,9,2013,187.8
2575,0,1,0,1,2,2003,232.75
1363,0,0,0,12,6,2014,144.29
940,1,1,0,4,6,1990,188.67
3814,1,1,0,2,4,2006,386.07
1084,0,1,0,14,4,2007,131.56
1710,0,1,1,15,7,1991,236.69
3349,1,0,1,10,4,2001,358.95
3846,0,1,1,2,5,1982,387.93
3070,0,0,1,8,3,2001,259.32
1344,1,1,0,9,2,1999,203.17
2256,0,1,0,14,4,1987,214.13
3031,0,1,0,15,2,1990,248.05
3234,0,1,0,3,4,1986,292.64
3051,1,0,0,5,4,2006,321.98
2961,0,0,0,9,4,2004,247.99
914,0,1,0,6,10,1986,172.74
711,1,1,0,14,4,2021,183.64
596,0,0,0,5,5,2005,71.63
1029,0,0,0,7,3,1980,90.08
3545,0,0,0,10,9,1980,343.84
2653,1,1,1,13,7,1999,352.25
3312,1,1,0,9,9,1988,404.55
1695,0,0,1,4,10,2006,253.87
3495,0,1,1,2,4,1997,354.39
3581,0,0,0,14,9,2014,370.71
1714,0,0,0,12,2,2017,139.05
2512,0,0,1,15,8,1983,276.54
3920,1,0,0,3,4,2002,396.96
3146,0,0,1,9,5,1996,315.12
2269,1,0,1,12,5,2014,286.48
1674,1,0,1,14,6,1991,257.82
927,0,1,1,7,7,2009,167.29
1261,1,0,1,2,2,2000,189.55
1240,0,0,1,6,9,2005,195.57
3458,1,1,1,11,2,1981,358.42
3921,0,0,0,10,8,1981,389.87
2970,0,0,1,4,10,1987,328.72
917,1,0,1,9,6,2012,199.52
3604,0,1,1,11,8,2008,380.43
2079,1,0,1,13,4,2000,259.66
3645,1,1,1,14,6,2003,406.12
3386,1,0,0,4,5,2010,363.4
837,1,0,0,1,5,1992,140.16
1848,0,0,1,10,4,2021,196.61
2134,0,1,0,7,10,2007,289.09
2339,1,0,1,13,4,2024,305.76
1459,1,0,0,9,10,1985,265.04
3860,0,0,1,12,8,2018,417.82
2107,1,1,1,13,2,2020,278.29
3485,0,1,0,14,8,1985,350.68
1105,0,1,0,9,9,1990,164.24
2583,1,1,1,9,8,2000,343.95
2616,0,0,1,6,2,2018,245.88
653,1,0,1,10,4,2021,147.54
3130,1,0,0,12,7,1988,351.22
1864,0,0,1,4,9,1989,249.97
2809,1,1,0,3,8,2023,389.01
3202,1,1,1,12,8,2023,409.96
2154,1,1,0,3,3,1999,252.32
2907,1,1,0,6,5,1984,323.62
2317,1,1,0,2,8,1986,310.38
2048,0,1,0,1,5,2018,230.96
707,0,1,0,7,6,2024,129.56
3098,1,0,0,10,10,2011,372.11
3012,1,1,1,6,2,1987,309.68
3759,1,1,1,13,9,1984,449.09
3678,1,1,1,10,10,1991,477.09
3981,1,0,1,7,7,2003,455.21
772,0,1,1,3,3,1980,120.77
3444,0,1,1,11,9,2010,374.19
1368,1,0,1,8,8,2016,267.08
1077,1,0,1,10,6,1993,197.19
2062,0,0,1,15,9,1982,241.73
2317,1,1,0,11,6,2023,324.87
3095,0,0,1,3,2,2021,295.34
3663,1,0,1,4,2,2008,384.6
3790,1,1,1,2,4,2011,408.79
3295,1,0,1,2,4,2020,346.6
1007,0,1,1,15,7,2009,197.49
2725,1,0,1,3,10,1980,349.99
1468,0,1,0,5,7,1992,201.62
666,1,0,0,14,9,1984,156.86
1295,0,0,0,14,4,2003,129.84
3082,0,1,1,1,8,2024,363.78
2393,1,1,0,6,6,2018,320.51
1952,1,0,0,15,7,1982,246.92
706,0,1,0,4,4,2017,97.84
1833,0,0,0,7,10,2009,252.1
1955,1,1,0,8,9,1993,319.11
2389,1,0,0,2,10,2010,325.82
2932,1,1,1,8,9,2022,389.17
3625,1,0,0,8,5,2004,382.7
1085,1,0,0,1,7,2015,189.94
1317,1,1,1,2,10,2017,270.36
3383,0,1,0,12,7,1990,336.8
3939,1,1,0,7,8,1999,450.07
1825,0,1,1,5,7,1992,238.68
1117,1,0,0,15,4,2006,163.92
3784,0,0,0,2,5,1997,353.79
2875,1,1,1,12,8,1991,390.92
2813,1,1,1,5,2,2003,308.88
726,0,1,0,9,10,1989,177.08
1303,0,0,1,3,4,2012,163.57
2104,1,0,1,13,4,1988,274.52
1424,1,0,0,14,6,1991,190.46
1624,0,0,1,15,6,2000,175.24
1834,1,1,1,9,10,2020,344.1
3697,1,0,0,5,9,2024,434.25
3523,1,1,1,7,4,2024,389.24
655,0,1,0,8,9,2014,161.04
2644,0,0,0,12,9,2007,274.72
3308,0,1,1,11,2,1984,316.87
2115,0,0,1,11,10,2004,263.04
2766,1,0,1,12,6,2023,337.4
2819,0,1,0,9,4,2015,284.3
943,0,1,0,6,7,2006,161.63
901,0,0,0,6,3,1988,84.83
3543,0,0,1,1,10,1983,393.53
1022,0,1,0,15,3,1994,131.5
672,0,0,0,6,10,1984,145.74
652,1,0,0,5,5,2008,161.23
3594,0,1,0,9,4,2024,356.84
1439,0,0,1,1,7,1982,161.91
3240,1,0,1,12,10,1997,414.55
1025,0,0,1,6,9,2009,186.69
2680,0,0,0,15,2,2003,206.02
684,0,0,0,15,6,2010,127.11
994,0,0,1,15,6,2009,148.4
3025,1,1,1,13,5,2014,382.96
2602,1,1,0,8,9,2015,350.43
3693,1,0,1,9,6,2018,418.84
2486,0,0,1,9,3,2021,228.38
748,1,0,0,1,10,2016,205.49
1380,0,0,1,1,2,1999,133.55
1592,1,1,1,5,2,1991,224.24
1097,1,1,1,10,9,2012,249.85
1409,0,0,1,2,9,1995,187.21
1507,1,0,1,1,4,2021,237.98
920,0,1,1,10,10,2003,194.48
2576,1,0,0,10,3,2004,278.06
1955,1,1,1,14,4,2012,271.79
3913,0,1,1,1,10,2009,430.44
2604,0,1,0,8,6,1995,288.67
883,1,0,1,6,8,1991,210.74
1592,1,1,0,14,10,2017,309.1
2196,0,0,1,8,5,2008,251.74
718,1,0,0,10,2,1980,87.51
1309,1,1,0,11,10,2004,282.26
630,0,1,0,13,9,1987,158.39
3446,1,1,0,5,2,2009,358.29
3325,0,0,0,10,2,2016,295.08
2615,0,1,1,11,3,2022,285.58
2647,1,1,0,2,9,2008,351.79
1347,1,1,1,8,5,1993,227.53
2557,1,1,0,10,2,1980,261.75
2529,0,0,0,9,4,1980,211.89
3350,0,0,1,3,7,1994,322.18
2870,1,0,1,1,9,2013,366.8
3910,1,0,1,9,10,1980,451.07
2021,1,0,1,6,6,2002,276.12
1741,0,1,0,15,2,1991,180.47
1532,1,0,0,14,2,2016,185.19
704,0,0,1,8,9,2011,158.12
1712,0,1,0,12,5,2014,188.55
1004,0,1,0,5,7,2010,176.84
1431,1,0,0,14,2,1985,151.79
1241,1,1,1,8,5,1986,233.3
3940,0,0,0,13,10,2020,402.9
738,1,0,0,9,2,2007,109.76
2013,1,1,0,13,9,2015,308.55
788,1,0,1,5,7,2004,196.92
2958,0,1,1,1,6,1980,304.85
3909,0,0,1,12,7,2013,403.68
1356,1,1,0,11,9,2003,243.9
3729,1,0,0,2,5,1988,378.7
3617,0,0,1,11,9,1980,365.3
2433,0,1,1,3,2,1994,243.24
1325,1,1,1,5,4,2021,247.32
1369,1,1,1,2,9,2001,266.85
2538,0,0,0,9,3,2023,223.49
1345,1,1,1,4,5,2023,226.85
2139,1,0,1,15,7,1998,274.53
657,1,1,1,15,5,2006,185.66
3797,0,1,1,8,8,1980,406.69
2990,1,0,0,8,7,1980,352.46
1744,0,1,1,3,7,2010,220.09
1886,1,0,1,12,3,2016,252.63
2978,1,0,0,7,10,1984,367.77
2324,0,0,1,7,10,1986,268.97
2097,1,1,0,1,8,1999,323.71
672,0,0,1,4,7,1986,115.98
1727,0,0,1,12,5,2023,201.72
1406,0,0,0,4,8,2014,169.28
2317,0,1,1,8,9,2020,305.66
2823,1,1,1,1,8,2020,371.53
2952,0,1,0,1,8,2001,326.59
2893,0,0,0,1,9,2004,324.83
848,0,0,0,15,7,1987,120.87
940,0,1,1,10,7,1988,169.15
2881,0,1,0,3,8,2021,344.92
3734,0,1,0,7,3,1999,325.05
646,0,0,0,5,5,2020,80.41
3504,0,1,1,1,8,2005,385.89
3330,0,0,1,13,8,2022,369.12
1090,0,0,0,8,6,2015,150.38
2224,0,0,0,12,9,1998,243.59
2315,0,1,0,1,8,2022,280.37
2977,0,1,1,13,2,1993,290.36
1268,1,1,1,12,10,2014,270.89
3924,1,1,1,12,3,1990,411.05
1553,1,1,0,14,3,2016,221.29
3380,0,1,1,13,6,1998,347.02
3744,1,0,1,6,8,2014,423.69
3719,0,0,1,10,5,1980,354.1
2315,1,0,1,3,8,1993,294.5
687,1,1,1,7,4,1984,169.24
2674,1,0,0,1,6,1996,298.03
2819,1,1,0,6,2,2001,321.11
3865,0,1,1,14,3,2022,380.96
781,1,0,0,9,3,1993,114.23
3507,1,1,0,11,10,2017,436.81
3446,1,1,0,15,8,2009,420.48
3875,0,0,0,15,2,2007,331.39
2547,0,0,1,4,3,2004,250.26
3255,0,0,1,14,9,2004,351.69
767,0,1,0,15,6,2022,157.36
1807,1,0,0,11,3,1991,190.64
1413,0,0,1,11,9,2000,187.48
2899,1,1,0,3,3,2001,313.47
3344,0,0,1,14,7,2015,327.62
2784,1,0,0,15,7,2012,345.76
3548,0,1,1,13,2,2007,315.51
2381,0,1,0,5,8,2016,295.89
1722,1,0,1,3,2,1984,195.47
582,0,1,0,1,10,2020,165.84
2014,0,1,1,12,5,1990,229.56
997,0,0,0,8,7,2009,126.06
3308,0,1,1,8,4,1988,303.04
2515,1,0,1,14,2,2019,296.45
563,1,0,0,11,2,1989,99.51
1175,0,0,0,14,9,1982,143.28
1660,0,0,1,5,9,2023,252.12
1415,0,0,1,15,10,2015,225.69
3982,0,1,1,9,2,1990,357.17
2255,0,0,1,13,4,2002,206.09
1466,0,0,1,6,3,1988,162.82
3182,1,0,1,3,2,2021,322.15
2664,0,1,0,6,7,2013,287.21
3161,1,1,0,4,6,1984,342.66
2866,1,1,1,10,4,2021,344.27
3991,0,0,0,11,2,2024,353.26
3984,1,0,1,1,7,2006,456.35
1837,1,1,1,12,10,1984,327.3
3366,0,0,1,12,8,1996,336.31
3697,1,0,0,5,5,2010,387.59
3111,0,1,1,10,7,2002,337.13
3718,1,1,0,10,2,1995,383.39
677,0,1,0,12,3,1998,73.24
3000,0,0,0,14,8,2018,320.19
1138,0,1,0,15,2,2010,123.09
1896,0,1,0,13,6,1994,205.06
3191,0,0,0,6,8,2008,311.72
3494,1,0,0,1,4,2001,367.87
2513,0,0,1,4,7,1991,287.09
3984,1,0,0,14,7,1987,408.99
3140,1,1,1,14,5,2024,383.06
1101,1,0,1,7,2,2008,174.66
2666,1,1,1,2,5,2020,363.36
3331,1,0,0,7,8,2000,383.25
3180,0,1,1,14,10,1999,380.57
2724,1,1,1,11,8,1999,351.45
1490,1,1,1,2,8,2021,266.81
2755,0,1,0,7,3,2012,248.5
1656,0,0,0,12,10,1988,195.06
2662,0,0,0,4,8,1997,289.65
1832,0,0,1,12,3,1994,189.49
2428,1,0,1,2,8,1995,319.28
1781,1,0,1,15,5,2013,241.9
3977,1,0,1,1,8,2013,474.58
1093,0,1,1,7,9,2001,184.46
565,1,0,1,12,10,1988,204.64
1493,0,0,1,10,8,1985,199.43
3580,1,1,0,2,9,2018,433.77
833,0,1,0,15,3,2024,125.79
585,0,0,1,6,6,1980,87.38
1583,1,0,0,11,9,1992,242.76
3618,1,0,1,14,4,2008,374.69
3980,1,1,1,12,5,2010,437.47
1892,1,0,1,7,7,1993,250.6
1514,0,0,1,5,6,2021,186.47
1757,0,1,1,4,4,2022,194.52
2291,0,0,1,1,4,2024,249.93
821,1,0,1,10,6,1989,186.22
3908,0,1,1,12,2,2016,373.77
1703,1,0,0,7,2,1980,189.78
1277,0,0,1,5,7,2013,167.93
2944,0,1,1,1,5,2024,314.74
3843,1,1,0,15,7,1980,431.38
1881,0,1,1,3,6,1998,227.26
3355,0,0,0,4,5,1992,287.55
915,0,0,0,12,2,2018,101.01
1316,1,1,0,6,2,2018,184.3
3422,0,0,1,9,6,2021,352.94
1600,0,0,1,8,8,1994,198
1035,1,1,0,5,5,2015,179.68
1805,1,0,1,5,9,1984,298.87
810,0,0,0,7,7,1992,106.16
3064,1,1,0,15,4,2000,356.99
1755,1,0,0,3,4,1996,197.44
3699,1,1,1,4,5,2009,442.59
2814,0,0,1,15,10,2019,353.25
680,1,0,1,5,6,1981,161.34
3809,0,1,0,10,9,2016,422.54
3310,1,0,1,7,9,1980,390.34
1350,1,0,0,6,10,2014,252.15
1443,0,0,1,8,2,2006,159.18
582,0,0,1,4,7,2024,121.18
1571,0,1,0,7,8,1993,201.05
3305,1,0,0,10,5,2022,345.36
1002,1,0,1,4,6,2021,217.19
2566,0,1,1,1,2,2002,257.61
1738,0,0,0,15,2,1986,133.6
2928,0,1,0,1,4,2020,283.52
3314,1,1,0,3,9,1992,411.8
2265,0,1,1,5,5,2000,247.29
3441,0,0,1,7,6,2011,360.54
2646,0,1,0,13,4,1995,245.27
2089,0,0,0,13,9,1987,251.3
2392,0,0,0,4,6,2005,238.7
3884,1,1,1,1,3,2005,404.54
2570,0,1,0,15,2,2008,232.87
2454,1,0,1,13,2,1998,268.61
1622,0,1,0,8,5,1984,168.32
2289,0,1,1,2,6,1996,243.86
1076,1,0,0,7,5,1998,180.14
1306,1,0,0,11,4,2016,209.61
2171,1,0,1,15,3,2014,281.31
3548,1,0,0,4,5,1982,350.69
3709,1,1,0,11,3,1980,368.38
1507,1,0,1,6,7,2019,246.12
2752,1,1,0,10,9,2009,378.48
3906,0,1,1,6,9,1982,414.53
3610,1,1,1,15,5,1993,417.35
1993,1,1,0,4,10,1988,297.99
2370,1,1,0,7,3,1998,274.17
3603,0,1,0,8,7,2004,357.66
1142,0,0,1,7,2,2008,124.38
872,0,0,1,12,10,1990,176.16
3880,0,0,0,1,5,1981,338.35
2858,1,0,0,7,7,1983,347.54
3143,1,0,1,14,5,1997,366.97
3095,0,0,1,10,4,1995,271.25
2812,0,0,1,2,4,2002,265.28
2583,0,1,1,15,4,2014,259.01
2920,1,0,1,7,7,1997,369.49
2079,0,1,1,10,5,1997,250.14
3312,1,1,0,15,10,1991,428.35
3610,0,1,0,8,9,2015,405.45
3881,0,0,0,3,2,2004,306.31
2184,1,0,0,1,9,2022,306.11
543,1,0,1,3,2,1984,100.09
870,1,1,0,7,4,1981,143.45
2067,1,0,0,11,7,2022,287.18
1251,0,1,0,12,7,1995,166.28
1353,1,0,1,14,3,1999,181.13
3903,0,0,0,11,4,2010,332.49
1711,0,0,1,2,2,2024,173.34
2408,0,0,1,8,6,2009,252.56
1890,0,0,1,11,4,1983,166.36
971,0,0,1,10,4,2006,106.75
1662,1,1,1,11,6,1988,261.72
679,1,0,1,1,7,1993,179.26
1609,0,0,0,10,2,1991,148.16
811,0,1,1,4,7,1997,136.37
3235,1,1,0,8,7,1999,404.97
3512,1,0,1,10,2,1982,324.76
1225,1,0,1,1,3,2021,197.92
3444,1,0,1,2,4,2019,366.36
3515,0,0,1,9,2,2010,299.07
2631,1,0,0,10,8,2000,333.09
3171,0,0,1,6,4,2014,318.31
3556,0,1,1,10,4,1981,346.48
1296,1,0,0,9,10,2008,259.12
2471,0,0,0,2,7,2007,266.16
2902,1,0,1,5,7,2002,338.18
2712,0,1,1,7,3,1987,277.4
2217,1,0,1,11,3,2010,276.23
3343,0,1,0,5,5,2017,331.11
1252,1,0,0,6,2,2002,163.32
755,0,0,1,4,6,1998,136.53
1086,1,1,1,4,9,1983,259.25
2859,0,1,0,14,5,2015,281.78
3627,1,1,0,1,5,2020,410.67
1763,1,1,1,7,5,1993,278.9
1592,0,1,0,15,8,2018,203.97
3083,1,0,0,12,5,1989,331.74
1271,1,1,1,14,6,2018,236.53
2617,0,1,0,12,3,1991,248.6
2021,0,0,0,11,10,1995,234.13
3121,0,0,1,7,7,1988,298.79
2936,1,0,0,2,10,2015,386.71
875,1,1,0,8,10,1995,230.65
2678,0,0,1,14,7,1995,278.53
1818,1,0,0,6,10,1995,287.73
2346,1,1,0,14,10,2000,326.33
1155,1,0,1,7,5,1984,176.64
2039,0,0,0,5,3,2003,169.77
2962,1,0,1,1,8,1989,382.63
1573,1,0,0,12,10,1998,264.57
3775,0,0,0,12,2,1981,303.76
2729,1,0,0,9,5,1982,313.34
3756,0,0,1,1,9,2000,377.88
1271,0,0,1,5,7,1986,183.58
2443,1,1,0,10,4,2009,301.08
1317,0,0,1,8,6,1993,175.06
3019,1,0,1,9,8,2021,386.3
1349,1,0,0,1,4,2013,200.31
3034,1,1,0,7,6,1986,348.29
3957,0,1,1,8,5,2021,388.35
1097,0,1,1,10,4,1994,160.36
3417,1,0,0,5,5,2022,380.08
3648,0,1,0,8,7,2021,391.19
1835,1,1,0,6,9,2017,299.94
2535,0,0,0,8,4,2010,227.38
2949,1,0,0,5,2,2024,289.35
2182,1,1,0,7,3,1987,266.59
3731,0,1,0,2,10,1994,400.7
2456,0,1,1,10,8,1980,299.01
1058,0,0,0,9,6,1985,133.41
3451,1,1,0,15,4,2014,394.28
1195,0,1,1,8,10,1995,203.65
2997,1,1,0,14,7,2021,362.29
3323,1,1,1,1,5,1988,365.28
1786,0,1,0,3,4,2015,217.25
1080,1,1,1,6,10,1997,268.49
2828,1,0,1,13,5,1986,302.49
2302,0,0,1,14,9,2008,266.37
1509,1,1,1,6,4,2006,237.11
2072,1,1,0,12,6,1998,301
571,0,0,1,14,2,2004,64.93
2979,0,0,1,4,7,2014,298.36
705,0,1,1,9,5,2016,124.08
2615,1,0,0,1,7,2001,328.01
1934,0,1,0,14,4,1991,213.82
1672,1,1,1,9,8,1989,284.74
728,1,1,1,10,10,2022,233.09
3961,0,1,1,7,8,1992,397.28
3764,1,0,1,15,10,2005,452.82
935,1,0,1,15,5,2014,197.65
3257,1,1,0,3,2,2016,344.69
611,0,1,0,6,8,2010,148.16
2962,0,0,0,10,4,1993,260.81
1687,0,0,1,8,9,1987,232.28
1356,0,1,0,1,10,1993,230.44
1798,1,0,0,4,6,2016,253.74
926,0,0,1,4,8,2011,151.09
905,1,0,0,1,4,1983,156.57
1806,1,1,1,2,8,1985,309.13
890,1,0,1,7,2,1999,147.85
1113,0,1,0,6,9,1986,183.59
1708,0,0,0,12,10,1985,215.09
2880,0,0,0,15,4,2023,249.44
3986,0,0,0,15,9,2007,393.89
2104,0,0,0,15,10,2012,252.95
3354,0,1,0,7,10,2007,366.38
2191,1,1,0,15,5,2019,284.87
2557,1,1,1,9,3,1993,286.67
1758,1,0,0,5,8,1992,271.1
1651,1,0,1,14,6,2012,258.63
2309,1,1,0,14,10,1993,328.35
2831,0,1,1,7,8,1981,305.33
1454,0,1,1,11,2,2021,184.08
3549,1,1,0,12,6,2003,392.86
1961,0,0,1,11,5,2003,203.32
1737,0,0,0,4,9,2017,213.36
3385,0,1,1,5,10,1987,396.26
1616,0,0,0,15,7,1988,162.72
3285,1,0,1,3,4,2010,350.58
1165,1,1,0,1,9,1995,227.11
3626,1,0,0,11,4,2005,375.85
3416,0,1,1,5,6,2000,347.16
2000,0,1,1,10,2,1987,195.15
3635,0,1,1,1,7,2008,390.06
3265,1,1,1,12,8,1998,394.76
1017,0,1,1,13,2,1994,116.89
1803,0,0,1,10,7,2017,228.31
3229,0,1,0,7,4,2024,310.62
2773,1,1,0,7,4,2023,329.16
1112,0,1,0,5,8,2011,194.24
1022,0,0,1,2,5,1985,130.83
3123,1,1,0,6,9,2022,427.72
719,1,1,0,10,6,1984,165.16
2726,1,1,1,6,6,2013,358.28
1950,1,1,0,2,5,1990,269.01
1638,0,0,0,8,9,2020,233.32
2248,1,0,1,1,3,1983,260.59
2966,0,1,1,12,4,1982,276.45
1948,0,0,0,14,4,1984,170.82
551,1,0,0,5,2,2023,124.13
635,1,0,1,4,7,2023,183.49
3769,0,0,1,15,5,2020,375.81
678,0,0,1,2,8,1991,127.34
1806,1,0,1,9,6,2018,262.81
2887,1,0,1,2,5,2023,354.52
694,0,1,1,4,5,1986,133.03
1810,1,1,0,12,8,1986,273.33
1321,0,1,0,9,7,2000,172.59
3945,0,1,1,14,5,2017,413.95
876,1,1,0,11,7,1983,179.28
1445,1,0,1,15,7,1981,223.84
1891,1,1,0,10,4,2017,257.2
2578,1,0,0,13,3,1999,255.22
2146,1,1,1,2,6,1989,280.35
3263,0,1,0,13,10,1981,352.29
3512,0,1,0,14,3,1994,329.88
1515,1,1,0,2,8,2003,275.49
3205,0,0,0,10,5,2016,308.59
3726,1,0,1,6,6,2001,428.12
2248,1,0,1,9,6,2005,301.36
1716,1,1,0,4,7,1988,244.29
2989,1,0,0,1,7,2021,371.67
1019,0,1,1,14,6,2005,147.39
1133,0,1,1,8,5,2006,156.01
2086,1,1,1,11,8,2018,312.34
2983,1,1,1,15,7,1987,358.68
837,0,0,0,6,3,1995,86.92
3869,0,1,1,7,9,1992,412.19
3073,1,1,1,11,9,1997,417.86
1111,0,0,0,4,3,2007,106.59
1300,1,0,0,6,8,2014,248.28
2778,0,1,1,9,6,1989,308.68
3169,1,0,0,5,8,1999,369.48
888,0,1,0,7,5,1981,109.6
2465,0,1,0,12,10,1992,283.6
3562,1,1,1,7,7,2015,429.96
2975,1,1,1,12,9,2001,385.44
1127,1,1,0,15,9,2018,261.06
2781,0,0,0,14,7,2015,297.89
2466,0,1,1,9,3,2019,256.16
588,1,0,1,2,7,2013,171.29
844,0,0,0,12,9,2012,165.07
3721,1,0,1,5,8,2003,442.4
2848,0,0,1,5,5,1991,281.34
3694,1,1,1,8,5,1992,416.7
1787,0,1,0,2,9,1988,245.38
2951,0,0,0,15,5,2009,296.93
3014,0,0,1,4,7,2009,303.94
1817,0,0,1,5,9,2016,225.94
2340,1,0,1,11,5,2004,294.69
2870,1,0,0,15,6,2007,337.62
1075,1,0,0,4,3,1981,150.39
3835,1,1,0,10,2,1996,398.06
1011,0,1,1,4,7,2006,168.1
2462,1,1,1,1,4,2002,313
2898,1,1,0,11,2,2022,317.41
3518,1,1,1,8,9,1999,445.41
2122,0,1,1,15,3,2017,222.62
2081,0,0,1,10,8,2016,250.02
3745,1,0,1,15,4,1987,400.99
2713,0,0,1,1,4,2019,260.38
2995,0,1,0,13,3,1987,273.8
3178,1,1,0,6,10,2013,436.82
3884,0,1,0,10,9,1995,413.1
2225,0,0,1,13,3,2001,211.51
2438,1,0,0,12,9,2005,326.85
3849,0,1,0,12,6,2011,394.45
1921,1,0,1,8,2,2001,220.03
1521,0,0,0,7,5,2008,172.32
941,1,0,1,4,4,2008,173.44
1003,1,1,0,4,3,1993,178.36
2210,1,0,1,12,7,2006,299.84
2525,1,1,0,6,4,2003,287.66
2546,1,0,0,6,2,2000,272.37
2183,1,1,0,1,2,2021,248.51
3646,0,1,0,5,4,2010,343.16
2582,1,1,1,7,5,2019,333.15
3200,0,0,1,14,2,1981,262.4
2071,0,0,1,3,3,1981,192.21
2415,0,0,0,14,7,1990,258.91
2146,0,1,1,15,3,1994,231.6
2952,0,1,0,3,3,2013,278.8
3036,1,0,1,8,5,1997,342.24
3816,0,1,0,1,5,2023,374.8
2903,1,0,0,4,7,2002,353.87
3778,0,0,0,15,4,2020,326.89
2076,0,1,0,15,3,1994,189.8
3140,1,0,0,1,8,1993,355.28
2610,1,1,0,5,2,1987,298.35
1355,0,0,0,15,8,2012,183.08
1835,0,1,0,14,8,2014,254.32
2037,0,0,0,15,5,1992,196.08
3517,1,0,0,4,6,1985,383.57
3640,0,0,0,6,5,1989,332.22
3494,1,0,0,6,3,2013,368.87
3326,0,1,0,4,2,2003,297.41
2177,0,1,0,11,9,1997,260.27
1793,1,1,1,11,7,2004,302.22
1045,0,0,1,9,3,1984,104.34
1575,0,1,1,10,4,1998,174.86
1106,0,0,1,3,8,2012,162.37
3955,0,1,1,4,5,1981,366.72
3158,0,1,1,6,4,1994,299.92
3401,0,1,0,15,10,2014,376.86
3368,0,1,0,10,7,2016,373.73
2847,0,1,1,7,7,2006,329.55
3203,0,1,1,6,7,2010,359.08
3312,0,0,1,1,5,2009,319.64
1612,1,0,1,2,7,2019,254.64
3737,1,1,0,2,2,2003,365.86
3508,1,0,1,15,6,1998,397.31
1501,1,0,0,13,10,2007,253.9
665,0,1,1,9,5,1994,133.39
1166,0,0,0,2,6,2021,142.22
2104,0,1,0,11,3,1990,205.94
3557,0,1,0,3,7,2010,367.41
2009,0,1,1,11,7,1980,236.59
1797,1,0,0,3,10,2006,292.34
1934,0,1,0,7,8,1996,255.94
3531,0,0,1,13,10,2012,389.82
1461,0,0,1,14,9,2022,231.26
3850,1,1,0,11,3,2014,383.13
1488,0,1,1,9,3,1991,183.85
3212,0,0,1,12,6,1986,309.95
3990,1,1,0,11,10,1993,471.18
1534,0,1,0,3,10,1992,226.38
2586,1,0,1,1,3,1997,272.68
3512,1,1,1,12,7,1983,411.18
2713,1,1,1,9,9,2018,399.72
3754,0,0,0,15,7,2009,348.05
669,0,0,0,7,9,1987,121.47
2903,0,0,1,2,3,2022,278.7
1652,1,1,1,1,9,2010,304.55
3684,0,1,1,11,5,1981,342.7
3746,0,0,0,10,9,2012,400.39
618,1,1,0,4,2,2014,129.41
3633,0,0,0,6,4,1994,323.02
3282,1,1,1,8,8,1998,399.23
1351,1,1,1,11,2,1993,192.45
532,1,0,1,12,4,2001,141.14
948,1,1,0,14,9,2004,242.44
2455,1,0,0,8,4,1989,277.96
1800,0,1,0,4,6,1997,220.74
2997,1,0,1,1,4,2021,362.64
3852,0,1,0,3,10,2005,416.27
3060,0,1,0,15,9,1987,351.39
776,1,0,1,6,4,1985,151.99
2115,1,0,0,6,7,1980,271.62
3185,1,0,0,12,7,2006,378.01
1838,1,0,1,4,7,2022,287.89
3722,0,0,0,8,9,1994,382.03
2665,1,1,1,6,4,2013,350.62
2415,1,0,1,14,2,1986,266.73
1114,1,1,0,12,3,2024,180.11
646,0,1,1,6,6,1990,143.62
632,0,0,1,3,6,2002,124.29
1230,0,1,0,11,2,1995,108.32
2387,0,1,1,10,8,2013,289.21
2205,0,1,1,14,2,2020,238.77
1962,1,1,0,3,7,2024,279.57
3286,1,0,0,5,6,2005,364.13
1055,1,0,1,4,10,2008,240.19
2305,0,1,1,8,10,1988,289.28
3931,1,1,0,10,5,2019,413.65
587,0,1,0,4,10,2023,146.67
3194,1,0,1,2,7,1990,361.73
2193,0,0,1,13,6,2001,229.23
3875,0,1,0,5,8,2017,396.81
2434,1,0,0,5,6,2022,310.51
1162,0,0,1,4,4,2020,150.23
1870,0,0,1,8,10,1993,232.44
2657,1,1,0,10,3,1996,307.72
1201,0,0,1,7,2,2010,107.96
2483,1,1,0,10,10,1997,363.86
1558,1,1,1,7,2,1993,210.32
2169,1,0,1,15,10,2014,326.93
3254,0,1,0,7,8,1995,352.07
504,0,1,1,13,4,2018,110.41
3807,1,0,0,11,7,1982,421.23
2758,0,0,1,3,2,2024,272.99
1802,0,0,1,7,2,1983,146.13
528,1,1,0,10,7,2007,166.83
2069,0,1,1,2,9,2021,287.32
2571,0,1,1,11,6,2000,272.53
1157,1,0,1,12,5,2019,194.86
697,0,0,0,4,6,1996,100.58
3790,1,1,0,8,3,2024,385.81
1165,0,0,1,11,9,1994,200.41
2085,0,0,1,15,5,2013,212.99
2635,1,1,1,6,2,2021,295.29
2928,0,0,1,12,2,1998,240.7
1763,1,0,1,5,10,2023,304.54
834,1,1,1,3,9,2024,248.41
3465,1,1,1,7,2,2011,387.24
1523,0,1,1,14,7,2002,203.41
3263,0,0,1,2,3,1990,270.4
2729,0,1,1,1,2,2006,252.44
2079,1,1,1,5,3,2017,293.08
2061,1,1,0,6,6,1985,271.01
1253,1,0,0,9,7,1994,211.86
2424,0,1,1,15,9,1980,311.34
1232,1,0,0,14,4,1980,163.09
1865,0,0,0,12,6,1981,206.64
2859,1,0,1,8,9,1988,382.38
1007,1,0,1,3,10,1993,227.93
3835,0,1,0,13,8,2006,416.45
3816,1,1,1,12,8,1990,448.31
887,1,0,0,10,2,2014,151.86
3909,1,0,1,11,10,2000,456.57
657,0,0,0,9,2,2018,70.33
1539,0,1,0,5,8,2022,221.76
1386,1,1,1,13,8,2000,271.07
3453,1,0,1,14,10,1983,410.35
1235,1,1,1,13,5,1989,216.25
2873,0,0,0,13,5,2020,279.82
2907,1,0,0,14,8,1985,349.61
3308,1,1,1,12,2,2006,374.52
3928,0,0,0,3,3,2021,339.25
2140,0,1,0,3,4,1991,210.82
1328,0,1,1,7,9,2020,242.48
1291,1,1,1,12,3,2020,198.9
3398,0,0,1,2,5,1991,335.06
584,0,1,0,11,10,1983,161.37
786,0,1,1,3,6,2000,126.21
1198,1,0,1,11,5,1994,208.94
1097,1,0,1,10,8,1994,221.64
1207,1,1,0,4,5,1987,193.86
1825,0,1,1,14,4,1999,205.79
3573,1,0,0,8,10,1982,424.26
2332,0,0,0,3,7,1992,247.38
2264,1,0,1,7,5,2011,281.45
2455,0,0,0,8,9,1986,259.37
2173,1,1,1,8,8,2016,324.43
3058,0,1,0,13,5,2000,292.36
2377,0,1,0,4,3,1988,217.06
1056,0,1,0,10,7,2015,174.56
3308,0,1,0,15,8,2003,334.27
719,0,1,1,10,7,1982,146.14
3135,0,1,1,5,2,1998,304.81
587,1,0,1,11,7,1980,158.81
1484,0,1,0,8,7,2018,197.4
3049,1,0,0,8,4,2023,321.05
2157,1,0,0,3,6,1989,260.83
3025,0,0,1,13,10,2008,332.26
3984,1,0,0,10,10,1989,453.53
3994,1,1,1,6,4,2017,428.67
715,0,0,0,6,3,2001,60.02
1366,1,1,1,7,8,1983,271.62
3687,1,0,1,3,8,2019,424.58
3859,1,1,1,12,7,1984,459.41
3258,1,0,1,7,6,1989,379.74
685,1,0,0,13,10,1993,182.22
1352,0,0,1,15,6,2007,154.87
521,0,1,0,9,5,1999,116.35
3076,1,0,0,8,2,2005,299.96
3245,1,0,0,11,4,2005,354.92
3087,0,1,1,2,2,2002,270.83
1254,0,0,1,8,7,2008,176.5
3957,0,0,1,5,2,2007,327.61
3781,1,1,0,10,5,2023,423.2
2356,1,0,0,15,5,2008,276.8
2411,1,0,1,3,7,2010,311.02
3937,0,1,0,14,2,2013,357.06
1320,1,0,1,7,6,2017,238.21
2659,0,0,0,4,9,2007,293.22
507,1,0,1,1,2,2007,116.13
1652,1,0,1,3,2,1993,201.02
3158,1,0,1,5,5,2000,374.8
1879,1,0,0,12,4,2021,242.12
2659,1,0,1,1,8,1997,341.11
3404,0,1,1,6,6,2010,367.36
1219,1,1,0,1,8,2023,231.21
3321,0,1,0,4,9,1990,361.29
2339,0,0,1,13,9,1998,278.23
3168,1,0,0,1,8,1997,371.03
2382,0,0,1,15,8,1993,277.2
1324,1,1,0,8,7,1999,218.22
1150,0,1,1,13,3,1982,140.33
3973,1,0,1,1,9,1987,460.28
1246,0,0,1,12,4,1984,128.14
2347,1,1,1,14,4,2017,318.66
780,1,1,0,6,3,2005,138.43
1337,1,1,0,13,2,2008,187.19
2783,1,1,1,10,4,2013,343.92
558,1,0,0,7,2,2002,111.55
3172,1,1,1,5,10,1983,428.89
2499,0,0,1,15,10,1992,304.54
3046,0,1,1,6,7,1996,352.09
3225,0,0,0,11,10,2012,369.36
1828,1,0,1,7,7,2005,290.55
2308,0,1,0,3,8,1986,275.5
2040,1,1,1,11,4,1981,269.72
2834,1,0,0,12,9,2012,357.59
829,0,0,1,2,5,1987,99.33
1596,0,0,1,3,8,2004,226.91
3762,1,1,1,15,4,2018,411.87
1569,0,1,0,3,2,2012,169.75
3618,1,1,1,1,6,1984,397.96
1943,0,1,0,15,2,2015,193.5
1969,0,0,0,4,6,1995,219.98
795,0,1,0,3,6,1980,130.56
3836,1,0,0,4,10,2018,453.65
2211,1,1,1,3,5,2020,325.94
3424,0,1,1,15,9,1988,374.34
3782,0,0,0,7,5,1980,344.17
3385,0,0,1,10,6,1992,326.27
1228,0,1,0,10,10,2019,205.38
3455,0,1,0,5,10,2009,377.27
1738,0,1,1,5,9,1991,230.32
2857,1,1,0,12,7,2011,362.42
3854,1,0,1,10,5,1983,416.31
3584,0,1,0,3,5,1985,345.71
2587,0,1,1,3,2,1992,251.15
729,1,1,0,11,6,2010,183.81
530,0,0,0,15,9,2014,125.65
2555,1,1,1,15,3,2011,293.83
3524,0,0,1,6,8,2022,388.85
2892,0,1,1,9,7,2023,338.85
1056,1,0,0,11,3,2020,143.49
1623,0,0,0,12,2,1981,117
2234,1,0,0,1,7,2008,303.48
1105,0,1,0,12,6,2015,166.47
1330,1,1,1,7,7,2009,248.5
3106,0,1,1,11,4,1996,291.81
837,0,0,0,8,8,2008,123.96
1966,1,0,1,1,2,1990,212.16
1224,0,1,0,1,8,2016,194.57
2197,1,1,1,10,7,2000,321.66
1854,0,0,1,11,6,2014,226.31
2815,0,1,0,4,3,1982,234.51
1449,0,1,1,1,9,1980,206.7
3199,0,1,1,2,4,2019,331.97
2846,0,1,0,11,5,2020,314.2
1248,0,0,0,10,4,1981,126.71
1216,1,0,1,8,4,1999,204.04
2950,1,0,0,11,3,2001,311.26
1844,0,0,1,10,6,1994,205.28
1164,0,1,0,2,6,2017,157.95
1380,1,0,1,10,10,2014,280.78
3740,1,0,1,1,7,1985,421.99
656,0,0,1,11,4,2016,100.02
1192,0,1,0,4,10,2001,192.51
3296,0,1,0,12,6,1982,326.86
2631,0,0,0,11,5,1984,248.71
1877,0,1,0,11,9,1998,230.28
1809,1,1,1,15,4,2018,273.38
3067,0,1,1,1,8,2020,360.73
3583,1,1,0,14,2,2012,383.46
2285,1,0,0,2,7,1980,278.63
1575,1,0,0,14,7,1997,227.79
1255,0,0,0,4,8,1987,145.25
1293,0,0,0,1,10,2019,206.39
943,0,0,0,7,2,2024,106.97
2125,1,1,0,1,2,1983,237.62
3423,1,0,0,12,10,1995,406.15
3735,0,0,1,2,9,2002,376.05
1900,0,1,0,9,6,2002,217.79
2455,0,0,1,12,5,2009,247.89
2287,1,1,0,13,10,1991,332.73
2417,1,1,0,9,10,1989,334.7
3176,0,1,0,9,10,2006,345.25
3954,0,1,0,2,9,2019,414.95
2036,1,1,0,8,7,2019,308.86
1014,1,1,1,9,5,2016,205.56
1804,0,0,0,3,9,1987,233.2
634,1,1,1,14,4,1997,147.53
3467,1,1,1,10,10,1997,436.84
824,0,0,1,10,5,1992,102.49
1013,1,0,0,1,10,2023,233.41
3717,0,1,1,6,4,2008,355.48
1750,1,1,1,7,10,2005,318.49
800,1,1,0,10,6,1981,189.67
1883,1,0,0,11,9,1992,262.16
3584,1,1,0,6,6,1988,416.57
3546,0,0,0,7,3,2015,289
3313,0,0,1,9,6,2019,318.38
2792,0,0,1,3,8,2000,307.76
3798,1,1,0,2,9,1983,455.77
600,1,1,0,14,3,2001,146.56
1962,1,0,1,11,2,2004,213.31
764,1,1,0,15,2,1989,116.95
1126,1,0,1,5,5,1998,192.1
3998,1,0,1,15,5,2011,435.44
2218,0,0,0,6,4,2022,206.93
1158,0,0,1,5,6,2020,157.92
3221,1,0,0,8,10,1992,393.9
781,0,1,1,8,6,1981,149.79
1929,0,1,1,1,7,2024,277.12
1886,0,1,0,10,8,2009,246.93
3555,0,1,1,4,6,1985,375.62
3858,0,0,1,5,6,2012,364.62
3329,0,1,0,11,7,2015,345.81
2135,0,1,1,1,10,2005,298.08
3975,0,0,0,5,7,2020,371.87
2803,1,1,1,9,10,1984,386.22
1474,0,0,1,6,3,2007,143.9
2507,0,0,1,12,6,2009,263.85
661,1,1,0,3,4,1997,135.66
2922,1,1,0,1,7,2002,378.59
2333,1,1,0,1,8,1985,296.71
1188,1,0,1,2,8,2005,215.03
2816,1,0,1,7,8,2016,346.78
3201,1,1,1,4,2,2008,341.64
521,0,0,0,9,8,1992,87.53
3151,0,1,0,9,3,2018,283.9
3984,1,0,1,5,6,2014,426.62
1665,0,1,0,13,6,2012,204.17
1664,0,1,1,11,3,1985,163.33
2957,1,0,1,13,6,2006,347
3042,0,0,1,8,8,2000,328.48
1290,0,0,0,8,8,1987,163.24
1349,1,0,0,10,10,2013,261
2384,0,0,1,9,9,1986,281.11
540,1,0,0,4,4,2005,141.47
1050,0,0,0,5,6,2018,158.32
927,1,0,0,15,3,1987,151.85
1465,1,0,0,3,6,2018,206.66
2107,1,1,1,7,6,1984,278.98
3479,0,0,1,15,5,2011,343.59
2413,0,0,1,7,9,2007,282.74
2898,0,1,0,12,10,1991,316.81
3257,1,1,0,9,2,1984,336.93
1395,1,0,0,8,6,2013,218.07
2412,0,1,0,12,2,2012,224.02
1055,1,0,1,1,2,2008,141.35
2684,1,1,0,15,5,1991,322.9
1508,0,0,0,4,9,1993,175.35
3096,1,1,0,9,7,1985,376.59
1435,1,0,1,9,8,2007,251.12
3865,0,1,0,3,3,1987,343.93
2194,1,1,1,12,3,1996,293.35
2904,1,1,0,5,2,1991,322.82
3020,0,0,0,7,7,1991,276.99
3600,1,0,0,2,9,1991,395.68
2119,0,1,1,2,3,2014,227.99
1316,1,1,1,11,10,2015,272.29
2679,1,0,1,12,6,2018,333.41
606,1,1,1,14,2,1994,155.77
695,0,0,1,2,3,1998,72.47
2908,1,0,0,14,2,1984,264.89
1155,1,0,0,15,7,1986,204.29
1772,1,0,1,8,5,1998,233.18
1654,0,0,0,12,5,2013,177.46
1419,1,0,0,3,7,2007,228.33
2459,0,1,0,12,2,2014,242.55
2530,0,1,0,13,7,1982,274.62
2220,0,0,0,1,8,2015,261.36
1141,0,1,1,11,8,2020,196.01
3700,0,1,0,10,9,2016,401.65
2994,1,1,1,4,9,2020,424.93
1573,0,0,1,10,2,1984,136.76
3711,0,1,0,13,2,1992,332.89
528,0,0,0,12,6,1985,96.62
2782,0,0,1,15,2,2018,259.13
2871,0,1,1,14,3,2002,289.97
3328,0,0,0,10,6,2024,328.06
3952,0,1,1,6,2,2017,351.99
1278,1,1,1,7,10,2023,270.81
3354,0,0,1,13,3,1990,306.72
2476,1,0,0,1,6,1987,283.09
1506,1,1,0,8,6,1990,238.29
3564,0,1,1,13,8,1988,364.59
3692,1,0,1,11,4,2021,380.25
715,1,0,1,11,8,1984,173.43
3396,0,1,1,6,6,2014,362.17
3751,0,0,0,7,7,2014,355.56
2520,1,1,0,8,8,2008,329.49
2746,0,0,1,5,2,2006,232.98
2866,0,1,1,3,6,2014,329.08
1403,0,0,0,13,4,2011,131.41
1388,1,1,0,1,7,2008,248.57
2730,1,0,0,8,5,2012,307
3497,1,1,1,12,3,2016,400.82
3020,0,1,1,1,4,2007,322.88
3274,0,1,0,14,7,1983,311.36
635,1,0,0,11,9,1980,158.12
3516,0,0,0,2,9,1982,344.4
2266,1,1,0,11,6,1997,311.46
3914,0,1,0,2,7,1996,398.78
2665,0,0,1,8,2,1983,220.72
2536,0,0,0,4,8,2004,254.03
1612,1,1,0,15,2,2010,198.39
1428,0,1,0,3,2,2020,164.08
2480,1,0,0,3,3,1984,248.03
1699,0,0,1,5,3,2000,151.67
1359,1,1,1,15,7,2010,272.27
3528,0,1,1,9,8,2014,411.45
2429,1,0,1,11,8,1990,340.98
2982,1,0,0,13,2,2024,307.78
1248,1,0,0,1,3,2006,167.43
2684,0,1,0,12,5,2017,295.42
901,1,1,1,7,7,1999,225.43
3401,1,1,1,8,10,2018,467.7
2034,1,1,1,1,9,1984,325.06
2163,0,1,0,6,8,2021,259.39
545,0,0,1,1,5,2024,119.67
3983,1,0,1,12,3,1996,417.76
960,0,1,0,10,5,2023,153.21
2556,1,1,0,9,3,1990,282.55
875,0,1,0,15,8,2014,167.02
3825,0,0,1,15,6,2011,374.02
2394,1,1,1,8,7,2002,345.49
2492,0,1,0,2,4,2021,260.5
3269,1,0,0,4,7,2002,389.19
3436,1,1,0,6,2,1994,352
751,1,1,0,4,2,1997,131.89
750,1,1,1,13,2,2023,150.66
2839,0,0,1,5,9,2001,306.21
1930,0,1,1,3,3,1986,213.38
3620,1,0,1,14,7,2023,426.56
2671,0,0,0,12,3,2024,253.69
2209,1,1,0,1,2,2024,274.48
1112,1,0,0,8,10,2019,234.19
859,1,0,0,9,9,1981,192.24
1154,1,1,1,11,2,2012,202.89
1979,0,0,0,11,4,1990,173.53
2414,1,0,0,10,5,2013,294.32
801,1,0,1,5,6,1982,177.6
2669,1,1,1,6,4,2011,332.71
3542,1,0,1,8,2,2000,353.71
3581,1,0,1,11,3,2005,358.39
3947,0,1,1,13,4,2001,395.82
1544,1,1,0,15,4,2002,214.36
2895,1,1,0,11,4,2024,347.23
1579,1,1,1,8,6,1986,258.09
2840,0,1,0,2,10,1981,317.78
1927,0,1,1,8,10,2012,265.65
617,1,0,0,2,10,2022,203.67
2563,1,1,0,7,2,1998,299.68
2022,0,1,0,8,6,1990,206.09
1199,0,1,0,10,8,1988,185.28
3347,1,0,1,4,2,2000,326.05
2890,1,0,1,9,9,2009,370.33
2770,0,1,0,5,6,1982,299.8
506,0,0,1,15,3,1990,73.43
1093,0,0,1,10,7,2014,183.91
930,0,1,1,1,3,1995,118.19
1355,0,0,0,2,5,1981,146.53
885,0,1,1,12,2,2023,122.01
1499,1,0,0,2,2,2018,175.39
622,0,1,1,11,3,2024,97.1
2147,1,1,0,2,9,2001,326.01
754,0,0,1,6,8,1981,118.32
3370,0,0,1,13,2,2017,314.39
3011,0,1,1,5,2,2009,292.56
3666,0,0,0,1,6,2008,355.07
2170,1,0,1,10,7,1998,306.82
2990,0,1,1,4,5,2004,296.6
2769,1,0,1,11,3,1985,299.55
2650,0,1,0,8,10,2020,345.37
3526,0,0,0,10,5,1989,317.75
2152,1,1,0,4,3,2000,258.74
2067,0,1,0,15,5,2006,219.73
2394,0,0,1,15,9,2012,296.99
2452,0,0,1,10,3,1983,202.41
3220,1,0,0,4,5,1986,321.57
2792,0,0,1,3,9,2007,320.3
1846,1,1,1,10,9,2011,308.16
968,1,0,0,4,3,1999,146.59
2210,0,1,1,14,10,2019,302.68
512,0,1,1,13,10,1980,141.28
3303,1,1,0,3,6,1991,377.82
692,1,1,0,13,6,1990,170.02
667,0,0,0,9,4,1988,92.97
2573,0,0,0,14,7,2016,279.75
3402,0,1,0,13,4,1984,315.52
3824,0,1,0,7,8,2009,416.85
3577,0,1,0,8,6,1984,340.02
3053,0,1,1,6,10,2011,386.12
3246,1,1,0,2,9,2016,423.63
3957,0,1,0,11,8,2016,421.77
3118,1,1,0,15,7,1989,367.19
3883,0,1,1,8,7,1988,413.07
2707,0,1,0,3,8,1996,286.12
637,0,0,0,12,10,2005,137.58
2001,1,0,1,12,3,1994,234.24
738,1,0,0,5,3,1984,120.26
3578,0,1,0,8,3,1986,321.64
2109,1,0,0,14,5,2011,266.93
2917,0,1,1,5,8,2020,360.62
1488,0,0,0,5,10,2011,223.61
1080,0,1,1,13,3,1994,153.64
2680,1,0,1,9,2,1990,285.23
3612,1,0,1,3,4,1990,365.58
1178,0,1,0,7,6,2023,187.21
3074,1,0,1,3,4,2003,352.81
3353,1,0,1,8,8,1985,384.98
1488,1,0,1,11,3,1999,220.41
739,0,0,1,7,2,1999,70.89
2524,0,1,0,11,3,2016,267.29
1839,1,1,1,14,6,1992,270.54
531,1,1,0,4,10,2023,194.56
2739,0,1,1,15,10,2004,342.84
879,0,0,0,3,8,1986,114.01
3170,0,0,1,12,4,1991,305.25
1148,0,0,1,9,6,2008,142.67
2239,1,1,0,12,6,2024,292.41
3156,1,0,1,12,3,2022,340.34
1184,1,0,1,2,8,1988,240.88
835,1,1,1,6,2,2007,166.4
2735,0,0,1,3,7,2015,309.52
2020,1,0,1,10,2,2015,231.97
1732,1,0,1,10,8,2013,274.65
1816,1,1,1,15,6,1983,285.55
1693,1,0,0,7,6,2015,259.09
2843,1,1,0,2,4,1986,314.9
2998,1,0,0,5,8,2024,389.1
1857,1,0,1,8,4,1985,226.6
991,1,1,1,9,7,1985,227.48
3161,1,0,0,7,10,2005,399.5
1076,0,0,1,15,9,2007,179.18
1288,0,0,0,15,8,2024,202.16
3497,1,0,1,2,4,2011,366.61
3832,1,0,1,1,2,1996,384.25
2911,0,0,0,10,10,1997,316.8
3575,1,0,1,4,4,1998,368.34
3917,0,1,0,8,2,2012,343.77
2208,1,0,1,10,7,1987,286.83
1620,1,1,0,9,3,2022,237.2
3720,0,0,0,8,7,2005,363.13
1559,0,1,1,4,10,2006,268.97
1941,0,1,0,6,9,2021,246.6
3690,1,1,1,9,7,1997,430.02
1081,0,0,0,4,2,1991,84.42
1224,1,0,0,9,9,2019,222.97
1795,1,0,0,9,5,1994,238.05
3777,1,0,1,15,2,2019,364.67
1533,1,0,0,1,5,2014,207.61
1173,0,1,1,10,6,2020,166.96
3540,1,0,0,6,7,2010,394.66
1043,1,1,1,10,4,2016,194.85
511,1,0,1,2,5,1994,141.47
2139,1,0,0,14,3,1999,227.66
2812,0,0,1,4,7,2024,315.94
3321,0,1,1,11,6,2017,351.55
638,1,1,0,1,6,2003,179.44
3732,0,1,1,12,2,1998,358.52
622,0,1,0,9,6,2009,138.15
2096,0,1,0,6,7,2016,238.86
534,1,0,1,5,3,2017,113.75
732,0,0,1,1,7,2008,151.84
1957,0,0,1,7,7,1999,208.92
2263,0,0,1,13,6,2001,257.15
2870,1,1,0,2,7,2010,350.04
2132,1,1,0,6,6,2024,295.16
2355,0,1,0,4,3,2020,222.19
2268,1,0,0,14,10,1992,311.81
1499,0,0,0,8,5,2008,181.3
2204,1,0,0,1,6,2022,289.01
1524,0,0,1,7,8,1998,185.67
1486,0,1,0,6,2,2013,164.77
1172,1,0,0,11,9,2019,243.56
604,0,1,0,14,8,2015,159.08
1953,1,0,0,14,8,2005,264.66
3490,1,0,0,4,6,1984,375.85
3520,1,0,1,4,9,2011,449.2
1487,0,1,0,15,3,2022,175.97
2164,0,1,1,2,8,1984,275.78
2172,1,1,1,9,8,2021,347.64
1616,0,1,0,1,2,1986,161.9
2845,0,0,0,9,2,2023,241.48
3234,0,1,0,4,3,1980,304.59
3392,1,0,0,6,9,2016,421.98
2843,1,1,0,15,6,1981,327.85
1964,0,0,0,9,8,2003,214.01
2658,1,1,0,7,2,2002,293.2
3567,0,0,0,13,10,1996,388.83
782,0,0,0,9,2,2016,79.15
3070,0,0,1,5,4,2024,291.87
1478,1,1,1,14,10,2021,305.94
2145,0,1,1,5,7,2024,287.64
2613,0,0,0,5,9,1998,268.46
3944,1,0,0,10,2,2003,370.88
2191,0,1,1,12,10,2022,312.47
3719,0,0,0,14,10,2011,383.32
2226,0,1,1,13,2,2016,227.13
3846,1,1,0,10,6,1983,425.75
2871,0,0,0,12,9,1995,287.58
2632,1,0,1,12,8,2006,361.8
535,0,1,0,7,2,1982,51.69
2368,1,1,0,6,5,1983,274.08
2598,0,0,0,13,5,2009,266.2
3112,0,1,0,11,10,2024,358.47
3147,0,0,1,11,4,1985,287.98
643,1,1,0,4,2,2023,134.2
3591,1,1,1,9,10,1981,434.08
2575,1,1,0,13,4,2020,295.95
2117,1,1,1,5,5,2017,309.72
1226,0,1,1,14,8,1985,194.96
1728,0,0,0,5,3,2010,178.87
2298,1,1,0,3,5,2017,310.39
659,1,1,0,5,4,2021,159.09
1414,0,0,1,2,7,2018,204.38
612,1,0,1,2,3,2010,153.67
3770,1,0,0,3,7,2012,433.25
1727,1,0,0,14,5,1983,199.8
2480,1,0,1,10,5,2003,316.49
1131,1,0,0,14,5,2022,194.54
1287,1,0,1,7,10,2016,254.14
2445,1,1,0,4,2,1998,283.53
2471,0,1,1,3,8,1992,304.72
591,1,1,1,12,9,2015,229.81
1947,0,0,0,4,6,1986,208.96
3223,1,0,1,9,2,1990,343.05
2720,1,1,1,11,3,2011,313.06
2872,0,1,0,14,6,2014,320.33
1531,1,0,0,1,6,2013,215.64
2584,0,1,1,2,6,1980,268.24
1076,1,0,0,4,4,1995,156.27
3568,0,0,0,10,9,1994,346.75
2726,1,0,1,14,10,1991,381.4
2432,0,0,0,7,4,2005,207.91
1312,0,0,1,14,2,2000,111.9
2659,1,0,1,11,10,1988,365.12
1561,1,0,0,8,4,1991,178.23
2233,0,0,0,10,2,2016,181.75
1933,1,0,0,7,2,2013,218.21
594,1,0,0,2,7,1986,154.15
906,0,0,1,8,4,1981,110.07
3086,1,1,0,15,9,1997,392.72
2592,1,0,0,3,3,2019,275.52
2300,0,0,0,6,4,1980,220.74
1195,0,1,1,13,6,1988,187.36
3970,1,0,0,6,6,1991,397.62
3967,0,0,0,6,6,1993,369.33
2535,1,1,0,14,10,2019,376.56
2561,0,0,1,4,6,1983,241.79
3764,0,0,0,12,8,2011,382.66
2107,1,1,1,14,5,1993,306.98
830,1,1,0,6,7,2010,206.08
3150,0,0,1,11,9,1984,347.9
1664,0,1,1,3,3,2020,186.63
3133,1,0,1,12,9,1985,395.64
918,1,0,0,7,4,2024,146.71
3061,1,0,0,4,3,1998,291.86
1384,1,0,1,1,7,1996,219.61
2287,0,1,1,11,3,1993,224.49
841,1,0,1,6,4,2017,174.46
2774,1,1,1,4,7,2014,362.21
3526,1,1,0,6,7,1985,417.28
1889,0,0,1,12,4,2022,217.72
3595,0,1,0,8,7,2005,378.52
1987,1,1,0,9,4,1997,270.05
3787,0,1,0,4,7,2013,397.76
1155,0,0,0,4,7,1989,134.84
2573,1,0,0,5,2,2003,264.39
1214,0,0,1,9,9,1999,195.16
2887,1,1,1,9,8,1989,391.91
3758,0,1,0,5,5,2013,367.68
2654,0,1,0,4,5,1988,262.73
1265,1,1,1,8,6,1989,221.52
1736,0,0,1,14,2,2015,158.69
2175,0,1,1,2,4,2005,226.35
2242,0,0,0,13,10,1999,264.7
3974,1,1,0,8,2,2015,410.12
3785,1,0,1,10,9,2018,442.26
922,0,0,1,4,9,1991,149.41
1782,0,0,1,3,5,1994,210.68
531,0,1,0,9,2,2020,60.39
907,1,1,0,11,9,1986,211.19
946,1,1,1,7,7,2017,227.22
1173,0,1,1,7,9,2011,213.54
1781,0,0,1,11,3,2012,162.91
1953,1,1,1,2,4,2022,285.21
1208,0,0,0,13,6,1998,153.08
1752,0,0,0,10,7,1993,190.69
2055,0,1,1,3,10,1997,295.28
3153,1,0,0,12,3,2010,307.19
1181,0,0,1,11,3,2024,131.92
3609,1,0,0,14,6,1998,386.39
1958,1,0,1,8,3,2006,243.86
2284,0,1,0,3,8,1993,265.41
718,0,1,0,15,9,2000,152.25
2426,0,0,0,8,7,2002,255.97
3172,0,1,0,11,5,2017,328.55
3881,1,0,1,15,10,2002,483.01
2568,0,1,0,7,9,1988,306.06
1717,0,1,1,5,10,2018,251.9
640,0,0,1,8,6,2002,131.07
1587,0,0,1,7,6,1991,201.33
520,0,1,0,15,7,2018,143.93
2276,0,0,1,9,7,2001,246.19
3670,0,1,0,13,2,2020,316.28
540,0,1,0,8,5,1997,104.81
2755,0,1,1,14,10,2020,338.2
1811,1,1,0,9,2,1991,206.31
2574,1,1,1,1,5,2024,339.2
1270,1,0,1,14,2,1995,170.57
3355,0,1,0,9,5,2024,331.92
1353,0,0,0,7,6,2001,141.65
1487,1,0,1,7,10,2024,277.43
3800,1,1,0,8,6,2006,422.33
2712,1,0,1,14,9,1980,344.65
1571,0,1,0,5,7,2024,218.18
3803,1,0,0,7,4,1999,380.72
2074,0,0,1,9,3,2014,210.68
3021,1,0,0,9,6,1988,335.47
857,0,0,1,12,5,2020,119.05
1430,1,0,1,13,9,2000,271.25
1160,1,1,0,1,10,1994,258.65
1462,0,1,1,7,10,2007,257.38
3745,1,0,1,5,5,1996,381.3
1305,0,1,0,13,6,1986,165.45
3414,1,0,0,2,9,2019,397.78
2413,1,1,0,4,6,2005,312.21
3631,0,0,1,5,7,2008,367.54
3512,1,1,1,12,7,2007,423.51
3955,1,1,0,7,5,2017,446.03
938,0,0,1,12,3,2023,133.57
3802,1,0,0,1,9,1991,435.15
1970,1,0,0,11,2,2013,204.55
2701,1,1,1,1,4,2020,357.18
2045,0,1,0,13,8,2003,264.1
3824,1,0,0,15,9,2018,446.87
3161,1,0,1,6,2,2001,338.88
3981,1,1,0,4,3,2020,409.05
1767,0,0,1,8,7,1984,195.56
2010,0,1,1,7,8,2024,289.14
1058,1,0,0,9,5,1992,178.76
2135,1,0,0,6,7,1999,269.89
3336,1,0,0,8,6,1986,370.97
1549,0,1,1,3,2,2014,185.21
2199,1,0,1,10,8,2024,319.53
2877,0,1,1,15,4,2023,288.69
2504,1,0,1,7,3,2000,291.77
894,0,1,1,15,10,1992,190.49
1071,1,1,1,12,3,2007,183.1
2409,0,0,1,12,6,2024,255.41
2354,1,0,0,6,10,2022,317.47
3778,0,0,1,6,6,2007,388.22
1977,0,0,1,2,2,1995,190.05
3816,0,1,1,14,3,1996,361.47
3841,1,1,1,14,2,2021,421.33
1353,1,0,0,1,7,2006,217.2
2663,1,1,1,13,8,1993,368.6
3612,1,0,1,9,2,2004,363.79
1821,0,0,0,4,9,1985,214.44
504,0,1,1,10,6,2022,144.49
590,0,1,0,8,4,1988,98.15
1298,0,0,1,15,6,2012,173.54
3583,1,0,1,14,6,1987,403.18
2474,1,1,1,4,7,2017,349.66
1454,1,0,0,3,4,1980,172.25
2274,0,1,0,7,4,2017,224.59
657,1,1,1,14,2,1997,142.65
1187,0,1,1,4,10,2014,242.84
3985,1,0,1,2,3,2003,384.02
1406,1,0,0,9,6,2003,202.08
569,1,1,1,1,2,2010,149.49
3888,1,1,1,15,2,1982,403.99
3051,1,0,1,14,9,2004,383.18
3378,1,1,0,5,6,2011,412.47
2981,1,0,0,10,7,1985,350.97
2385,0,1,1,8,7,1981,263.18
1981,0,0,0,7,7,1995,233.21
3281,0,0,0,7,7,1980,302.38
3849,1,1,0,15,4,1983,387
2600,0,1,0,8,8,2008,298.18
3016,1,0,1,4,2,2022,315.41
1763,1,1,0,5,3,2015,235.08
3762,1,0,1,14,4,2008,379.03
2064,1,1,0,6,5,2010,280.47
1145,1,1,0,10,2,2024,200.64
2685,0,1,1,15,5,1989,295.65
1069,0,0,0,12,10,2015,193.74
3672,0,0,0,13,10,2022,382.23
3534,1,1,0,5,6,1982,382.57
2763,1,0,0,12,6,1981,296.96
3343,1,0,1,6,5,2008,387.03
2459,0,1,0,8,2,1996,215.82
2940,1,1,1,2,3,1987,311.9
3830,1,1,0,9,8,2022,445.8
2598,1,1,0,8,3,2002,298.8
1948,1,0,0,14,8,2012,274.58
622,0,1,0,13,2,2001,69.52
1168,1,0,1,14,4,2019,214.19
631,0,0,0,15,2,2014,82.4
1527,1,1,0,13,8,1986,246.01
1811,0,0,0,9,5,1981,186.11
2981,1,0,1,8,8,2003,373.34
3899,0,0,1,8,8,1986,394.77
3276,0,1,0,6,8,2014,341.74
3884,1,1,1,8,3,2019,433.28
3132,0,1,1,15,8,1988,364.3
1888,1,1,0,15,4,2023,266.46
2247,1,1,0,8,2,1996,258.68
2579,1,1,0,13,10,2024,362.56
3035,0,1,1,14,6,2015,343.2
3364,1,0,1,10,8,2016,391.22
1734,0,1,0,8,3,1997,158.56
3659,1,1,0,13,3,2022,387.47
1507,0,1,1,6,4,2016,177.22
3836,0,1,1,3,2,2021,357.24
2569,1,0,0,6,5,2005,293.05
2917,1,1,0,7,3,1991,309.64
2705,1,1,0,14,10,1990,359.25
3174,1,0,1,5,8,2018,378.49
1378,0,0,0,8,8,2012,174.61
1759,0,1,0,10,3,1992,170.47
1838,1,0,1,7,10,1996,285.65
2310,0,1,0,11,10,2019,316.25
2136,0,1,0,6,8,1986,250.28
1365,0,1,1,4,3,2018,154.84
3435,0,0,1,5,9,1987,373.87
3810,0,1,0,1,9,1986,380.99
3730,0,0,1,2,2,1981,320.29
1903,1,0,1,6,10,2005,292.48
550,1,0,1,3,2,1983,97.12
2977,0,1,1,8,3,1993,280.53
2049,0,1,0,4,8,2007,263.58
2029,1,1,1,2,9,2014,338.4
3695,1,0,1,9,10,1997,427.04
1961,1,1,1,8,3,1986,256.3
3030,1,0,1,15,6,2008,357.91
806,0,0,1,2,4,1995,94.43
1011,1,0,0,2,4,1990,157.17
2401,0,1,0,10,5,2007,262.64
2591,1,0,1,10,10,2016,351.72
2753,1,0,1,12,7,1999,336.21
3983,1,0,0,9,2,1986,373.61
698,1,1,0,12,3,2012,163.19
2785,1,0,1,8,3,1989,315.79
523,0,1,0,4,6,2020,130.93
1625,1,0,1,1,5,1987,207.62
1114,1,1,0,13,8,1990,239.38
2274,0,1,0,12,6,2010,267.12
1747,1,0,0,6,6,2018,238.69
2844,0,1,0,5,8,1999,295.67
552,0,0,0,10,7,2021,115.67
1003,1,0,0,14,3,2013,135.05
1613,1,1,0,2,2,1980,208.9
3952,0,0,0,9,2,1988,331.37
871,0,1,0,1,3,2022,131.31
2547,1,1,0,1,7,1981,307.71
2036,1,1,1,11,7,1983,294.6
1850,1,0,1,4,7,2024,300.7
3278,1,1,1,10,5,2020,395.67
2685,1,1,1,2,4,1986,302.61
956,1,1,0,9,4,2005,161.6
2503,0,1,0,6,2,2006,231.9
784,1,1,0,7,5,2005,172.25
2111,0,0,0,12,7,1994,241.75
3244,0,1,1,3,5,1988,325.47
1734,1,1,0,1,3,2000,233
2178,0,0,1,1,3,2012,213.18
1662,1,1,1,15,10,1995,282.96
3777,0,1,1,15,3,2001,358.55
3947,0,1,0,5,10,2001,423.04
2744,1,1,1,13,7,1987,352.35
3725,0,1,0,14,5,2024,383.47
901,0,1,0,7,10,2008,164.11
945,1,1,0,6,9,1993,213.36
3838,1,0,1,8,10,2014,476.52
1216,0,0,0,2,2,2021,125.1
2725,0,1,1,12,5,1980,285.75
1078,1,1,0,10,7,1983,186.3
2495,0,1,1,1,8,2000,299.3
1108,1,1,0,14,4,2009,190.73
3549,1,0,1,14,2,1982,363.9
3081,0,0,0,12,4,1988,281.19
3170,1,1,1,7,7,2009,395.6
3932,0,0,1,13,5,2015,394.29
2442,1,1,0,10,8,1998,313.92
1386,1,1,1,12,7,2017,253.79
1172,0,1,0,14,9,2000,177.56
518,1,1,0,2,6,1991,147.17
1225,0,1,1,4,6,1980,171.6
2073,1,1,0,14,6,1988,295.15
3355,1,1,0,13,10,2009,414.27
2416,1,1,0,9,5,2009,300.51
1842,0,1,0,14,9,2016,239.43
2809,0,1,1,8,2,1988,277.27
1617,1,1,0,5,3,2001,210.32
2520,0,1,1,14,4,1990,253.53
2308,1,0,1,6,4,2012,276.1
1225,0,0,1,7,6,2022,175.28
3698,0,1,1,2,9,2010,405.56
679,0,0,0,14,6,1984,88.55
1096,0,0,0,13,10,2002,188.82
1325,0,0,0,5,4,2012,145.54
979,1,0,1,10,6,2024,211.97
667,0,1,1,14,5,1998,122.02
2508,1,0,1,5,2,1989,264.58
3715,1,1,0,8,8,1984,408.68
3440,1,0,0,11,10,2014,405.23
804,1,1,1,8,8,2006,225.15
3033,1,0,1,9,9,2000,401.84
2824,0,0,0,7,5,1996,263.94
2813,0,0,0,13,9,1998,320.84
1071,1,1,0,10,8,2016,242.26
3197,1,0,0,13,5,2023,336.72
1113,0,0,1,4,6,2004,140.31
2983,0,1,1,8,4,2010,317.32
3605,1,1,0,3,8,2014,450.65
2864,0,0,1,10,4,2024,287.75
735,1,0,0,1,8,1987,161.5
1958,1,1,0,2,8,2009,315.36
2376,1,0,0,4,9,1998,298.9
3735,1,0,1,14,4,1984,384.56
1906,1,1,1,5,2,2018,259.27
3011,0,0,0,2,8,2013,305.12
3359,0,0,1,14,4,2017,322.17
3070,0,1,1,11,5,2010,334.54
676,1,0,0,9,3,1984,104.95
3493,0,1,0,10,2,2016,297.78
1513,1,0,0,12,6,2009,213.28
1293,1,1,0,9,4,1984,198.59
2375,1,1,0,1,3,2011,271.04
825,0,0,0,6,7,1985,99.22
1021,1,1,1,9,2,1999,174.21
2005,1,1,1,14,4,1988,247.64
3259,0,0,1,3,9,1997,337.11
2761,1,0,1,13,10,1993,381.92
1490,0,1,0,2,8,1988,189.45
3275,1,1,1,12,7,2001,421.73
2502,1,1,0,9,4,1988,284.67
3447,0,1,0,14,4,1993,320.77
1428,1,1,1,5,10,1984,268.96
1302,1,1,1,9,7,2019,238.7
3687,1,0,0,14,3,2019,384.92
2614,1,0,1,10,9,2016,358.13
3631,1,1,0,4,3,1983,367.99
572,0,0,0,3,10,1994,144.89
1261,1,0,1,10,5,1983,202.74
2384,1,1,0,5,6,2013,319.29
2727,1,0,0,8,8,1983,321.74
1244,1,1,0,15,8,1996,243.3
811,1,0,0,4,7,2012,177.46
2207,0,0,1,8,5,2010,222.62
2005,0,0,0,2,9,2006,254.55
1559,1,0,1,4,2,1985,197.81
1639,0,0,0,10,7,2014,180.1
2697,1,0,0,11,5,2002,300.21
3138,0,1,1,9,10,1990,358.22
2693,1,1,1,6,2,1986,296.24
858,0,1,0,12,10,2007,183.4
3409,0,0,1,9,8,2000,343.92
3248,0,0,0,14,5,2006,310.55
875,1,1,0,14,9,1993,229.29
2415,1,1,1,14,6,1996,322.56
2314,1,1,1,2,6,2005,320.22
1449,0,1,0,1,2,1996,133.75
3027,0,0,0,7,3,2005,262.17
2915,1,0,0,8,4,1985,301.66
2975,0,0,0,3,3,1983,266.72
1927,0,0,0,12,4,2012,170.33
2672,1,1,0,8,2,1996,303.06
1907,1,0,1,3,8,2013,281.75
3727,1,1,1,5,2,2002,374.87
1597,1,1,1,7,3,1991,231.73
2772,0,0,1,10,8,2012,313.23
3665,1,0,1,13,7,2019,436.26
3184,0,1,1,8,4,1991,323.04
2853,1,1,1,3,2,1990,296.2
2827,0,0,1,9,3,2006,256.98
1452,1,0,0,11,3,1989,160.54
3380,1,0,1,9,5,1990,378.78
3396,1,0,0,4,8,1985,378.91
2389,1,0,0,8,2,2016,245.13
1971,0,1,1,5,5,1990,216.26
2902,1,0,1,5,5,1991,317.4
3105,0,0,0,2,2,2011,266.35
3437,0,0,1,13,7,1988,350.69
2776,0,1,0,1,3,1999,270.71
2446,1,0,0,12,9,2002,304.22
3162,1,0,1,15,9,2018,396.1
770,0,1,1,13,3,2002,105.14
1810,1,1,1,7,2,2007,223.09
3464,0,1,0,12,2,1981,315.08
3318,1,1,0,4,9,2001,430.99
621,1,0,0,12,3,1983,128.24
1505,1,1,0,8,10,1981,280.82
620,0,0,0,3,6,2023,118.71
2183,0,0,0,6,2,2015,188.2
1143,1,1,0,1,8,1987,239.03
1467,0,1,0,10,3,1993,155.22
1851,1,1,1,2,10,1988,300.73
1566,0,1,1,8,8,1984,211.03
948,1,1,0,9,5,1989,165.43
1526,1,0,1,7,4,2020,232.83
848,1,1,1,4,9,2009,217.87
3723,0,0,1,5,2,1990,308.83
3107,0,0,1,1,10,2015,343.52
2001,0,0,0,11,8,2021,224.34
1794,0,1,0,9,3,2023,197.21
3963,1,0,1,5,6,1990,444.11
1023,1,0,0,7,3,1982,136.39
3734,0,1,1,10,4,1986,353.45
2565,1,1,0,4,6,1997,317.76
1238,0,1,1,4,6,1997,198.97
3433,1,1,1,6,6,2018,398.97
1988,1,1,0,8,7,1988,264.92
3643,1,0,0,4,4,2024,391.76
943,0,0,1,15,4,1990,96.37
1517,0,1,0,3,10,2003,236.3
2696,0,0,0,2,10,1994,319.98
1915,0,1,0,3,3,2014,180.95
2173,0,0,1,8,3,1990,197.44
2922,1,0,1,8,8,1983,340.24
1733,1,1,1,13,5,1988,245.99
847,1,1,1,1,9,1983,234.56
813,1,0,1,12,9,1982,179.69
861,0,1,1,5,8,1985,183.38
1567,0,1,1,13,10,2012,272.81
859,1,1,0,4,8,1986,203.65
1762,1,0,1,3,3,2024,236.78
3592,1,0,1,12,8,1990,425.84
1582,1,0,0,12,3,2001,194.18
819,0,1,0,7,10,1997,181.32
2737,0,1,1,5,4,2005,264.5
3338,1,0,1,11,7,1991,375.04
2330,0,1,1,3,2,1984,235.93
1102,1,1,1,6,9,2023,247.91
635,0,1,0,7,5,2011,121.01
3288,1,1,0,10,2,1997,343.05
3952,1,0,0,8,6,1983,409.4
2976,0,0,0,13,8,2020,301.6
1573,0,1,1,15,4,2022,186.17
2429,1,0,1,5,2,2008,281.93
2592,1,0,0,15,4,2011,284.17
554,0,1,1,7,6,1989,118.21
1030,0,0,0,6,9,2011,174.38
2667,0,0,0,14,7,1994,266.18
3244,1,0,0,7,9,2013,404.31
1375,0,1,1,4,3,2008,156.6
533,0,1,1,13,3,1990,81.8
3202,0,1,1,1,4,2003,309.88
635,0,1,0,10,5,1984,107.38
954,0,1,1,8,7,1997,168.19
2704,0,1,1,4,9,2024,335.94
2316,0,0,0,11,10,2008,275.22
1164,0,1,1,4,7,2000,184.24
1554,0,0,0,13,9,1996,206.33
1095,1,1,1,3,3,2004,187.29
930,1,0,0,7,4,1995,139.6
3664,1,0,0,12,9,2000,417.12
3981,1,0,1,15,8,1988,433.32
3763,1,1,1,11,6,2002,436.54
3918,1,1,1,5,9,1998,484.44
3360,0,1,0,10,6,1992,344.56
3800,1,0,0,6,9,1995,417.05
3247,0,1,1,7,5,2002,345.47
3034,1,0,1,14,7,2014,379.23
1991,0,0,0,9,3,2007,186.99
777,1,1,0,15,5,2010,166.47
2691,0,0,1,1,10,1992,319.14
2682,1,0,0,13,6,2011,312.55
875,0,0,1,1,10,2007,182.71
3280,1,1,0,9,7,2009,408.31
2955,1,1,1,13,9,1992,380.4
791,0,1,1,3,4,1987,135.39
2323,0,0,1,2,8,1999,269.56
3144,1,0,1,9,4,1982,345.38
1587,0,1,1,5,10,2006,251.62
1157,0,1,0,3,8,1999,196.56
2340,1,1,1,14,5,2016,307.16
3574,1,1,0,11,9,2006,436.25
2527,0,0,1,2,4,2004,260.04
2486,0,0,0,9,6,1990,254.12
2686,0,1,1,7,8,2000,313.12
3489,0,0,0,11,5,2007,322.47
585,0,1,1,15,10,1983,155.58
1302,1,0,1,4,9,1985,225.31
2929,0,1,0,5,9,1995,328.19
2848,0,0,0,6,9,2003,313.69
617,1,0,0,11,4,2024,145.35
1311,0,0,1,12,2,2000,143.77
2897,1,1,0,4,3,2009,312.65
1318,1,1,1,13,2,1997,188.94
1193,0,1,0,7,2,1991,137.84
1883,0,1,1,12,9,2007,248.28
3309,1,0,1,7,10,2020,430.28
2715,0,0,1,8,9,1993,318.72
1001,1,0,0,15,2,2017,144.84
765,0,1,1,12,9,1984,181.18
2334,1,1,0,12,3,1995,259.53
2801,0,1,0,9,9,1998,317.19
2992,1,0,1,11,10,1985,403.78
3148,1,1,0,11,7,2000,369.52
2505,1,1,1,6,10,1980,356.96
2099,0,0,0,14,5,2003,195.35
724,1,0,1,9,3,1986,113.67
1326,0,0,0,12,9,2000,185.24
991,0,1,1,8,9,1992,191.73
718,0,1,1,13,10,2023,171.45
1812,1,0,0,1,8,1984,266.16
1584,0,0,0,9,7,1992,163.21
3775,1,1,1,4,6,1996,413.14
3229,0,0,0,8,10,2022,364.03
678,1,0,1,11,3,1987,134.69
1921,0,0,1,7,4,1980,167.78
847,1,0,0,9,5,2008,147.05
3646,0,1,1,11,2,1989,340.02
700,1,1,0,2,4,2021,177.78
1296,1,0,1,5,9,1981,245.69
2257,0,1,1,10,7,2012,275.68
3654,0,0,0,4,3,1987,309.68
3346,1,0,1,3,2,1995,349.01
817,1,0,1,12,9,2008,227.62
2779,0,1,1,11,5,1992,276.94
2691,0,1,1,14,4,2000,289.96
3567,0,0,1,12,9,2000,371.65
1999,1,1,0,8,10,2000,309.45
2683,1,0,0,4,7,1997,311.43
3791,0,1,1,7,5,1990,383.12
1382,0,1,1,5,4,2006,184.84
2946,1,0,1,9,7,1991,358.73
3926,0,1,0,1,3,1981,357.93
3510,1,0,0,8,7,2006,394.7
592,0,1,0,7,7,2018,148.78
989,1,1,1,3,6,2010,231.91
3953,0,1,0,2,3,2019,355.12
2100,1,1,1,11,4,2016,273.72
1521,1,1,0,13,7,2003,252.95
3472,0,1,1,10,7,2022,369.16
3305,0,1,0,10,8,2017,350.37
3730,0,1,1,10,8,1986,410.07
3039,0,1,0,8,9,1984,315.72
731,0,1,0,9,4,1983,96.16
3745,0,1,0,3,9,2009,382.9
3811,1,1,1,15,3,2005,403.37
3443,0,0,0,4,4,1991,312.03
1344,1,1,0,4,3,1997,175.1
2158,1,0,0,14,10,1999,307.95
1939,1,0,1,13,3,2002,229.08
2880,1,1,1,13,9,2002,379.37
2659,0,1,0,12,5,1996,265.59
3559,1,0,0,12,4,2015,373.38
3760,0,1,1,9,9,1980,417.39
3127,1,1,1,9,6,2008,375.57
1969,0,1,0,1,2,1994,192.03
3830,0,0,1,13,4,2010,343.77
987,1,1,1,9,2,2012,174.27
3714,1,0,0,4,2,2002,342.34
685,1,0,1,14,2,2003,117.83
2035,0,1,0,13,8,2023,246.11
3120,0,0,0,9,6,1993,279.3
2620,0,0,0,9,5,1986,253.3
3391,1,0,0,2,9,2020,392.53
820,1,1,0,3,6,2023,185
2160,1,1,0,13,5,2022,296.63
1612,0,0,0,15,3,1991,161.77
2354,1,0,1,11,9,1993,312.38
760,1,1,1,2,4,2001,168.15
3420,1,1,1,14,8,2022,424.98
1414,1,1,1,8,6,2008,268.3
993,1,1,1,3,4,2017,196.99
1848,1,0,0,3,10,1996,296.52
3281,0,0,0,13,6,2006,322.31
3741,0,0,1,3,8,2016,379.41
913,0,0,1,10,8,2014,174.77
1554,0,0,0,2,5,1982,149.7
2870,0,0,1,3,4,2009,295.58
2039,1,1,1,2,2,1983,239.29
3046,0,1,1,13,6,1999,313.84
1395,0,0,1,5,8,1980,184.2
3090,1,1,0,12,7,2019,384.23
3259,0,0,0,10,8,1993,327.31
2877,0,0,1,2,3,1983,271.98
2324,0,1,0,8,10,2003,294.15
2422,0,0,1,10,9,2013,287.24
1270,1,1,1,5,9,2024,279.83
839,0,0,0,13,2,1980,58.38
1338,1,1,1,2,6,1988,223.79
681,0,1,0,4,7,1990,109.96
964,1,0,1,10,3,1981,153.6
2892,0,1,1,5,4,1980,300.45
975,0,1,0,11,2,1985,84.67
3363,0,0,0,1,5,2022,318.86
3926,1,1,0,8,4,1999,393.54
3104,0,1,0,11,6,2014,338.3
2064,1,0,0,13,2,2013,238.92
607,1,1,1,15,2,2008,136.07
1977,1,0,0,2,2,2014,224.8
3513,1,1,0,11,10,2002,440.2
3152,0,1,1,4,10,2002,389.58
1475,1,1,1,2,7,2001,255.35
2641,1,0,1,11,9,2005,356.22
1986,0,1,0,12,9,1985,245.79
2046,1,1,0,5,3,2015,267.54
2109,1,0,1,11,5,1986,256.46
3026,1,0,0,5,5,1998,329.66
1276,0,1,0,2,7,2014,192.31
3253,0,1,0,2,5,1986,309.74
3151,1,1,0,2,7,1988,388.46
1870,0,1,1,2,5,1984,221.19
1004,1,1,0,2,6,1984,204.84
1423,1,0,1,7,6,1982,223.49
3400,0,0,1,11,2,2022,305.98
3881,0,1,0,10,4,1990,336.73
2382,1,1,1,11,10,2001,362.2
3829,1,0,0,7,10,2014,469.68
3157,0,1,1,3,3,2019,322.95
1439,0,1,0,9,3,2006,137.86
3417,1,1,1,14,7,1987,390.63
3014,0,0,0,1,10,2007,339.6
2902,1,0,0,5,9,2011,348.99
2513,1,1,0,5,8,1990,344.62
3626,0,1,1,14,3,2006,358.06
1198,1,1,0,11,4,2016,204.01
757,1,1,0,12,3,2019,147.23
1557,0,0,0,14,10,1991,205.31
3284,1,0,0,10,9,1991,387.73
3773,0,0,0,4,10,1997,370.27
3681,0,1,1,3,4,2010,363.57
1958,1,0,0,10,2,1991,201.54
3265,0,1,0,14,3,2002,305.36
2581,0,1,1,9,4,2010,285.06
608,1,0,1,1,4,2019,149.52
894,0,0,1,13,9,1999,174.3
2700,0,0,0,1,6,2021,277.58
2256,0,1,1,2,9,1997,274.48
1198,0,1,1,13,4,2022,162.36
963,1,1,1,12,5,2006,185.07
3674,0,0,0,10,9,1981,343.09
1199,0,1,0,9,4,1993,151.72
1071,0,0,0,11,9,1984,170.48
3334,0,1,1,10,2,1995,293.28
843,1,1,0,6,8,2017,206.83
3934,1,1,0,6,6,1990,420.72
3650,1,0,1,13,9,1984,424.7
3115,1,1,1,14,6,2003,374.23
3673,1,1,0,12,4,2021,387.66
3077,1,0,0,14,8,2023,372.27
3052,1,1,0,14,7,2020,377.45
1360,0,0,0,10,4,1984,145.22
1175,0,0,1,6,4,2009,154.36
1656,1,0,1,8,4,2015,247.21
1788,1,1,0,13,4,2021,232.18
3251,1,1,1,14,10,2000,437.93
3647,0,0,0,8,10,1991,392.69
3742,1,1,1,15,2,1983,373.09
1004,0,1,0,9,3,1989,109.54
3374,1,0,1,1,5,2013,367.08
3933,0,1,0,9,9,2006,432.66
1780,1,1,1,5,10,2011,319.72
1512,0,1,0,8,5,2016,196.58
1252,0,1,1,5,8,2006,199.39
2274,0,0,1,11,3,2007,234.2
1077,0,0,0,14,4,2009,124.87
3629,0,1,1,2,5,1983,366.62
2957,1,1,1,3,10,1999,425.96
2638,1,0,0,5,10,2014,362.29
2236,0,1,0,1,10,2002,273.56
2035,1,1,0,15,5,1984,273.76
1018,1,1,1,9,8,2015,235.5
3722,0,0,0,3,8,1997,379.32
2145,0,0,0,12,10,1999,266.68
1336,0,1,1,14,2,2004,152.55
2854,0,1,0,11,6,2021,317.39
2561,0,0,1,14,6,2000,273.68
2447,1,1,1,14,4,2003,325.15
3339,0,1,1,10,8,1987,371.84
3798,0,1,0,4,2,2008,351.63
1131,1,1,1,2,8,2001,243.95
3567,1,0,0,3,7,2012,407.83
3066,0,1,1,15,4,2000,303.53
3979,1,0,1,4,2,2001,403.17
3986,1,1,1,2,9,2015,492.79
1505,0,0,1,3,6,1991,186.13
3018,1,0,0,13,8,2023,360.75
2260,1,0,1,1,4,2015,292.41
3774,0,1,1,13,4,2012,389.22
698,0,1,0,1,6,1998,112.78
1563,1,1,0,4,9,2021,287.72
3187,1,0,0,6,10,2005,391.27
815,1,1,1,2,9,1980,219.86
3453,1,0,1,14,6,2012,375.18
1961,1,0,0,4,8,2021,302.98
1024,1,0,1,10,2,1994,171.22
816,0,0,0,3,8,2020,162.72
1736,1,1,1,11,6,1989,264.49
1350,0,1,1,2,6,2023,196.27
3550,1,1,0,12,6,2015,402.25
2008,0,1,1,8,4,2007,236.16
3722,0,1,1,7,3,1982,346.96
591,0,1,0,1,2,1993,62.63
1504,0,1,1,8,3,2000,176.26
509,0,1,0,4,6,2004,103.49
2658,1,1,1,9,3,1988,309.27
1712,0,0,0,10,4,2001,172.58
2995,1,1,1,12,7,1998,366.67
1197,0,1,0,6,3,1984,132.57
1501,0,0,1,12,8,2011,192.52
3693,1,0,1,10,7,2018,409.54
600,1,1,1,5,8,1999,180.14
1689,0,1,0,14,9,1996,223.5
2890,1,0,0,11,5,2009,340.54
3034,0,1,0,13,6,2007,326.62
718,0,1,0,2,8,1986,151.34
3698,1,0,1,11,10,2007,439.81
1917,1,1,0,5,10,2005,312.57
1030,1,0,1,13,6,2021,205.74
2308,0,1,1,12,5,1985,239.25
2054,1,1,1,4,5,2013,303.61
2634,1,0,1,14,5,2015,312.19
1914,1,0,0,4,5,2021,250.85
3000,0,0,1,13,2,2002,259.71
2118,1,1,1,4,4,2002,290.09
1517,0,1,0,6,10,2019,239.45
1061,0,0,0,14,9,1998,161.87
1136,1,0,0,12,6,1994,187.96
759,1,0,0,14,4,1996,153.14
655,1,0,0,12,8,1998,164.69
1537,0,0,0,7,8,1981,171.28
1178,1,0,0,7,4,2003,182.93
3125,0,0,1,12,6,2009,326.19
2057,1,0,0,8,9,1985,300.38
542,0,1,0,12,7,1981,117.5
531,1,0,1,6,7,2014,165.76
1724,0,1,0,2,10,1991,238.79
3339,1,1,0,1,10,2009,438.23
2254,0,0,1,1,9,1982,270.47
3621,1,1,0,6,4,1984,392.34
769,0,1,1,13,2,1994,84.45
1178,0,0,1,5,7,1980,171.42
3355,0,0,1,14,3,1993,286.46
3901,1,0,1,4,2,2008,383.78
1233,0,0,0,15,3,1981,87.89
1817,0,1,1,5,9,1993,241.77
2461,0,0,0,7,10,2012,290.83
1800,0,0,1,7,10,1987,257.79
3768,0,0,1,12,7,1981,381.07
2674,0,0,1,3,7,2004,280.35
3364,0,1,1,8,5,2019,368.13
1826,0,0,0,5,5,2014,202.56
1760,0,0,1,10,4,1989,190.91
641,1,0,1,14,8,2014,210.72
3093,1,0,1,9,3,1985,332.94
3880,0,0,1,8,2,1992,345.91
1078,0,1,1,15,3,1994,144.66
864,1,0,1,15,7,2012,216.31
3920,1,0,1,4,5,2006,415.9
1317,1,0,1,11,7,2024,236.49
1781,0,1,0,3,9,2018,259.52
905,0,1,0,5,5,2016,156.49
1752,0,1,0,11,5,2020,216.72
2457,0,1,1,6,9,2013,318.19
3888,0,0,1,6,2,2012,354.54
2869,0,1,0,5,2,1983,239.43
2868,0,1,0,5,7,2008,294.69
1907,0,1,1,7,5,1983,214.82
2874,0,1,1,3,3,1999,266.2
3682,1,1,0,14,7,2001,404.85
2022,0,1,0,13,9,2009,266.14
1218,0,1,0,1,6,2006,148.24
1147,1,0,0,1,6,2005,181.23
2936,0,1,1,8,9,1983,328.96
2615,1,0,0,10,10,1991,323.86
3675,0,0,1,5,5,2016,366.72
3919,0,1,1,15,5,2021,398.16
2705,1,1,1,6,7,1981,334.26
951,0,1,0,9,8,2009,179.08
866,1,0,0,12,8,2018,199.45
3395,0,1,1,14,7,1999,346.61
2333,1,1,0,14,3,2011,296.01
1417,0,0,0,11,3,1997,140.97
1482,0,1,0,13,6,1980,157.1
626,0,1,1,10,9,2004,156.37
2609,1,1,1,13,4,2007,316.31
1033,1,0,1,15,8,2014,203.42
2709,0,0,0,9,5,2013,249.2
2561,1,1,0,4,7,1993,320.19
1791,0,0,1,11,10,1986,258.07
3583,0,0,0,2,6,2019,328.92
1541,1,0,1,12,8,1985,256.03
1194,1,0,0,15,3,1999,148.17
3019,0,0,0,15,3,2003,255.01
2690,0,1,1,2,9,1991,336.76
3499,1,1,1,1,9,2022,454.37
2572,1,1,1,3,2,1982,282.93
1342,0,1,0,13,9,2004,219.54
3152,0,1,1,10,5,1988,299.89
3162,0,1,1,13,5,2004,308.53
2763,1,0,1,12,8,2020,354.11
1382,0,1,0,10,5,2018,188.99
1980,1,0,0,13,10,2024,315.03
2379,1,1,0,5,6,2014,312.84
1933,0,1,0,13,8,2000,229.91
592,1,1,1,11,4,1988,172.13
2151,1,1,1,7,9,2010,329.22
3712,0,1,0,6,10,1996,410.15
2176,0,0,0,8,8,2022,235.75
1646,1,0,1,10,6,2017,260.5
2525,1,1,1,1,2,1994,275.69
3415,0,1,1,9,7,2000,385.42
1549,1,1,1,12,10,2008,292.44
3158,0,1,1,5,7,2016,368.69
575,0,0,0,15,5,2007,69.07
714,0,1,0,9,9,2005,151.11
954,0,0,1,6,2,2011,106.9
3733,1,0,1,9,6,2014,432.86
2299,0,1,1,13,10,2014,322.86
896,1,0,0,15,5,2002,177.52
852,0,0,1,11,8,1991,136.04
892,1,1,1,7,10,1997,248.5
3069,1,1,1,3,3,2024,340.42
1027,1,0,0,5,2,2003,138.43
1188,1,0,0,4,10,2005,244.11
1175,1,1,0,14,10,1982,233.09
1346,1,0,1,14,8,2017,251.03
2302,0,1,0,12,2,2001,209.12
3325,1,1,0,7,2,1997,344.22
705,0,1,0,6,9,1986,158.47
2415,1,0,0,15,4,1998,274.27
1837,1,1,0,13,10,1985,306.89
2567,0,1,1,6,2,2000,241.02
3002,1,0,1,9,4,2022,343.81
2393,1,0,1,15,4,2019,285.71
1037,1,1,0,13,8,2000,223.61
3564,1,1,1,5,8,2006,460.25
3908,0,1,1,2,10,2008,428.43
2816,0,0,1,12,10,2002,334.46
1854,0,0,1,11,4,1986,202.11
1692,1,0,1,4,10,1990,295.42
2865,0,0,0,5,7,1983,290.41
3022,1,1,1,5,2,2016,345.85
3541,0,1,1,1,8,2005,390.7
845,0,0,1,12,8,2019,165.36
3848,0,0,1,10,7,1992,380.03
505,1,0,0,3,2,2010,116.26
3180,1,1,0,8,7,1985,379.08
2411,1,1,0,6,3,2010,290.56
511,0,1,0,3,8,2009,134.65
1727,1,0,1,11,6,2012,250.24
1118,0,1,0,12,5,1994,125.47
3210,0,0,1,5,4,1982,295.66
1752,0,1,1,6,5,1993,202.3
3639,0,0,1,3,10,2016,394.98
528,1,0,1,1,8,2007,166.36
947,0,1,0,2,3,2005,128.53
1865,0,1,1,12,5,1992,205.68
3313,0,1,0,5,2,2012,283.1
2596,0,0,1,6,9,1990,291.06
3652,1,1,0,14,9,1987,431.11
1259,1,1,1,4,10,2007,267.13
2710,1,0,0,9,5,1983,287.78
2264,0,1,1,10,10,2001,293.02
2305,0,1,1,1,8,2022,290.51
2451,1,0,1,6,2,1987,274.47
1637,1,0,1,1,5,2001,227.14
2707,1,0,0,6,3,2015,280.02
602,0,1,0,12,6,2004,102.21
2606,0,1,1,1,10,1988,344.72
3099,1,1,1,7,7,2009,378.66
657,1,1,1,5,2,2018,164.44
2643,0,0,0,10,7,1998,287.35
3299,0,0,1,13,8,2017,354.78
3517,0,0,0,2,2,2000,282.75
1488,0,1,0,12,8,2005,214.79
3133,0,0,1,8,2,1991,286.32
1422,0,0,0,6,10,2006,198.89
3091,0,1,0,12,9,2017,347.4
1375,0,1,0,9,2,1988,131.52
2985,0,0,1,4,5,2005,291.51
2175,0,1,1,14,6,1996,260.3
3075,0,1,0,1,7,2015,325.88
2510,1,1,0,5,6,1988,321.42
2379,0,0,0,2,7,1982,252.28
2716,0,1,0,14,6,1986,284.76
1707,0,1,0,11,10,2002,261.39
944,0,1,1,14,4,1980,111.84
2701,1,0,0,15,9,1982,343.97
1006,1,0,0,15,5,2007,182.88
3378,1,0,1,4,6,2004,399.36
958,1,1,0,8,3,1986,150.99
2051,1,0,1,4,2,2005,250.07
632,0,0,0,6,8,1988,118.06
3671,1,1,1,1,2,2020,390.19
1698,0,0,1,9,2,2006,157.36
2338,1,0,1,10,8,1999,299.65
3739,1,0,1,15,8,1984,415.98
3968,0,0,1,3,3,2011,336.42
2032,0,1,0,11,4,2013,220.96
2817,0,0,1,5,10,2005,348.24
970,0,0,0,6,3,2011,119.2
1428,0,1,1,10,3,2009,166.93
3586,0,1,0,15,4,1997,323.44
2936,1,0,0,3,10,1989,357.83
3593,1,0,1,11,6,2008,415.31
953,0,1,1,14,10,2010,202.72
3429,0,0,0,14,3,2008,297.92
1326,0,1,0,7,4,1981,130.66
3296,0,1,1,7,3,2004,316.69
3249,0,1,1,9,4,2006,342.19
3361,1,0,1,13,2,2009,337.44
2831,1,0,1,14,5,1985,305.99
735,0,0,1,8,6,1990,129.39
3895,0,1,1,2,3,1988,340.44
2607,1,1,1,1,7,2005,342.25
1663,1,0,1,15,10,1988,265.58
1095,1,0,1,2,5,2023,211.58
1552,0,0,0,8,2,2021,154.38
1413,0,0,0,3,10,2022,229.5
3801,0,0,1,15,7,2000,382.31
515,0,1,0,15,5,1998,93.12
3683,0,0,0,6,7,2000,337.19
897,1,0,1,8,4,1998,161.34
3166,0,0,0,8,6,2011,319.93
737,0,1,1,3,2,2023,119.92
1406,0,0,1,13,7,1992,178.17
3936,1,0,1,14,9,1991,468.29
611,1,1,0,2,7,1990,151.47
1050,0,0,0,9,10,2022,174.11
3215,0,1,0,15,3,2006,301.16
2005,1,0,0,1,5,2023,254.5
2091,0,1,0,13,7,1981,238.07
798,1,1,1,13,4,2024,190.54
2354,1,0,1,6,2,1995,265.93
3062,1,1,0,10,6,2002,347.14
3985,1,0,1,5,9,2004,468.04
3850,0,0,0,5,2,2011,325.78
526,1,0,1,8,9,1996,200.14
3914,0,1,0,1,3,2008,356.14
3508,0,0,1,7,3,1993,322.7
3266,1,1,0,7,9,2006,408.89
3786,0,1,0,10,5,2020,356.49
3203,1,0,0,6,8,2000,379.87
3452,0,0,1,4,3,2000,291.95
2905,0,1,1,14,4,1985,285.31
1958,1,1,0,12,5,1999,274.2
2975,1,1,1,6,10,2011,401.57
1831,0,0,0,4,10,2019,263.33
854,0,1,0,3,4,1987,117.46
1707,1,0,0,8,3,2014,201.15
1555,1,0,0,13,4,1992,188.2
2542,1,1,1,15,8,1990,365.33
556,0,0,0,5,4,2019,101.16
692,1,0,0,1,5,2019,139.61
1664,1,1,0,4,6,2001,248.7
3022,0,1,1,1,4,2017,308.32
1590,1,0,1,6,2,2005,194.23
709,1,1,0,11,3,2020,134.92
2761,1,1,1,1,2,2018,320.13
3125,0,1,0,6,9,1984,358.11
3432,0,0,0,7,9,1995,367.89
2062,0,0,0,9,7,2020,249.71
3634,0,0,1,11,8,1992,354.07
3416,1,0,1,13,6,2000,366.08
2956,1,0,0,5,8,1981,329.01
3150,1,1,1,4,10,2024,422.37
1763,0,0,1,4,7,2023,211.01
3064,1,1,0,2,5,1995,369.06
3163,1,0,1,14,4,2022,344.5
2230,1,1,0,14,5,2021,290.94
3180,1,0,1,14,4,1995,342.27
3742,0,0,0,9,7,2009,358.93
1307,0,0,1,1,2,1985,108.73
500,0,0,1,13,7,1980,107.02
2875,0,1,1,1,8,1995,326.29
1771,1,1,1,11,8,1982,286.54
1473,0,0,0,9,4,2010,142.81
3282,0,0,1,6,10,2013,386.37
2522,1,0,1,15,6,2002,322.25
3944,1,0,1,1,8,1988,432.82
2651,1,0,1,10,4,2000,300.37
1225,1,0,1,8,4,1992,174.84
3998,1,0,1,4,9,2020,468.3
581,0,1,1,4,4,1999,94.31
1939,1,0,0,4,3,1994,232.91
2794,0,0,0,14,6,1982,256.61
2658,1,0,0,1,3,1980,258.77
1992,0,1,1,3,5,1987,237.86
2220,0,1,1,7,4,2007,241.44
2124,0,1,1,11,9,1993,287.49
959,0,0,0,12,8,1994,122.61
3996,0,0,0,1,3,1982,337.26
2641,1,0,1,8,6,2008,310.03
1191,1,0,1,13,10,2015,269.12
850,1,0,1,8,4,2014,155.84
2420,1,0,1,14,8,1998,335.16
3266,1,0,0,3,10,2021,408.07
3789,0,1,0,5,3,1999,332.08
1839,1,0,0,14,5,1982,214.65
3243,1,0,0,7,10,2015,393.05
1851,1,0,0,5,2,2014,201.88
887,0,1,0,2,2,2002,115.16
680,1,1,0,14,7,2001,197.47
2823,1,0,0,9,6,1984,295.61
3945,1,1,0,6,2,2008,401.79
1982,0,1,1,6,7,1986,227.29
2793,1,1,0,9,10,1988,360.32
2881,1,0,0,1,9,1991,333.94
1652,0,1,0,5,5,1988,180.42
3657,1,0,0,2,9,2002,420.41
3539,0,0,1,15,8,1997,374.9
3194,0,0,1,15,9,1982,342.08
2429,0,0,0,7,5,1983,224.18
2306,0,0,1,14,10,1984,298.46
3129,0,1,0,13,5,2023,319.41
3989,1,1,1,11,6,1987,440.12
3613,0,1,0,9,7,2016,384.8
2247,1,1,0,4,10,2001,331.65
3252,1,1,0,13,6,1983,357.23
3272,1,0,1,9,4,1981,331.55
817,1,1,0,2,5,2000,180.69
3365,0,0,0,13,8,2022,359.29
2527,0,0,1,11,8,2024,308.1
2180,0,1,0,10,7,2012,275.98
3696,1,1,0,12,10,1980,445.18
1832,1,1,1,9,4,2008,272.68
2583,1,1,0,6,2,2000,266.55
1239,0,1,0,1,3,1981,114.21
1694,0,1,1,3,2,2013,182.98
1219,0,0,1,10,2,2009,105.03
2713,0,0,1,14,9,2015,304.55
607,1,0,0,7,9,1988,177.58
1237,1,1,1,3,3,2024,228.45
1296,0,0,0,7,6,1993,146.65
998,1,0,0,7,3,1995,162.86
1216,1,0,0,13,9,1983,230.25
3139,0,1,1,10,4,1994,301.1
1343,1,1,1,14,6,1990,238.42
3045,1,1,1,10,7,1987,366.04
1058,1,0,0,12,5,1989,158.67
3884,0,1,1,13,7,1993,381.03
2475,1,0,1,14,9,1988,328.87
1340,1,0,0,7,2,1996,155.89
2876,1,0,0,4,4,2003,294.51
2029,1,1,1,15,5,2004,273.53
3325,1,0,1,11,2,2017,329.35
1890,0,0,1,11,5,1997,220.47
2515,0,0,1,3,7,1989,261.02
3979,1,0,0,15,6,1999,420.78
1889,0,1,1,14,3,2003,214.51
2592,0,0,0,10,7,1987,275.01
2795,0,0,0,2,3,2011,226.92
3360,1,0,0,5,6,1998,353.78
1901,1,1,0,14,2,2009,233.83
1232,1,1,1,8,2,2001,194.25
3705,0,1,0,12,3,2003,325.38
3678,0,0,1,7,5,2007,336.33
2705,0,1,1,8,9,1989,338.69
3480,0,0,0,2,9,1983,351.01
1511,0,1,0,10,10,2001,238
1741,0,0,0,2,5,2018,167.26
3893,0,0,0,8,6,1990,339.87
3256,0,0,0,10,2,1997,277.38
1506,0,0,1,5,7,1993,190.25
1541,1,0,0,7,10,1980,264.56
1121,1,0,0,2,3,2023,178
1746,1,0,0,14,7,1984,236.29
1443,1,1,0,12,5,2016,224.58
2389,0,1,1,5,6,1987,279.7
775,1,1,0,5,9,2024,207.99
3959,0,1,1,14,9,1995,417.15
3868,0,1,0,7,3,2012,370.95
1050,1,1,0,14,9,2001,222.55
2668,1,0,1,7,9,1984,343.17
3500,0,1,1,7,8,1995,376.44
1992,0,1,1,3,10,2004,270.16
3045,0,0,1,5,7,2011,319.58
504,1,1,0,3,5,2011,141.34
3417,0,0,0,1,9,1999,354.83
3927,0,0,0,11,2,2014,317.51
3206,0,0,0,5,4,2020,290.5
1671,0,1,0,12,10,1999,223.2
2132,1,1,1,6,10,1996,333.17
1432,1,1,1,6,4,2009,217.39
1739,0,1,1,10,8,2022,238.72
632,1,1,1,6,5,2021,185.68
3963,0,0,1,5,9,1995,389.32
3393,1,1,0,6,6,1993,377.69
2206,0,0,1,15,4,1985,220.45
3555,0,0,0,9,6,2008,333.39
551,1,1,0,9,2,1987,99.82
961,1,1,0,10,7,1995,214.04
1757,1,0,0,13,9,2020,258.68
2140,1,0,1,4,10,1996,334.45
1852,0,0,0,5,5,1982,165.61
3984,0,0,0,2,10,2001,414.58
1550,1,1,1,6,4,1993,235.23
3527,0,1,1,10,3,2015,343.15
875,0,1,1,1,3,1983,126.63
2143,1,0,0,5,10,2009,328.28
1222,1,0,1,14,7,2023,229.34
3097,0,1,0,15,4,1984,297.75
2965,1,1,1,8,5,2018,380.15
2655,0,0,1,14,3,1995,245.26
1724,0,1,1,7,10,1980,254
2825,0,0,0,13,3,2021,255.89
1620,0,0,1,12,7,1981,203.92
2693,0,0,1,9,10,2004,338.78
3778,1,1,0,10,4,1999,389.49
2697,0,0,0,6,2,2016,211.88
1327,0,1,0,1,2,2003,137.97
674,1,0,1,12,8,2003,168.05
2642,0,0,1,15,5,1998,266.85
2966,0,1,0,6,4,2002,303.14
2388,0,1,1,3,4,1990,264.93
1893,1,1,1,8,2,2008,241.4
3308,0,1,0,1,6,2020,332.45
3881,0,0,1,14,10,1997,424.11
3988,0,0,0,3,2,1990,326.49
3138,0,0,0,12,3,1993,260
758,0,1,0,6,7,2007,150.23
1192,0,0,1,12,7,2016,180.67
3891,1,0,0,7,9,2020,459.7
2593,0,1,0,15,7,2007,285.24
3287,0,0,0,7,7,2019,336.98
3757,1,0,0,10,4,1990,391.01
2272,0,0,1,14,2,1987,188.8
1846,0,0,0,11,5,2014,191.66
3057,1,0,0,6,10,2024,413.46
3790,0,0,1,3,7,2015,382.69
2524,0,1,0,7,10,2004,308.57
1379,1,0,0,5,2,1996,185.21
3611,1,0,1,15,4,2014,400.52
875,1,0,0,6,7,1999,166.12
3848,1,1,1,14,10,1984,487.47
1099,0,0,1,7,5,1988,149.6
942,0,0,1,5,3,1980,79.22
1471,0,0,1,7,5,1992,162.17
3323,0,0,1,7,10,1996,379.99
3324,1,0,1,12,5,1992,380.5
3949,0,1,0,4,4,1994,367.22
1067,1,0,0,14,3,1987,133.16
1906,1,0,1,6,10,2016,304.98
3527,1,1,1,8,5,1999,405.79
2546,0,0,1,3,5,2006,261.18
2042,0,1,1,8,9,1982,264.72
1112,1,0,1,7,7,2008,215.82
3369,0,0,0,7,10,2017,349.59
2684,0,1,0,5,8,2017,296.91
718,0,1,1,11,9,2015,166.61
1150,1,1,0,6,9,2001,226.09
1704,1,0,0,6,7,2003,238.1
2315,0,0,1,8,2,2006,204.03
3876,0,1,1,10,6,1984,399.33
2715,0,0,1,6,5,1987,261.55
1543,0,0,0,8,4,2011,152.35
2761,1,0,0,14,5,1982,283.35
3709,1,1,0,4,5,2013,417.07
2402,0,1,0,4,5,1988,251.09
3657,0,1,1,14,9,2010,404.54
2477,0,0,1,3,8,2001,267.95
3907,0,1,0,7,8,2006,391.81
630,0,0,0,6,9,2024,140.95
1354,0,0,1,10,6,2011,156.41
3732,1,0,0,3,6,2000,410.07
1279,0,1,0,6,3,2004,128.07
3395,1,0,0,3,4,2024,375.24
2431,1,0,1,9,2,2013,269.44
2945,0,1,1,12,8,2001,343.33
1596,0,1,0,14,7,2018,228.19
1297,1,1,0,11,10,1984,265.15
1855,0,0,0,9,2,2016,161.32
1405,1,1,1,10,7,2002,256.38
3740,0,1,0,3,2,2006,341.62
1612,1,0,1,5,8,1993,242.43
3797,1,0,1,13,6,2024,436.17
2643,0,1,0,7,3,1986,253.24
3008,0,0,0,1,3,2012,261.07
1140,0,0,1,6,10,2008,179.62
1711,0,1,0,5,9,1983,222.48
1138,0,1,0,1,2,2020,122.42
3337,1,1,1,11,8,2009,413.07
2107,1,1,0,3,8,1998,287.67
1755,1,1,1,1,4,2016,268.81
1848,0,1,0,9,5,1987,214.05
3044,0,0,0,14,9,1998,303.19
2265,1,1,1,2,2,1985,262.41
1477,1,1,0,7,10,2011,277.62
2403,0,1,1,2,2,1996,217.79
2325,1,0,1,1,6,2009,294.68
3878,0,0,0,7,4,2009,326.37
3357,0,0,0,4,9,1987,341.41
3424,1,0,0,12,7,1988,359.29
2070,0,1,0,15,8,1993,245.61
1698,1,0,0,10,8,1987,234.39
3951,0,1,0,3,6,2021,389.45
1772,1,0,0,4,8,2014,280.71
2930,0,1,1,2,2,1989,282.41
3921,1,1,0,3,3,1999,389.07
2765,1,1,1,9,6,2016,351.7
552,0,0,0,4,2,2011,66.16
1694,1,0,1,2,6,2024,275.32
2580,1,1,1,12,10,1991,363.76
1797,0,0,0,3,8,2021,218.53
651,0,0,0,14,10,2013,157.82
1356,0,0,1,8,8,2008,178.99
3720,1,0,1,4,3,2016,401.26
748,0,0,1,12,3,2004,92.2
3659,0,0,0,10,9,2007,356.81
2983,0,1,1,5,7,2019,332.11
2960,1,0,1,14,2,1994,303.36
2910,0,1,1,2,3,2015,311.19
2471,0,0,0,10,3,1999,221.54
862,0,0,0,11,10,1993,161.98
2266,0,0,1,13,2,2005,216.86
1161,1,0,1,3,6,2024,225.08
766,0,1,1,3,6,2006,140.21
2408,1,1,0,11,3,2000,272.13
3644,0,1,1,9,10,1992,405.7
826,1,1,1,7,8,2006,210.85
2400,1,1,1,8,10,2001,379.95
2869,0,1,0,13,8,2008,304.93
2705,0,0,1,6,4,2019,260.67
592,1,1,1,2,10,2024,236.28
1427,0,0,0,14,8,2004,183.48
1925,0,0,0,2,8,1988,201.97
2051,1,1,0,12,6,1982,260.18
520,1,0,0,3,8,2017,175.51
1043,0,1,0,1,10,2007,183.65
2125,1,0,0,13,10,2011,318.65
628,0,1,0,7,6,1984,116.67
2540,0,0,1,13,3,1998,218.6
628,0,0,0,14,9,1994,127.87
1127,1,1,1,1,8,2008,237.48
1564,1,1,0,1,4,2015,228.78
2031,1,1,1,2,8,2007,308.78
2716,0,0,1,12,3,1994,235.18
1673,1,1,0,12,2,2023,212.24
3345,0,1,1,5,6,1994,330.84
3788,1,1,0,5,10,2004,468.07
2152,0,0,0,3,3,2016,213.29
3716,0,0,0,14,4,2011,339.04
2705,1,1,0,1,2,1986,282.2
676,0,0,0,10,2,2022,65.21
2300,1,0,0,12,8,1993,280.35
3712,1,1,1,13,4,2006,408.24
3964,0,1,1,8,3,2013,360.38
888,0,0,0,7,3,1982,71.47
768,0,1,0,12,5,2008,117.26
3957,1,0,0,7,9,1981,445.51
2126,1,0,1,7,6,1980,253.28
2375,1,0,0,14,3,2003,256.4
3930,0,0,0,12,10,1983,402.87
950,0,1,0,14,2,2020,125.23
3219,1,1,1,8,5,2014,379.37
3441,0,0,0,7,4,2024,295.44
645,0,1,1,4,9,2013,166.88
3099,1,0,0,11,4,2001,320.07
1890,0,0,1,14,2,2007,164.03
1991,0,1,0,15,4,2006,220.37
2232,1,0,0,14,3,1990,259.29
1555,1,0,0,10,3,2012,194.73
3494,0,1,0,12,7,1988,368.67
1539,1,1,1,13,9,1983,275.54
2242,1,1,0,13,2,1987,241.77
922,1,0,0,7,3,1996,148.15
2554,0,1,0,11,7,1984,282.54
1218,0,1,0,5,3,2002,135.35
3447,1,0,0,13,8,2018,418.41
1443,1,1,1,15,9,1997,267.93
3622,0,0,0,6,8,2010,345.98
3356,1,0,0,9,2,2012,338.33
686,0,1,1,11,2,2006,87.13
625,0,1,0,12,9,2019,153.4
2807,1,1,1,14,5,1987,339.85
860,0,0,1,9,5,2005,134.04
600,0,0,0,7,7,1994,105.14
552,0,1,1,2,10,2016,180.91
1271,1,0,0,11,2,1999,163.59
2298,1,1,0,9,2,2022,280.79
2629,1,1,0,11,3,2015,288.98
3012,0,1,0,4,2,2002,255.01
2549,0,0,1,9,10,2000,296.73
1641,1,0,1,7,6,2002,232.53
2126,1,0,0,7,7,2018,291.92
1236,1,1,0,9,3,2003,177.88
2594,1,0,0,14,9,2013,326.55
2446,1,0,0,15,8,2000,323.11
3029,1,1,1,4,9,2006,399.03
2460,1,1,0,3,10,1993,352.13
1328,1,1,0,10,2,2023,208.27
3900,1,1,1,8,10,2024,480.06
769,1,0,1,10,10,1984,204.37
3191,0,0,1,9,3,2009,288.97
3936,1,0,1,1,8,2018,438.04
2863,1,0,0,8,5,1989,303.4
3136,1,1,0,9,8,2016,394.34
3092,0,1,1,8,5,2005,340.07
1573,1,1,1,14,3,2000,209.16
665,0,0,0,2,7,1986,107.17
2146,1,0,1,12,3,1986,262.32
2570,1,0,1,11,5,2009,312.6
1168,0,1,0,13,10,2018,194.78
2987,1,1,0,13,8,2020,387.8
3337,0,0,1,12,6,1998,336.55
3375,1,1,1,15,4,2017,400.96
1461,1,1,0,9,10,2002,288.81
1842,1,0,0,10,7,2001,268.36
3941,0,0,0,2,5,2004,337.51
1972,1,1,1,12,5,2001,295.29
1323,0,1,1,1,5,1996,159.31
1144,0,0,1,8,2,1997,111.1
2603,0,1,1,10,2,2010,260.69
2899,1,0,1,15,7,2011,350.36
3951,0,1,1,2,4,1982,380.79
689,0,0,0,13,2,1990,58.49
3704,1,1,0,12,6,1992,417.29
3019,1,0,0,5,10,1990,371.81
1771,0,1,0,7,2,2006,171.42
2029,0,1,1,10,5,1988,229.74
3435,1,1,1,2,5,1984,379.17
3605,1,0,0,9,8,1999,415.48
3725,0,1,1,1,5,1994,351.73
2977,0,0,1,6,2,2017,251.77
2337,1,0,1,9,3,1985,269.31
3353,0,0,0,11,9,2024,340.13
3180,1,1,1,12,8,2024,406.5
2411,0,0,0,11,2,2018,201.11
1424,0,0,1,7,8,1980,204.92
2796,0,1,0,8,5,1999,297.92
2107,0,1,1,4,3,2011,238.24
1330,1,1,0,6,2,2018,193.27
2660,1,0,1,3,5,2017,339.87
3757,1,0,0,9,9,1987,429.64
1286,1,1,1,1,4,2018,218
2605,0,1,0,13,10,2015,328.98
1793,0,0,1,8,5,1985,197.33
3266,0,1,1,4,6,2017,342.28
861,0,1,0,7,9,2016,189.34
1454,0,1,1,8,4,2003,171.99
1764,1,0,0,12,9,1996,256.18
682,1,1,0,13,5,2019,185.95
1258,0,1,1,15,7,1993,178.24
2748,0,0,1,1,4,2011,285.98
2558,0,0,1,9,9,2013,305.01
2818,1,0,0,11,9,1999,355.78
1793,1,1,1,1,3,2003,244.74
3662,1,0,0,15,6,2004,379.37
2528,1,1,0,8,2,1993,287.44
3648,0,1,1,7,5,1996,355.66
1208,1,1,0,5,5,1984,212.83
1766,1,0,0,10,4,2014,211.58
3539,1,0,0,12,4,2021,389.05
3864,0,1,1,13,9,1997,435.86
2218,1,1,1,5,5,1988,299.51
1281,1,0,0,13,5,2005,181.89
636,0,0,0,14,3,1998,63.34
2672,1,1,1,15,10,1980,368.38
1824,0,0,1,7,8,2011,244.96
2846,1,0,0,7,9,1989,356.93
1241,1,1,0,4,8,2002,253.62
2804,1,1,1,2,4,1994,340.56
2263,0,0,1,11,4,2009,225.92
3536,0,0,0,4,7,2023,350.51
1608,0,0,1,11,6,2001,198.17
2908,0,0,1,10,6,1989,296.47
539,0,0,1,11,10,1998,163.8
903,1,0,1,6,3,2021,147.95
2512,1,1,0,11,9,2009,356.41
2685,1,0,1,5,2,2022,292.3
2362,0,1,1,5,6,2021,286.6
2657,0,0,1,8,7,1993,300.74
2958,1,1,1,9,2,1989,340.48
1971,1,1,1,7,2,2021,244.84
969,1,1,0,5,4,1984,184.41
1379,0,0,1,13,7,2022,192.34
2547,0,0,0,10,2,1999,208.32
2656,0,0,0,6,5,2020,241.14
3427,0,0,0,14,9,2020,342.45
3683,0,1,1,10,10,2023,441.55
3167,0,0,0,3,3,1992,266.44
2442,1,0,1,14,9,1999,322.37
1033,1,0,0,4,10,1989,206.44
3708,1,1,1,6,7,1980,446.69
3582,1,1,1,15,8,1985,436.87
3736,1,0,0,1,7,2024,420.76
3034,0,1,0,4,3,1991,258.1
3135,0,1,0,6,5,2023,339.22
949,0,0,0,3,4,2015,95.85
2909,0,0,0,12,10,2013,335.86
2406,1,0,1,12,3,2013,291.69
2321,1,1,0,9,7,1983,291.63
1184,0,0,1,9,8,1997,165.07
3197,0,0,1,5,4,1995,289.82
1579,1,1,0,12,9,2017,287.69
1498,0,1,0,13,4,1987,156.73
3296,0,0,0,6,9,1999,349.55
3121,0,1,0,13,5,2022,311.52
3319,0,0,0,14,8,2022,361.23
515,0,0,0,5,5,2024,80.8
1399,1,0,1,9,7,2001,225.56
700,0,0,0,2,4,2007,74.65
1335,1,0,0,15,8,1985,203.43
3904,1,1,0,2,3,2007,392.02
3850,0,0,0,12,3,1981,322.5
1160,1,1,0,5,7,2016,229.84
3278,0,0,1,2,8,2019,363.86
2393,1,0,0,13,2,1986,256.56
769,1,1,1,3,6,1981,170.53
1310,1,1,0,10,7,2008,243
1669,0,0,0,9,9,1984,197.16
1312,1,1,1,2,6,1993,249.5
2748,1,1,1,3,2,2013,313.09
965,0,1,1,13,9,2001,194.95
3332,1,0,1,6,3,1986,347.05
2273,0,1,1,10,7,1981,284.82
3252,1,0,1,11,2,2006,324.67
1972,0,1,1,12,6,2018,255.27
691,1,0,0,8,2,1993,119.15
2717,1,0,1,4,10,2023,376.88
2540,0,0,1,11,6,2015,264.32
3012,1,0,1,15,3,1982,312.19
1218,1,0,0,4,2,1982,126.38
2719,0,1,0,5,7,2006,300.84
755,1,0,1,7,7,1981,181.3
3264,1,0,1,4,2,1990,332.07
3216,1,1,1,4,4,1990,358.97
2041,1,1,0,4,9,2024,330.71
630,0,0,0,4,2,2009,65.81
3218,1,0,1,2,7,1997,377.82
1424,0,0,0,2,10,1984,189.35
3685,1,0,0,7,8,2007,414.73
3742,1,0,0,6,10,2001,438.08
1220,1,1,0,6,3,2007,195.27
1531,0,1,1,1,7,2001,201.27
3522,1,1,0,3,4,1994,389.91
2960,0,0,0,12,2,2018,246.11
1658,1,0,0,6,5,2024,238.57
1668,1,0,0,14,10,1992,274.3
2341,0,1,0,14,10,2016,285.97
2179,1,1,0,7,2,2004,253.98
3102,1,1,1,4,4,2020,370.61
2674,0,0,0,2,6,1987,272.26
1028,0,1,0,11,10,2010,192.46
2741,1,0,1,3,7,2019,352.29
501,1,1,0,8,10,2001,193.23
1949,0,1,0,10,5,2001,227.62
1986,0,1,1,10,7,1980,251.15
2335,0,0,0,11,9,1998,282.36
2837,0,0,0,6,4,1995,249.98
1283,1,1,1,9,9,1982,246.91
648,1,1,0,12,8,1988,171.21
2763,1,0,1,11,9,1997,369.65
2683,1,0,1,1,5,1983,326.55
1084,0,0,1,15,6,1993,138.03
732,1,1,1,15,7,2009,189.89
1553,1,0,0,6,9,2011,250.24
3462,0,1,1,8,9,2008,375.73
3244,0,1,1,9,3,2010,319.42
534,1,0,1,10,3,1996,136.72
3478,0,1,0,12,5,2019,352.15
2025,1,0,0,2,4,2004,231.53
1339,0,1,0,4,9,2011,190.23
941,1,1,0,14,7,1981,212.3
1029,0,1,0,6,2,1987,91.97
3739,1,1,1,13,5,1994,401.03
3705,1,1,1,5,10,1990,453.8
512,1,1,0,11,2,2018,146.95
3348,1,0,0,14,2,1980,297.94
3617,0,0,1,10,7,2019,359.58
2961,1,1,0,3,9,2017,382.03
2275,1,0,1,5,6,2006,297.97
1606,1,1,0,3,10,2007,293.7
1475,1,1,0,9,6,2018,226.32
3570,0,0,0,13,8,2024,352.96
2818,0,0,0,15,2,2014,252.2
1287,0,1,0,15,5,1980,145.36
2191,1,0,1,3,10,2015,316.82
692,0,1,1,2,4,1992,124.38
2426,0,1,0,11,9,2002,289.22
2007,1,1,1,9,4,2017,270.39
3624,1,0,1,6,3,1984,379.31
1269,0,1,0,5,4,1989,133.81
1268,0,1,1,6,9,2010,198.94
1219,1,1,1,9,5,2023,226.95
2878,1,1,1,8,6,1999,358.52
2568,1,0,0,8,3,2020,284.69
3344,0,0,0,6,9,2015,357.93
568,1,0,0,8,10,2009,175.09
2613,1,1,1,7,9,2009,380.39
840,0,0,1,12,3,2001,114.25
1148,0,0,1,7,5,2018,142.91
3765,0,1,1,9,2,2014,336.94
2610,1,1,0,3,3,2011,309.45
2178,1,1,1,7,9,1988,337.4
3778,0,0,0,2,7,1986,352.49
3685,1,1,0,11,9,2008,428.82
2615,0,0,1,1,5,2011,268.3
1570,0,0,1,2,2,2016,171.3
1548,1,0,1,2,4,1987,212.91
3255,1,1,1,9,10,1981,417.8
3002,0,0,1,12,10,2011,336.76
2642,0,0,0,4,6,2016,276.08
1774,1,0,1,11,9,1985,294.15
1051,0,1,0,4,8,1995,159.15
1746,1,0,0,8,8,2022,254.68
2169,0,1,0,3,7,2002,267.93
2145,1,0,0,2,3,2010,263.78
2817,1,1,0,10,9,2009,393.4
912,1,1,0,7,5,2023,186.14
1226,1,1,1,1,3,1985,194.43
2775,0,0,0,15,2,1989,221.89
550,1,0,0,10,6,1988,123.31
3406,1,0,1,3,8,2017,412.7
3410,1,1,0,1,10,2010,436.23
1379,0,1,1,13,2,1995,159.8
1376,0,0,1,10,6,2006,194.27
523,1,0,0,7,5,2024,131.23
1764,0,1,0,15,10,1987,227.29
2823,1,0,0,1,4,1999,311.72
3178,1,1,1,6,10,2004,433.2
2752,1,0,0,9,10,2019,351.46
2915,0,0,1,6,3,1990,278.08
2192,0,1,1,11,3,2017,229.95
3369,1,0,0,6,10,2023,437.09
2234,0,1,1,3,7,1983,268.91
3319,0,1,1,5,9,2021,391.16
1461,1,0,1,6,2,1982,177.32
1242,0,1,0,6,2,1995,115.1
3715,1,0,0,5,8,2006,402.46
3371,0,1,0,10,7,2012,334.72
575,0,0,0,10,3,2013,70.64
3047,0,0,1,7,4,2008,277.94
1841,1,0,1,3,9,2012,298.24
2184,0,1,0,7,7,2003,264.36
1533,0,0,0,13,6,2023,200.7
1115,1,0,1,14,6,1986,189.53
2435,0,1,0,7,7,1990,285.13
1560,1,0,1,3,5,1991,230.39
674,0,1,1,1,10,2021,199.88
3543,1,1,1,14,9,1991,428.86
3584,1,1,1,7,2,2023,394.68
3172,0,1,0,11,3,1998,273.98
3670,1,1,0,5,9,1989,420.36
600,0,1,0,15,5,2002,100.86
717,0,0,1,7,3,2000,87.82
3703,1,1,0,6,2,2017,381.13
1414,1,0,0,10,9,1999,257.13
2236,0,0,0,5,10,2013,291.53
2464,1,0,1,4,7,2011,312.31
2080,1,1,0,15,6,1986,282.58
1287,1,1,0,15,5,1981,219.96
512,0,1,0,5,7,1998,115.72
2181,1,1,0,4,5,2011,306.8
3819,0,0,0,15,3,2021,321.1
2996,0,1,1,9,6,2011,346.24
2735,0,0,1,7,8,1998,307.47
3865,1,1,0,9,4,1998,396.99
2241,1,1,0,4,8,1989,311.35
1388,1,1,1,11,5,2021,244.16
2265,1,1,1,2,5,2022,326.86
2796,1,0,0,4,5,2018,332.42
795,0,0,0,4,2,1990,48.48
2112,1,0,1,11,8,2011,307.57
3771,1,0,0,11,6,2002,416.47
1412,0,1,1,12,2,1987,163.05
3157,0,1,1,13,4,2019,331.36
1483,1,1,0,14,10,2017,269.66
3852,0,0,0,6,7,2003,385.46
3942,1,0,0,13,9,2008,462.87
3377,0,1,0,4,8,2022,349.98
2347,1,1,0,12,10,2013,355.02
2379,1,0,1,14,5,2022,315.06
2834,1,1,1,7,9,2001,371.45
1751,0,1,1,4,4,2016,205.41
2954,1,0,0,5,3,1992,285.08
1863,0,1,0,9,8,1988,245.89
2895,1,1,1,7,4,1994,343.31
2202,1,0,1,1,9,1986,309.54
1739,0,1,0,8,10,2013,259.84
2410,0,1,0,12,4,1986,235.95
3386,0,1,1,5,6,2007,342.31
3907,1,1,0,12,2,2024,393.96
1174,1,0,1,9,4,2003,192.04
2576,0,0,0,9,6,2001,266.13
3202,0,1,0,4,9,2001,358.09
2335,0,1,1,11,8,2023,284.53
3121,1,0,1,4,3,1991,312
3461,1,1,1,1,6,2005,410.57
1943,1,0,1,7,5,2002,251.78
1456,1,1,1,3,10,1982,298.28
3650,1,0,1,14,4,2003,380.58
1353,1,1,1,6,10,2012,293.07
3898,1,1,1,2,2,1984,400.43
2850,1,1,1,3,3,1991,336.5
3252,1,1,1,11,9,2023,433.05
3610,0,1,0,2,9,2000,368.37
1522,1,0,0,14,4,2002,182.69
3762,1,0,0,12,7,1988,390.2
3315,0,1,1,2,9,2003,361.3
3519,0,0,1,15,3,2018,303.91
1190,1,0,0,6,10,2011,235.04
3448,0,1,1,6,9,1998,396.98
880,0,0,0,5,7,2017,142.98
3831,1,1,1,13,9,2008,466.86
570,0,0,1,10,6,1985,99.35
2443,0,0,1,7,4,1984,229.88
3585,0,0,1,5,10,1981,374.61
3060,0,0,0,9,5,1985,283.26
3968,1,1,1,6,5,2008,443.06
1298,0,1,1,2,10,2009,221.54
3869,1,1,0,10,2,1988,366.54
2892,0,1,0,10,9,1992,308.67
3490,0,1,1,14,2,1991,303.97
1499,1,0,0,6,9,2007,255.43
1725,0,1,0,5,8,2019,242.75
2548,0,0,0,4,10,2017,296.37
2393,1,1,1,9,6,1988,325.79
1987,1,1,0,12,2,2017,237.08
3001,0,0,1,3,6,2014,308.06
2412,1,1,0,12,10,1990,347.87
1604,0,1,1,10,2,1987,183.8
3990,1,1,1,11,4,1986,417.95
639,1,1,0,2,9,2024,209.75
1288,0,0,0,13,4,1992,124.73
644,0,0,1,13,5,2012,126.19
1934,0,1,0,11,2,2014,193.99
1929,1,1,1,15,10,1988,305.16
2774,1,1,0,12,6,2017,338.91
966,1,1,0,10,3,2004,185.64
3969,1,1,0,5,6,1980,427.84
3089,0,0,0,15,6,2016,304.91
2226,0,1,0,1,8,1997,256.37
2545,1,1,1,11,10,1998,389.9
2546,1,0,0,4,3,2001,289.02
3375,1,1,0,14,5,2016,375.86
3945,0,0,1,10,3,2019,350.08
894,0,0,1,15,7,1983,153.55
2302,0,0,1,14,3,2020,225.51
1004,1,0,0,11,8,2021,205.22
2344,1,0,1,7,4,2018,275.51
697,0,0,0,3,10,1997,146.99
2180,1,1,1,9,6,2003,324.38
1024,1,0,0,12,6,1981,189.81
3942,1,0,0,9,10,2024,472.82
2108,0,1,0,4,8,1987,264.83
1410,1,1,0,15,4,2023,207.19
1430,1,1,0,11,5,1992,224.38
1394,1,0,1,3,4,1980,204.75
3054,1,1,1,8,3,1997,359.03
578,0,1,1,14,3,2000,83.48
3623,1,1,1,13,8,1991,444.71
2620,1,1,0,3,5,1983,295.16
2640,1,0,0,3,4,2018,285.52
3243,1,0,1,13,6,2001,391.76
754,1,0,0,11,3,2007,123.32
2726,0,0,0,2,4,1987,224.26
2672,0,1,1,7,5,2007,295.71
2533,0,0,0,11,4,2012,254.27
3996,1,0,0,13,9,2017,456.46
1609,1,1,1,13,3,1994,235.6
2664,0,0,0,7,5,2005,249.67
941,0,1,0,10,4,1983,122.56
3857,0,1,1,13,4,1990,348.43
3997,1,0,0,7,10,2014,482.01
3176,0,1,1,7,7,2002,349.56
2629,1,1,1,11,5,1981,339.46
1871,1,0,1,7,10,1986,299.6
1649,0,0,0,4,9,1984,208.91
1071,1,0,1,11,8,1998,233.87
2291,1,1,0,8,6,1993,316.97
1356,0,1,0,11,3,2023,168.69
1576,0,1,0,3,6,1984,169.62
2716,1,1,0,3,10,2009,377.57
1763,0,0,0,2,2,1997,145.52
3140,1,1,1,4,10,1998,438.01
1920,0,0,1,1,8,1992,229.24
2378,0,1,0,6,10,1981,283.86
781,0,0,0,9,4,2004,93.9
1383,1,1,0,4,8,1990,245.68
537,1,0,1,11,4,2015,160.36
2001,1,1,1,6,4,1995,263.8
1193,0,1,1,3,3,2001,143.73
3876,1,1,0,2,9,2021,468.7
2249,1,1,0,12,7,2000,301.21
1535,1,0,0,6,10,1986,236.45
1348,0,1,0,13,8,1987,188.45
2509,0,0,0,5,10,1983,278.58
1845,1,0,1,13,2,1995,228.37
2224,0,1,1,11,3,1983,225.69
1540,0,1,0,14,8,2013,208.58
900,0,1,1,8,8,2018,167.92
1206,1,1,1,13,8,2023,257.79
3603,1,0,1,4,9,2005,426.8
3258,0,1,1,15,10,2023,399.45
1407,1,0,1,4,10,1998,257.49
3259,1,0,1,4,8,2000,406.89
1847,1,1,0,7,7,2007,261.93
773,1,1,0,6,8,2022,216.77
1306,0,1,1,10,2,2022,166.5
915,0,0,1,7,8,1992,148.35
2643,1,0,1,14,3,1999,303.93
2689,1,0,0,15,5,1983,279.33
2869,0,0,0,5,5,2000,257.97
3972,0,0,0,3,10,1996,396.59
1611,1,0,0,8,7,1987,236.46
1379,1,0,0,13,4,1987,179.93
3208,0,0,0,2,10,2015,356.91
1268,0,0,0,1,10,2021,213.85
1580,1,0,0,5,10,1991,259.55
1280,1,0,1,7,7,1990,222.69
2526,0,1,1,11,8,1994,296.29
2320,0,1,1,9,2,1990,210.89
1681,1,0,1,4,2,2023,229.78
1088,0,1,0,6,3,2006,146.89
3799,1,1,0,2,6,2021,439.77
3485,0,0,0,5,7,2017,340.59
2880,0,1,0,10,7,1991,310.51
3704,1,0,1,5,6,2005,415.84
2656,0,0,0,4,9,1983,283.53
3416,0,0,1,13,6,2016,353
827,0,1,1,9,6,1980,130.46
1730,0,0,1,6,9,2017,253.02
1077,1,0,0,13,2,1996,160.27
955,0,1,0,10,10,2007,201.3
1878,1,0,1,10,2,2009,210.75
3765,0,0,1,12,4,2023,355.66
925,0,0,1,11,2,2011,96.34
2308,1,1,0,12,5,2012,285
2999,1,0,0,7,9,2003,367.01
1571,1,1,0,2,4,1993,218.47
1419,0,1,1,15,5,2013,174.06
1144,0,1,1,9,10,2011,211.72
3504,1,0,1,1,8,2013,414.3
583,0,0,0,4,5,2012,73.52
2861,0,0,0,3,2,2021,231.51
596,1,1,1,12,7,1980,169.39
3857,0,1,1,7,6,2008,396.43
1487,1,1,1,3,3,2011,223.3
3504,1,1,1,1,8,2019,423.68
1207,0,1,1,4,3,2013,143.85
2243,1,1,0,12,3,2014,263.13
607,0,1,1,12,8,1991,151.17
1806,1,0,0,9,10,2006,286.84
2791,1,1,0,11,5,1995,333.17
3901,0,0,1,5,4,2021,351.87
3544,0,0,0,2,7,1992,337.44
2161,1,1,1,2,6,1991,295.63
3423,1,1,1,1,5,2011,387.17
2580,0,1,0,15,5,2010,266.46
788,1,1,0,15,4,1987,148.17
2322,0,0,1,2,9,2017,303.37
2198,1,1,0,12,5,2014,272.21
1510,1,0,0,12,9,1985,258.52
1289,1,0,0,7,2,2001,147.94
3413,1,1,0,2,8,2007,430.44
2935,0,1,0,14,5,2016,282.72
1758,0,0,1,3,7,1982,185.38
2897,0,1,0,11,2,1986,239.67
1714,0,1,0,2,7,2008,228.7
2418,0,0,0,8,8,2000,273.12
3894,0,0,0,2,10,1995,416.2
2612,0,1,0,4,5,1991,279.05
1939,0,1,1,5,5,2023,242.32
3881,0,0,1,14,10,1982,385.45
1934,0,0,1,8,3,1999,182.26
3365,1,1,0,1,9,1994,424.87
3999,0,0,1,2,7,2019,385.06
1660,1,1,0,10,3,1986,226.23
3681,1,0,1,10,4,2013,400.76
1942,0,1,1,4,9,2014,293.85
2629,0,1,0,14,10,2001,316.06
2892,1,1,0,6,6,2014,369.31
3250,0,0,0,6,5,2012,309.05
2992,0,1,1,6,6,1986,301.49
2696,0,1,1,2,9,2009,330.64
1360,1,1,1,6,5,2024,250.43
3350,0,1,1,7,5,2003,327.68
3800,1,0,1,5,5,2024,434.1
1909,1,0,1,2,10,1990,308.94
3983,1,0,1,7,4,1986,395.18
1262,0,0,0,1,3,1990,99.79
1061,1,1,1,8,5,1987,186.22
3501,0,0,1,2,10,2019,394.83
1970,0,1,0,6,9,2022,277.87
1695,1,1,1,8,4,2005,244.44
1779,0,0,0,5,6,2005,181.95
913,1,0,1,8,2,1995,153.2
520,1,0,1,5,5,2023,172.2
2746,0,0,1,9,9,2012,316.97
2067,0,0,1,11,4,1988,195.74
2073,1,1,1,9,3,1992,267.6
3639,1,1,1,15,9,2009,447.05
2300,0,0,0,1,9,2018,282.88
2618,0,1,1,13,4,1996,271.95
2683,1,0,1,9,3,1989,298.58
1980,1,1,0,10,10,1986,302.36
2636,0,0,0,10,9,2013,277.08
2631,1,1,0,5,3,1993,276.9
2229,0,0,0,14,5,2002,227.69
1109,0,1,0,10,5,1992,159.84
1863,0,0,0,5,7,2019,201.17
3584,0,1,1,9,10,1988,385.75
2774,1,1,0,14,6,1980,343.18
3400,1,1,1,4,3,2019,390.81
1829,0,1,1,9,10,2008,287.65
1604,1,1,0,6,8,1999,274.77
881,0,1,1,1,6,2019,178.27
3782,0,1,0,5,6,1995,348.11
2171,0,1,0,12,10,2006,273.18
3104,0,1,1,8,7,1988,336.86
3144,0,0,0,9,10,1999,328.39
1106,1,1,0,2,10,2006,239.77
3081,1,1,0,2,5,2024,346.23
2115,1,1,0,4,7,2005,308.08
2349,0,0,0,12,4,2017,217.13
3560,0,1,1,14,7,2009,367.53
3082,0,1,1,14,10,2011,388.05
2507,0,1,0,11,5,2011,272.42
3040,1,1,1,6,2,1995,322.09
3913,0,0,0,3,2,2010,310.81
1105,0,1,0,6,2,1987,97.54
2038,1,0,1,14,4,2020,285.05
2346,1,0,1,8,8,2008,306.25
1525,1,1,1,7,6,1988,267.85
632,1,1,0,11,8,2018,191.25
2507,1,1,1,1,3,1988,307.36
1258,0,0,1,2,7,1996,186.97
1181,0,1,1,15,10,2004,235.88
3966,0,0,0,3,6,1994,360.74
3878,0,0,1,4,4,1986,332.81
1768,0,1,0,15,7,1993,199.61
627,0,0,1,14,9,2013,161.71
944,0,1,1,9,4,1983,148.27
3860,1,1,0,8,6,2000,427.95
3249,1,0,0,4,8,1991,367.53
895,1,1,0,4,4,2004,162.92
1724,0,1,0,6,10,2002,259.05
3933,1,1,1,14,2,2021,412.72
1930,1,1,1,4,6,1996,278.5
3932,0,0,1,2,6,2008,389.36
874,1,1,0,8,9,1995,200.69
3797,0,1,1,9,7,1996,410.16
510,1,1,1,8,4,1992,145.85
1410,1,1,1,3,8,2000,264.29
2461,1,0,0,7,8,1986,323.52
2161,0,0,1,6,8,1994,256.97
2267,0,0,0,10,2,1980,174.98
3420,0,0,1,15,9,2004,357.81
1357,0,1,1,10,2,2013,157.87
800,1,1,0,2,10,2003,229.93
3176,1,0,0,10,5,1983,314.94
3178,0,0,0,8,10,1981,332.63
1216,1,0,0,13,10,2024,234.58
1612,0,0,1,10,10,2016,258.18
3668,0,0,0,11,2,2006,290.4
3334,0,1,1,3,3,2019,336.2
2277,0,1,1,3,4,1999,254.99
2768,0,0,1,9,3,2009,275.19
3424,0,0,1,15,8,2013,354.21
986,0,1,1,8,2,2000,130.84
2703,0,1,1,13,9,2010,338.65
2350,1,1,0,13,6,1995,292.44
1875,1,0,0,14,9,2020,270.11
2354,0,1,1,8,4,1999,235.42
3730,1,1,0,7,7,2003,431.26
2646,0,1,0,3,6,1996,276.26
3705,1,0,1,10,10,2012,464.67
3444,1,1,0,10,5,2010,388.17
1734,1,0,1,4,9,2011,284.27
1528,1,0,1,3,6,2005,229.01
1692,1,0,1,5,6,1995,260.71
2101,1,1,0,4,2,1990,251.63
2247,0,1,0,5,2,1995,193.06
2506,1,0,0,7,2,1980,262.02
1495,0,1,1,4,2,2024,188.31
1679,0,0,1,14,2,1997,158.36
2576,0,1,0,9,10,2002,311.01
935,0,1,0,11,9,1983,153.07
2169,1,1,0,10,5,1986,262.97
1272,0,0,0,13,2,1996,105.95
3838,0,0,0,4,3,2023,327.55
3068,1,1,1,4,6,2023,375.1
1989,1,1,1,8,4,1987,273.4
3786,1,0,1,3,7,2020,453.33
2616,1,1,0,12,5,2024,329.64
3863,0,0,0,2,10,1981,374.16
2608,1,0,0,8,2,1983,262.99
3560,0,0,1,1,6,1990,361.31
3065,1,1,1,7,7,2011,407.02
1321,1,1,1,12,8,2018,271.94
2090,0,0,1,3,5,1982,219.07
1816,0,0,0,10,8,1989,210.4
1049,1,1,1,6,9,1994,248.83
2672,0,0,1,7,10,1999,305.99
1892,1,0,0,13,6,1985,227.6
2485,1,0,1,7,10,2009,366.97
1825,1,0,0,1,4,2015,242.63
2400,0,1,1,5,10,1982,310.75
1560,1,1,1,13,3,2020,219.03
1028,0,0,0,9,7,1994,131.82
2565,1,1,1,9,8,1986,357.75
507,0,0,1,2,10,2012,136.18
2675,1,1,1,2,2,1982,292.42
1469,1,0,1,4,8,2009,242.81
884,0,1,1,15,5,1998,137.35
2223,0,0,0,1,5,2011,214.3
3581,1,0,1,8,3,2004,370.29
669,0,1,1,9,3,2018,119.95
1185,0,1,1,6,10,2001,209.73
2281,0,1,0,8,7,1990,264.63
2334,0,0,1,6,7,1989,271.56
3400,0,1,0,9,8,2024,356.19
1379,0,0,0,5,2,1987,118.21
1403,0,1,1,11,10,2012,236.2
770,1,1,0,10,8,2004,204.78
1204,0,0,1,10,7,1998,186.75
1941,1,1,1,12,8,1984,314.04
3842,1,1,0,5,5,1987,403.91
843,0,0,1,2,9,2005,161.73
2662,0,0,1,12,6,1984,277.19
1865,1,1,0,12,3,1994,244.99
3009,0,1,1,2,5,2015,325.45
3011,1,1,0,8,8,2014,387.29
617,0,0,1,6,4,2010,101.66
1692,1,1,0,2,3,1994,203.13
3312,1,0,0,7,6,2012,353.78
700,1,0,0,9,10,2020,198.38
3750,0,1,1,12,3,2022,355.89
2262,0,0,1,5,7,2013,255.53
900,1,0,1,2,6,1996,185.1
2045,1,0,0,6,10,2024,313.93
2883,0,0,1,11,9,2017,335.91
2141,1,1,1,9,3,2016,261.81
2197,1,0,1,15,7,2010,289.16
3277,1,1,0,8,9,1996,414.04
1869,0,1,0,9,5,1982,197.47
2529,0,1,1,5,3,2019,257.96
1551,1,1,0,7,8,2017,264.69
3336,0,1,1,2,3,2013,315.75
2965,0,1,1,8,3,1999,301.03
2999,1,0,1,4,7,1999,352.98
3373,1,1,1,4,10,2013,463.35
3835,0,0,1,2,7,1992,374.87
1834,0,1,0,3,2,2002,181.76
1825,1,1,0,11,5,1998,254.47
1998,0,0,1,10,9,2020,279.98
3111,1,1,0,4,5,1980,339.35
2718,0,0,1,8,5,2002,271.76
3267,1,1,1,2,5,2018,405.51
1687,0,1,0,10,7,1981,197.1
3706,1,0,1,13,6,2013,402.98
2655,0,0,0,2,7,1998,280.87
2022,1,0,0,8,3,1985,220.22
634,0,1,0,2,6,1982,118.74
1870,1,1,1,13,5,1985,246.12
1950,0,0,1,8,6,2019,212.11
1820,1,1,1,3,10,2006,328.13
1945,0,1,1,15,6,2004,231.41
2005,0,1,0,4,7,2021,244.11
3377,0,0,1,12,8,1983,327.45
999,1,1,1,7,9,1984,240.58
698,1,0,1,4,9,1986,204.54
1301,1,0,1,1,3,2004,208.15
3182,0,0,1,12,5,2002,325.31
2965,1,0,0,8,4,1987,296.84
1259,1,0,1,4,8,2014,232.66
3312,1,1,0,12,8,1995,419.93
2981,0,1,0,11,4,2018,293.48
1753,0,1,0,8,4,2004,184.32
1663,0,0,1,15,9,1993,242.01
792,0,1,1,11,8,2014,188.01
3129,1,1,0,6,5,1983,343.84
2972,1,0,1,3,10,2014,384.5
3149,1,1,1,2,3,1983,356.63
1667,1,1,1,2,7,1986,254.19
1488,1,1,0,12,8,2019,266.84
2798,1,1,0,12,6,2008,336.8
2305,0,0,0,12,6,1993,215.97
2962,1,0,0,6,5,2014,337.2
3092,0,1,1,7,6,2021,343.93
3810,0,0,0,10,2,2001,310.52
2318,1,1,0,2,5,1985,278.33
1331,0,1,0,13,9,2022,211.88
3278,0,1,1,2,4,1980,312.65
546,0,0,0,8,6,2013,116.45
612,0,0,0,11,10,2012,126.76
1545,1,1,1,1,10,1984,291.1
2100,0,1,1,7,9,2004,285.78
2404,1,1,1,5,5,2014,303.17
2124,0,0,1,12,6,1998,231.58
1077,1,0,0,13,10,2017,232.06
3095,1,0,1,2,7,2012,382.29
3900,0,0,0,1,2,1982,304.41
911,1,1,1,4,7,1988,197.06
3203,0,1,1,4,5,2016,333.29
3385,1,1,0,6,2,1998,360.73
2195,1,0,0,10,5,2007,257.84
2548,0,0,1,6,10,1997,306.24
2388,1,0,0,14,8,1999,296.64
3935,0,1,0,13,9,1986,415.14
1478,0,0,1,7,9,2011,222.11
2635,0,1,0,8,10,1994,330.18
3784,1,1,0,5,7,2004,432.17
1618,1,1,1,4,3,2000,226.05
2276,1,1,0,15,5,2006,287.28
2047,0,1,1,13,9,1987,257.73
1813,1,1,0,7,6,1987,250.53
2986,1,1,0,6,5,1993,328.66
2705,0,1,0,11,2,1999,227.17
665,1,1,1,6,8,2023,199.73
1395,0,0,0,7,6,1986,170.22
3373,0,0,0,11,3,1993,294.64
3397,0,1,1,13,3,2006,331.77
3504,0,0,1,13,10,1984,388.36
543,1,0,0,10,2,2004,105.29
632,0,1,0,6,6,2006,108.71
1486,1,1,0,2,7,1981,219.79
654,1,0,0,9,5,2001,146.2
2333,0,1,1,6,6,2021,278.77
3162,0,0,0,3,3,1990,246.16
3771,0,0,1,6,2,1990,305.88
818,0,1,0,4,6,2004,146.67
2678,1,1,1,5,3,2017,341.1
2455,1,1,0,1,10,1990,349.9
1167,0,0,0,6,10,2012,178.26
2725,1,1,1,4,3,1987,313.74
3033,1,1,1,13,3,1995,348.35
1763,1,1,1,8,4,2004,236.93
971,0,0,0,12,5,2012,123.41
3986,1,0,0,3,10,1984,452.57
2108,0,0,1,8,9,2006,259.91
1606,0,1,0,8,5,1992,183.13
3497,1,1,0,1,9,1981,421.92
754,0,0,1,3,8,2007,129.8
775,1,1,0,9,6,1986,168.65
2421,0,0,0,6,10,2007,270.78
3039,0,0,0,6,4,1996,279.59
3350,0,1,0,1,10,2018,371.24
805,0,1,0,14,4,2012,130.48
2993,1,1,0,11,9,1991,397.96
702,1,1,1,6,8,1986,216.34
3255,0,0,0,8,10,1982,329.25
601,1,0,0,10,4,1980,134.68
1531,0,1,1,14,2,1995,155.66
2265,1,1,1,13,10,1997,338.07
1550,1,0,0,1,7,2016,235.89
1013,0,0,0,2,4,1984,93.04
870,1,0,0,6,5,2009,180.12
2972,1,0,1,14,7,2023,354.81
1934,1,0,0,14,5,1991,236.47
2313,1,0,1,4,3,2022,298.32
558,0,0,0,1,9,1980,114.04
1195,1,0,0,11,3,2000,177.71
867,0,0,0,15,5,1987,93.48
2290,1,1,0,6,8,2005,327.5
2519,0,1,1,15,2,1987,237.27
1206,0,0,0,1,5,1995,150.1
2768,0,1,0,8,4,1997,255.3
2417,1,1,0,6,7,2011,344.46
1285,1,0,0,2,7,2007,214.3
3241,1,1,1,9,8,1993,398.4
1222,0,1,0,13,9,1999,179.09
1297,1,0,0,10,2,1999,173.62
2082,1,1,1,8,2,1992,240.75
1127,0,1,0,2,10,2012,218.45
1963,0,1,0,5,7,1984,208.1
1752,0,0,1,6,10,2018,270.97
1202,1,1,1,15,8,2023,269.12
1146,0,0,0,9,2,2014,104.59
1276,1,1,0,12,10,2003,256.93
1525,0,1,1,10,5,2008,208.99
2676,1,0,0,13,9,1989,348.37
2147,1,1,1,9,7,2013,306.02
1802,1,1,0,10,9,2022,286.79
3968,1,1,0,9,10,2024,478.03
3026,1,0,1,13,7,1982,344.92
1005,1,0,1,11,4,2024,190.86
610,1,0,1,4,3,2017,124.09
1752,0,1,0,4,9,2005,256.83
2520,0,0,0,3,4,2010,252.24
1548,1,0,1,5,8,1986,230.37
3361,1,1,0,15,9,1980,419.56
2168,0,1,0,8,10,2024,304.66
2317,0,0,1,5,10,1985,272.08
2331,0,0,1,13,3,2003,239.96
1754,1,0,1,14,8,2016,278.01
3124,0,0,1,6,2,2003,254.26
3932,0,0,0,9,9,1990,398.36
610,0,1,1,7,3,2011,118.16
1412,1,1,1,10,9,2013,271.64
3789,1,1,0,7,5,2008,411.53
867,0,1,1,7,6,2021,148.05
605,1,1,0,3,4,2015,135.55
1735,0,1,1,12,10,2016,268.35
550,1,1,1,7,6,1988,185.31
2687,0,0,0,1,3,2022,251.51
3664,1,1,0,7,8,1999,419.19
2202,1,0,1,8,2,2003,238.83
2657,1,0,0,4,6,2002,324.67
1760,1,0,0,10,5,1996,206.75
2163,0,0,1,10,10,1992,284.59
571,0,0,1,2,3,2024,80.89
3906,0,1,0,9,5,1989,383.32
828,1,1,0,4,10,2006,211.7
1613,1,0,1,2,4,1993,211.74
1156,1,1,1,9,5,2003,224.91
712,1,0,1,11,6,1986,171.13
1814,1,1,0,10,10,2005,306.39
2950,1,0,1,11,10,2022,381.15
1024,0,0,1,15,7,1990,140.8
614,1,0,0,14,8,2024,163.21
1573,1,1,1,6,2,2019,233.53
1599,1,1,0,7,7,1981,245.76
2790,1,1,1,13,7,2007,368.22
2258,1,0,1,8,8,2005,321.91
1765,1,0,1,13,9,1983,276.12
2111,1,0,1,5,5,1982,245.93
549,0,0,0,10,2,2024,64.16
2535,1,1,0,14,8,2006,351.66
2871,1,1,0,2,3,1983,322.57
1659,1,1,0,14,7,2003,249.05
2242,0,1,0,3,8,2007,282.24
1551,0,1,0,4,9,2003,209.01
2579,0,1,0,4,10,2007,326.47
714,0,1,0,6,10,2024,189.99
2772,0,0,0,11,5,1984,262.08
554,1,0,0,10,10,1993,160.31
2414,1,1,1,15,10,2003,386.58
1093,1,0,1,7,7,1985,197.18
2079,1,0,0,15,4,2019,253.05
2079,0,0,1,13,4,1985,195.09
2426,1,0,1,1,6,2001,309.29
1296,1,1,0,9,4,1993,207.18
1072,1,0,0,4,5,2024,168.44
3991,0,1,0,4,5,1994,368.05
3573,1,1,0,2,10,2020,443.74
1100,1,0,1,12,9,1999,222.55
2243,0,1,0,13,5,1996,250.85
3477,0,1,0,11,9,1996,359.49
3913,1,0,0,15,5,1992,403.11
3369,1,0,0,5,9,1986,405.57
3815,0,1,0,10,10,1999,394.16
2468,1,0,0,14,3,1980,264.36
2556,0,0,0,13,3,2002,225.41
3471,1,1,0,14,8,1989,417.86
2623,0,1,0,12,4,1980,244.44
3418,0,0,1,2,8,1997,374.35
2785,0,1,1,11,8,1999,319.25
2500,0,0,0,10,5,1993,251.38
3271,0,0,0,7,3,2008,301.2
3983,1,0,0,4,8,1987,418.13
1422,1,0,1,14,4,1994,220.75
1283,1,1,0,9,8,2021,255.42
2472,1,1,1,10,10,2000,353.67
3332,0,0,0,10,8,1993,346
2988,1,1,0,4,10,2013,399.7
2989,0,0,1,9,9,2008,334.95
3127,1,0,1,4,3,1981,332.98
1267,0,0,1,6,6,2015,152.35
784,1,0,0,10,8,2015,204.43
1131,0,1,1,8,9,1983,198.91
1516,0,1,0,11,7,1990,207.94
2367,1,0,1,1,3,1991,273.42
1347,0,1,1,5,9,1986,204.56
1176,1,0,1,8,3,2012,181.79
722,1,0,1,2,7,1983,190.46
3719,0,0,1,9,2,1990,316.58
3752,0,0,0,6,4,1997,337.46
1188,0,0,1,12,5,2003,166.34
3370,1,0,0,7,9,2003,418.41
3807,1,1,1,8,5,1987,419.52
2618,1,0,1,9,2,2001,266.94
3079,0,0,1,14,4,2006,308.65
3194,1,1,0,13,7,2009,376.28
1969,1,0,0,15,5,2008,244.7
2582,1,0,0,5,7,2008,299.71
2124,1,1,1,1,8,1983,299.92
1236,0,0,0,10,6,2006,129.67
1352,1,0,0,7,5,2012,217.24
3686,0,0,1,14,9,2022,415.04
3765,0,0,0,10,3,1987,300.38
3515,0,0,0,11,3,2005,319.51
3498,1,1,1,7,8,1983,442.43
2639,0,1,0,5,3,1989,255.27
1274,0,0,0,4,2,2006,108.99
3937,1,1,1,12,3,1991,431.33
2214,0,0,1,13,9,2014,292.29
2622,0,0,1,8,9,2022,322.35
1928,1,1,0,10,3,2008,265.38
1051,0,0,1,9,8,1980,163.46
2686,0,0,0,10,10,2007,319.86
3195,0,1,0,6,6,2002,310.36
2220,1,1,0,4,8,2002,296.24
1500,1,1,0,9,8,2004,276.88
3122,1,1,0,9,2,2002,319.56
3172,1,1,1,2,6,2014,383.15
1474,0,1,0,6,2,1998,149.36
1902,0,0,0,1,3,2009,156.09
634,0,1,0,7,7,1983,101.1
3478,1,0,0,9,5,2012,385.87
3318,1,1,1,10,10,1995,436.54
2950,1,0,0,5,9,2019,377.01
2046,1,1,0,6,9,1982,285.92
3955,1,1,1,10,2,1983,383.49
1989,0,0,1,13,8,2018,247.91
989,1,0,0,5,5,2023,165.84
3610,1,0,1,13,6,2019,426.31
2874,0,0,0,4,9,2022,329.5
3109,1,1,0,13,10,1992,404.82
3730,0,0,0,4,9,2018,364.93
1958,0,1,1,14,9,1997,256.62
1243,1,0,0,11,4,2006,168.25
666,1,1,1,15,8,2011,221.72
3474,1,0,0,12,6,1982,367.37
3636,1,1,1,14,6,2010,428.51
3646,1,0,0,5,10,1986,430.99
3635,1,1,1,13,9,1998,464.58
1393,0,1,0,7,9,2008,225.14
537,1,1,1,5,7,2016,200.67
3947,1,1,1,2,2,1985,415.93
2482,1,0,0,13,4,2024,282.12
1031,1,0,0,6,4,2009,169.41
515,0,1,0,14,7,2002,109.4
621,1,0,0,10,3,1996,121.84
1677,1,0,0,2,4,2022,211.45
3895,0,1,0,13,6,1987,371.44
2582,0,1,1,4,2,1982,232.03
1306,1,0,0,9,7,1985,202.73
2024,0,0,0,9,5,2021,204.99
3339,1,0,1,1,4,1983,346
3023,0,1,0,7,5,1995,279.4
3569,1,0,1,15,10,1993,433.76
736,1,1,0,12,5,2015,156.68
985,1,0,1,11,10,2016,240.16
2655,0,1,0,10,6,1989,280.25
3742,0,0,0,4,2,2014,319.82
1290,0,0,1,4,3,2007,143.06
3320,1,1,1,7,4,1980,358.28
2536,0,0,1,7,5,1987,260.39
1132,1,1,0,9,3,1996,191.09
3563,1,0,1,8,5,2008,377.43
1616,0,0,1,5,9,2015,221.73
3592,1,0,0,2,9,2016,423.11
3612,0,1,0,13,7,2004,381.19
2713,0,0,1,9,9,1980,295.85
958,1,0,0,10,9,2004,223.14
1653,0,0,0,1,2,2006,123.22
3734,0,0,0,2,5,2008,332.19
2614,1,1,1,1,6,1991,318.15
2294,0,0,0,4,9,1994,257.72
2189,1,1,1,2,6,1985,316.68
2590,0,1,0,11,9,1992,298.21
832,0,1,0,3,5,1992,103.15
923,0,1,0,7,4,1991,124.06
2616,1,1,1,5,8,1989,341.43
1723,0,0,0,7,5,1984,160.3
3609,1,1,0,3,3,1981,367.5
612,1,1,1,13,6,1987,159.71
3616,1,0,1,7,10,1982,441.88
3360,1,1,1,6,4,2013,371.34
563,0,0,0,10,9,2018,124.94
561,0,0,0,15,6,1981,63.33
2526,1,0,0,13,6,1987,291.19
3685,0,1,0,15,8,1989,381.93
2769,0,1,1,7,9,1984,335.04
2520,1,1,1,9,8,1981,345
3068,0,0,0,7,6,1993,279.13
1560,1,0,0,6,10,1992,259.75
867,1,0,1,8,2,1999,158.25
2353,1,1,1,6,10,2005,357.05
3442,1,0,0,3,9,2021,394.13
3609,0,0,0,6,4,2020,341.91
1581,0,0,1,1,2,2019,150.37
3966,0,0,0,7,3,2020,347.22
2425,1,1,1,7,2,1991,296.67
1262,0,0,0,1,8,1999,180.96
3020,1,1,0,3,4,1983,330.07
594,0,0,1,1,9,2016,144.41
1123,1,1,0,15,10,1988,251.51
507,0,0,1,1,5,2007,112.76
2588,1,1,0,9,8,2023,373.29
1937,0,1,1,1,8,1983,264.52
3735,0,0,1,6,10,1992,394.15
3476,1,1,0,6,2,2013,370.94
2387,0,0,1,12,3,1992,214.92
2318,0,1,0,6,9,2010,271.8
2408,0,0,0,5,5,1992,214.6
3466,0,0,1,12,8,1996,372.06
3282,1,1,0,1,10,1980,420.8
822,1,1,0,8,2,2006,135.02
2098,0,0,1,8,7,1996,247.52
3883,1,1,1,8,2,2019,413.67
1591,0,0,1,12,6,2005,187.58
686,1,0,1,12,9,2008,194.25
2167,1,0,1,10,9,2004,306.91
3763,0,1,1,9,2,1995,341.51
1362,1,1,0,3,6,1991,239.15
2828,1,0,1,12,10,2005,391.61
2954,1,1,0,8,3,1984,331.42
3103,0,0,1,9,2,1986,271.77
2906,0,0,1,10,6,1988,279.89
2571,0,0,0,10,4,1986,219.83
1138,1,0,0,7,7,2023,229.8
3961,1,0,0,7,4,2015,405.65
2151,1,1,0,12,9,1990,328.58
2166,0,1,1,2,3,2018,222.3
2496,0,0,0,3,6,1997,227.06
3424,1,0,0,14,2,2004,331.91
3504,1,1,0,1,6,1995,399.63
2408,1,1,1,1,6,2022,334.43
2070,0,0,1,4,9,2001,270.94
2429,0,0,0,15,4,2006,208.19
1053,0,1,1,8,10,2016,216.73
1655,1,0,1,3,2,2002,202.14
1532,0,1,0,4,4,1985,178.45
2316,0,1,1,2,10,1997,322.02
1918,0,1,1,14,6,2002,238.8
1590,0,0,1,6,8,1983,215.33
525,1,1,1,8,5,2008,157.16
908,0,0,0,5,4,1993,93.42
1835,1,1,1,14,4,2015,248.59
3578,1,0,0,9,5,2011,373.34
3338,1,1,1,15,10,1995,417.98
925,0,0,1,4,9,1998,172.62
3293,1,0,1,5,9,2014,421.25
574,1,1,1,12,9,2016,206.43
2298,1,0,0,2,8,2018,315.84
3381,0,0,0,2,5,2006,291.87
2157,0,1,1,5,10,2002,277.36
3499,0,0,1,4,10,1999,375.71
3389,1,0,0,10,8,2022,385.88
2698,0,0,1,5,4,2024,254.47
1050,0,0,1,2,3,2004,111.71
873,0,0,0,1,3,2024,112.64
3598,0,0,1,9,8,2015,396.26
1881,1,1,1,15,4,2014,281.92
2369,1,0,1,11,3,2016,266.4
2168,1,0,0,3,7,2014,276.84
522,0,1,1,6,2,2005,69.67
1568,0,1,0,11,8,1985,197.79
2859,1,0,1,5,10,2008,366.89
2125,0,1,1,7,3,1985,223.89
2635,0,1,1,6,10,2000,325.8
3653,0,0,0,6,7,1984,353.36
2949,1,1,0,10,9,2017,397.36
3066,0,1,1,11,9,2016,361.02
3652,0,0,1,14,6,1985,351.68
3803,0,0,1,5,4,2019,364.65
2204,1,1,1,8,5,2008,321.99
794,0,0,1,11,2,1991,74.07
2966,0,1,1,1,5,2021,314.46
859,0,0,1,14,7,2020,144.71
1523,1,1,0,12,7,2014,247.35
2011,1,0,0,5,9,1992,282.7
1349,0,1,0,13,9,2024,226.82
603,1,1,0,8,2,1996,111.32
3203,1,1,1,9,10,1984,405.11
2509,1,1,1,13,8,2001,370.76
3113,1,1,1,13,9,1982,415.72
2417,0,0,0,2,9,1983,270.07
3648,0,0,0,11,6,2007,353.82
2393,1,0,0,3,4,1993,251.22
2892,1,1,1,5,6,2024,376.37
885,1,1,0,4,3,2002,175
1114,1,0,1,15,8,2016,236.99
2193,0,1,0,13,2,1990,204.79
1778,1,1,1,3,4,1988,263.38
1965,0,0,0,6,10,2016,232.88
3541,0,0,0,11,8,1981,345.21
2244,1,0,0,14,5,1983,257.28
3441,0,0,1,5,9,1985,358.61
1584,0,1,1,12,5,1985,196.67
3080,1,0,1,8,7,1995,369.74
2671,1,0,0,15,6,2008,322.21
746,0,0,1,8,3,2003,90.46
2633,0,1,0,6,7,2007,275.19
2956,0,0,0,13,9,2000,298.9
1019,0,0,1,12,2,1986,102.88
1994,1,0,1,6,5,2018,290.85
2766,1,0,1,1,10,1982,355.11
3695,1,0,1,1,3,2005,372.72
3430,1,0,1,11,6,2010,410.81
773,0,1,1,15,2,2003,117.08
2026,0,1,0,6,3,2000,212.42
2660,0,1,0,12,9,2006,324.83
3526,1,1,1,9,7,1987,409.55
744,0,0,0,3,7,1999,121.63
1732,0,1,1,14,5,2015,219.44
2382,1,0,0,9,2,1999,246.52
2255,1,0,1,15,2,2003,269.77
2184,0,0,1,4,7,1995,259.05
746,0,1,1,2,4,1980,103.48
3093,0,1,1,6,5,2021,318.31
1468,1,1,0,2,7,2010,239.85
794,1,0,1,3,2,2009,136.02
3894,0,0,0,5,3,1987,336.94
2368,1,0,1,15,3,2001,284.59
1855,0,1,1,4,9,1990,272.94
842,1,1,1,6,3,2013,160.78
2533,1,1,0,5,6,2016,327.39
1967,0,1,0,10,6,2015,223.81
1702,1,0,1,9,2,1992,216.69
1478,1,1,1,11,3,2003,224.94
758,0,1,0,6,4,2014,117.5
729,1,1,0,5,10,2000,221.32
2086,0,1,0,12,9,2006,260.97
792,1,0,0,1,9,2023,206.51
2755,0,1,1,2,2,1993,240.1
3894,0,1,1,3,5,2001,396.65
3603,1,1,0,6,8,2019,425.78
2191,1,1,0,9,10,2003,318.3
2440,0,1,1,3,4,1987,238.72
2165,1,0,0,14,8,1983,285.53
1395,0,0,1,7,6,2003,168
2999,0,0,0,10,5,1982,271.93
2584,1,1,0,6,4,1987,288.1
1132,0,0,0,6,2,2006,96.91
3126,0,0,0,6,10,1987,343.91
3985,1,1,0,4,3,1993,402.83
3345,0,1,0,13,7,2006,356.99
575,0,1,1,4,5,2018,135.71
2614,0,0,1,13,4,1983,246.32
3227,0,0,0,4,3,2023,302.29
2129,1,0,1,2,9,1989,321.62
1375,0,0,0,7,7,2008,187.6
3905,1,0,1,10,9,1982,427.49
2580,1,1,1,7,8,2004,347.75
3822,0,0,1,14,10,1991,417.8
2408,1,0,1,1,9,1982,320.16
1854,0,0,0,13,7,1995,222.87
1238,1,1,1,11,8,2023,246.59
659,1,0,1,2,10,1982,205.21
2783,1,0,1,5,7,2001,362.25
669,1,1,0,13,5,2012,165.49
847,0,1,0,7,4,2014,139.47
3678,0,1,0,12,9,2005,399.09
2716,1,1,0,5,7,1986,329.93
2650,1,1,1,4,8,2004,364.51
3324,0,0,0,9,7,2012,321.01
1905,1,1,0,4,6,1982,241.92
2184,0,1,1,13,8,1986,280.69
2427,1,1,1,5,5,2008,301.09
2776,1,0,0,9,5,2024,325.83
3943,0,0,0,1,6,1980,333.8
2618,0,1,1,3,2,2020,275.76
597,1,1,1,4,3,2010,136.64
3026,0,1,0,15,3,2013,283.99
2183,1,1,0,1,7,2005,314.31
700,1,1,0,6,3,2009,133.82
3755,0,0,1,7,5,2009,363.4
2845,1,0,0,11,9,1987,357.87
1113,0,1,1,8,8,1986,196.99
3662,1,0,0,15,7,2018,427.05
1179,1,0,1,8,7,1990,222.75
2793,1,0,1,11,6,1981,328.6
2204,0,0,1,13,4,2005,234.04
1711,0,1,0,13,7,2023,232.68
3377,1,0,1,3,2,1993,351.17
1524,1,1,1,7,5,1983,222.86
3402,1,0,1,13,9,1981,409.76
612,0,0,1,6,6,1997,101.67
3601,1,0,1,6,6,1985,390.74
2225,0,0,0,12,5,1988,212.69
1339,0,0,1,4,5,1982,141.6
3542,0,0,0,10,4,2013,332.93
3227,0,1,1,15,8,1985,342.33
2792,1,0,1,15,4,2017,307.44
2333,1,1,1,4,3,2021,286.8
1651,1,0,0,3,6,1991,216.35
3248,0,1,0,1,9,2017,353.02
2366,1,0,0,11,9,2007,320.11
3813,0,0,1,6,8,2013,395.49
2959,0,1,1,10,10,2015,348.72
1717,1,1,1,3,8,2014,290.71
2544,0,1,0,10,7,1998,270.58
3293,1,0,1,10,3,2024,357.05
3796,1,1,0,6,8,1998,441.04
3299,1,1,0,6,3,2014,372.76
1724,0,0,1,8,6,2001,187.93
716,0,0,1,12,4,1987,108.39
3858,1,1,1,5,5,1981,407.91
2198,0,1,0,4,5,1989,224.29
3325,0,1,0,2,8,1988,359.38
3616,1,0,0,15,6,2007,392.64
3861,0,1,0,1,3,2003,345.25
3511,0,0,0,7,9,1988,357.13
529,1,0,0,6,2,1994,85.79
1378,1,1,0,15,7,2022,241.84
2844,1,1,0,2,6,2017,348.22
3373,0,1,0,4,8,2000,371.21
3504,0,0,0,6,2,2012,279.8
2263,1,0,1,14,3,1983,267.55
2559,0,0,1,5,2,1984,231.14
2579,1,1,1,13,9,1984,348.22
3842,0,0,0,1,6,2023,382.59
1855,0,1,0,7,10,1980,242.64
3105,1,0,0,14,8,1997,369.8
3533,1,1,0,2,5,1984,398.75
2990,1,1,0,12,4,2005,358.3
2859,0,0,1,8,2,1992,262.94
1017,1,0,1,8,8,1981,218.97
3717,1,1,0,9,7,1984,425.74
2707,0,0,0,4,2,2000,207.09
1431,1,1,1,8,10,2012,289.54
3467,1,0,0,5,9,2007,405.89
3492,0,0,0,5,6,2002,317.42
1041,1,1,1,5,7,1994,216.03
1338,1,1,0,12,2,1993,163.03
1522,0,0,0,7,5,1990,165.38
1841,1,1,0,13,8,2000,294.46
2553,0,0,1,8,7,2017,288.59
3069,0,1,1,12,4,2022,338.33
2540,1,1,1,15,6,1981,318
1864,1,0,1,7,9,2016,282.73
2941,0,1,1,3,9,2009,345.26
3644,1,1,1,10,4,2001,406.47
2810,0,1,1,10,10,2006,334.8
1740,0,1,0,8,6,2017,215.94
1334,1,0,1,5,2,2022,183.43
2641,1,0,1,10,5,2013,303.09
3854,1,0,0,2,5,1992,408.19
2492,0,0,0,6,8,1988,277.94
3850,1,0,0,6,9,2000,443.33
2782,0,0,1,2,2,2014,246.92
1731,0,1,0,9,6,2003,222.43
1650,1,1,1,14,10,1983,292.76
1367,1,0,0,3,10,2020,238.62
2713,0,1,0,2,6,1993,279.84
1895,1,1,1,3,5,2004,257.02
2379,0,0,1,2,9,1981,271
1066,0,1,1,4,4,2013,169.13
2714,0,1,1,14,5,1999,298.66
2627,1,1,0,10,8,1980,356.27
512,0,0,1,9,5,1985,79.88
1235,0,0,0,8,8,1999,164.48
2829,0,0,1,8,8,2018,300
3821,1,0,0,3,2,2019,360.85
1703,1,1,1,12,5,1980,249.45
3027,0,0,1,6,2,2002,270.98
2694,0,0,1,1,4,2011,261.22
1575,0,0,1,10,3,1995,174.88
3954,1,1,1,7,5,1983,448.36
3410,0,0,1,14,2,1984,305.32
3515,1,0,0,11,5,2009,354.58
2170,1,1,0,12,7,1997,316.26
2418,0,1,0,13,5,2021,259.89
1582,1,0,0,9,5,1993,208.97
3408,1,0,1,8,10,2010,425.77
1719,0,0,0,15,8,2018,195.71
1089,1,0,1,7,10,1985,225.57
1771,1,1,1,12,10,2000,294.19
2763,1,1,0,11,9,2014,381.05
1008,0,0,0,5,7,1983,138.66
3862,0,0,0,15,6,2010,354.69
567,0,1,0,12,4,1984,73.78
2220,1,0,1,13,6,2018,298.24
2792,0,0,1,15,9,2011,312.73
3079,1,0,1,6,8,2007,402.08
2488,0,1,1,1,2,2006,244.91
3926,1,0,1,7,9,2017,473.79
1282,0,0,1,5,7,1996,162.32
3678,0,0,0,9,10,2024,396.06
1287,1,0,1,8,4,2013,192.76
1823,1,1,1,7,5,2016,287.61
1570,1,0,0,9,5,1981,183.94
3157,0,0,0,7,9,2001,336.42
3010,0,0,1,15,8,1987,324.88
3759,1,0,0,4,3,2022,389.38
1442,1,0,0,7,7,1991,200.67
2897,1,1,0,5,9,1988,384.81
1977,0,0,1,12,7,2019,240.97
519,1,1,1,1,7,2012,190.7
3427,1,0,1,4,9,2021,432.64
3049,1,1,1,14,6,2019,397.97
2656,1,0,0,2,5,2001,315.91
2960,0,1,0,6,7,2005,302.34
3358,0,0,1,14,10,1989,357.79
552,0,1,1,5,5,1986,122.93
951,0,0,0,7,7,2005,142.51
1947,0,0,1,14,9,1991,230.68
2962,1,0,1,5,9,1980,374.58
3392,0,0,0,3,2,2020,271.13
3875,0,0,1,11,6,2024,365.91
3288,0,1,1,2,3,1989,307.22
618,0,1,1,4,2,1986,99.87
1674,0,0,1,14,6,1988,198.42
3746,0,1,1,14,6,2020,408.03
2089,0,1,1,3,4,2019,226.28
3926,0,0,0,7,3,2022,336.33
1895,1,0,1,11,9,1988,273.82
2459,1,0,1,15,9,1991,330.4
934,0,1,0,6,9,1992,174.43
1007,1,1,0,6,7,2019,225.81
3583,1,1,0,15,5,2012,387.53
1941,1,1,0,11,3,2000,250.14
1799,0,0,1,3,10,2013,247.86
2701,1,1,0,9,10,2015,382.9
3104,0,1,0,7,4,2024,311.38
3017,1,0,1,12,10,1991,399.93
3053,0,0,0,5,5,1990,282.13
2036,0,1,1,5,10,2021,288.24
1746,1,0,0,11,10,1999,263.64
3014,0,0,1,9,10,2009,344.77
772,1,0,1,12,7,2011,174.31
3188,1,0,1,11,4,2004,332.87
645,1,0,1,15,4,2023,170.09
2087,1,0,0,3,7,2020,272.08
608,0,0,1,11,9,2017,139.5
2294,1,0,1,8,10,2018,352.11
878,1,0,0,2,7,2017,171.95
3557,1,0,0,11,6,1980,352.15
932,0,1,0,7,5,2011,119.7
3893,0,0,0,11,9,2011,395.13
1996,0,0,1,13,9,2001,258.74
3507,1,0,1,10,5,1985,394.85
619,1,1,0,3,2,2002,112.47
3453,1,0,0,10,7,2020,390.07
3662,0,0,0,3,4,1993,319.29
2192,0,1,1,5,4,2011,225.28
3690,1,0,1,13,10,2022,476.76
866,1,1,1,5,5,2006,205.53
2352,1,1,1,8,10,2022,358.93
1523,0,1,1,5,7,1992,224.31
3267,0,1,0,4,9,2005,358.77
3817,0,0,1,14,6,1984,365.91
3329,1,1,0,13,8,2004,396.33
1215,1,1,0,13,7,2000,211.34
2675,0,0,0,15,10,1995,292.43
1214,0,0,1,4,5,1991,145.95
1866,1,1,0,6,5,1986,251.04
1029,0,0,0,8,2,2014,108.2
3633,1,1,0,6,5,1984,376.11
3227,0,0,0,12,6,1997,322.21
3099,0,0,0,13,5,2022,302.16
1459,0,1,1,4,8,2001,203.09
3286,0,1,0,9,9,1989,363.67
2244,1,1,1,9,7,1997,326.98
786,0,1,1,6,6,1988,120.96
2369,0,1,1,12,5,1987,270.98
585,1,1,1,3,5,1988,178.75
765,0,0,0,7,6,2010,128.42
1613,0,1,0,8,9,2006,233.19
838,0,0,0,3,8,1999,145.66
2670,0,1,1,14,8,2015,314.28
2702,0,0,0,7,8,1990,277.42
2662,0,1,1,12,2,1994,238.67
1515,0,0,1,10,2,2013,145.56
2444,1,0,0,15,4,1993,250.75
2843,0,0,0,15,8,1989,297.84
2716,0,0,1,3,3,1998,264.32
2485,0,0,0,5,2,2004,227.64
3715,0,0,1,13,4,1980,339.45
1064,0,0,0,14,9,2015,176.46
1226,1,1,1,10,7,1981,235.39
2879,1,1,1,14,2,2022,324.17
717,0,1,0,9,2,2008,101
2054,0,0,0,11,6,2015,232.43
1358,0,1,0,11,5,1998,177.48
1514,1,1,1,5,3,2023,222
3782,1,0,0,12,3,1985,366.58
3680,1,0,1,7,8,2010,422.63
1374,1,0,0,2,9,1986,228.38
1642,1,1,0,7,6,2015,250.7
3567,1,1,1,1,9,1986,458.73
1348,0,1,0,15,8,2008,192.03
2525,1,0,1,11,4,2003,277.98
668,1,0,0,12,8,2002,156.66
3346,1,0,0,13,3,1986,344.37
2672,0,0,0,14,10,2021,294.87
1703,1,0,0,1,10,2001,278.64
3910,1,0,0,14,2,2013,389.57
1506,0,1,1,13,4,1989,158.1
2463,1,0,0,12,3,1992,267.13
2455,0,0,1,4,7,1998,247.91
1205,1,1,1,2,10,1984,269.96
1957,1,0,1,6,10,1994,302.95
3924,1,0,0,7,10,2021,461.15
990,0,0,0,8,8,2003,146.81
1243,1,0,0,1,10,1984,221.37
1542,0,0,0,11,7,1985,167.55
1134,0,0,0,15,4,2005,127.97
1721,1,1,1,13,3,2016,232.23
2512,1,0,1,5,5,1994,295.12
2856,0,1,1,10,4,2001,291.43
1913,0,1,1,2,10,2017,301.61
1741,1,0,1,15,9,2004,291.71
2065,1,0,1,1,6,1996,266.34
567,1,0,0,2,3,2023,130.92
2524,0,0,1,9,5,2013,254.46
3163,0,0,0,2,5,2020,286.96
2744,0,0,1,9,10,1998,302.33
1254,1,0,0,10,3,1989,153.8
774,0,1,0,8,6,1984,108.85
685,1,1,1,7,10,1980,225.39
3627,0,1,0,3,10,1996,390.54
3189,1,1,0,4,7,1987,394.12
945,1,1,1,4,7,1987,208.91
1773,0,0,1,4,3,1996,152.81
1593,1,0,0,7,3,2008,207.85
3575,0,0,1,1,10,2006,410.64
3625,0,1,1,2,3,1980,320.7
766,0,0,1,5,3,2011,111.02
2026,1,0,1,9,9,1996,307.33
994,0,0,0,7,4,1989,86.34
3692,1,0,1,6,6,2010,397.3
2522,1,1,0,9,10,2020,370.55
3606,1,1,0,5,3,1981,356.97
2158,0,0,0,12,9,1995,232.35
666,1,1,1,12,5,1999,172.08
2767,1,1,0,1,9,2014,371.05
2087,1,0,0,2,10,2023,324.79
1901,1,0,1,3,4,2003,258.63
1321,0,1,1,8,2,1982,135.3
3688,0,1,0,1,7,1980,352.77
927,1,0,1,4,8,2007,212.84
3280,0,0,1,11,3,2023,323.82
1239,0,1,1,13,4,2016,159.14
969,1,1,1,5,5,1987,183.39
3536,1,0,1,14,8,1983,408.18
825,0,0,0,7,5,2003,90.79
1011,0,0,1,13,2,2023,127.35
1244,0,0,0,14,8,2019,164.75
2641,0,0,1,15,4,2013,265.16
1511,0,1,0,4,9,1984,191.63
957,1,0,1,8,10,1987,216.94
2387,0,1,1,13,6,1988,282.93
3606,0,0,1,3,7,1997,341.09
1845,0,0,0,9,2,1980,159.19
1606,0,1,0,1,2,1988,143.59
1811,1,0,1,15,8,2019,295.55
2563,0,0,1,7,6,2001,248.88
2641,1,1,0,1,3,1987,279
678,0,1,1,7,8,2008,175.2
672,0,1,1,4,8,1982,134.87
1466,0,1,0,13,3,1983,130.52
2853,1,0,1,6,6,1986,353.4
1379,1,0,1,13,5,1986,224.11
1264,1,0,1,8,10,1995,242.21
3778,1,0,1,2,5,2008,396.25
3131,0,1,0,10,8,1987,324.89
1728,1,0,1,14,7,1986,269.13
3885,0,0,1,1,8,1991,382.7
2637,0,0,1,6,8,1982,280.86
2550,1,0,1,11,6,1981,325.3
3333,0,0,0,13,6,2010,328.18
1246,1,1,1,5,7,2018,266.58
3992,1,1,1,4,4,1983,433.59
3380,1,1,1,15,6,1997,403.7
762,0,1,1,1,6,1994,149.74
2939,1,1,1,10,9,1999,402.67
1994,1,0,1,5,4,2017,277.13
3903,1,0,0,8,9,1992,431.66
2353,0,1,0,1,3,2012,228.71
643,0,0,0,12,10,1995,131.47
3054,1,0,0,12,10,2012,406.83
2698,1,1,0,9,5,2000,328.16
2285,0,0,1,2,4,1985,202.62
3131,0,0,0,2,9,1981,304.88
1531,0,1,0,15,9,2001,209.15
1774,1,1,1,2,2,2005,244.41
2761,1,1,0,14,10,1993,386.86
3900,0,0,0,4,5,2022,373.21
3500,0,1,1,13,5,2006,373.3
2085,0,1,1,6,4,1994,241.7
1672,1,0,0,14,4,2009,207.72
2565,1,1,0,9,3,2020,303.46
1488,0,1,0,6,8,2024,212.67
1574,1,1,1,3,5,2018,262.79
2170,0,0,1,9,10,2000,290.07
2209,0,1,1,12,2,2017,246.97
3703,0,0,1,12,2,1985,325.16
1441,1,1,1,11,9,1999,293.19
3661,1,1,1,2,6,2018,447.74
3093,1,0,1,4,3,2015,340.26
645,1,1,1,13,7,2022,203.3
3383,0,1,0,5,5,2000,326.44
1017,1,1,1,13,9,1997,252.03
2934,1,1,0,12,4,2008,346.11
1445,1,1,0,12,4,1997,220.73
772,0,0,0,15,8,2018,125.74
2990,1,0,1,4,6,1983,357.49
2137,1,0,1,4,3,1998,239.59
3650,1,1,0,12,2,2000,377.64
3348,0,1,0,14,4,2000,302.07
1393,1,0,1,3,6,2014,223.2
797,1,1,0,2,6,2012,174.85
1927,0,1,0,4,3,2016,190.22
1539,0,0,1,11,9,1992,223.27
2539,1,1,0,3,7,1996,334.76
3096,0,1,0,6,8,1991,330.26
1850,0,0,1,12,5,1990,180.93
3424,0,1,0,10,10,1983,359.77
1314,0,0,0,11,10,1998,181.11
2642,1,1,0,10,6,2017,345.47
1568,1,0,0,2,4,1983,207.23
3622,1,0,0,8,9,1994,395.18
3531,1,1,1,3,7,1980,424.99
1689,0,1,0,10,9,2020,244.3
1085,0,1,1,4,6,2018,181.72
3212,1,0,1,3,7,1984,368.13
923,1,1,0,10,9,2010,222.85
3884,1,0,1,8,8,1988,452.8
3470,0,1,1,10,10,1983,401.81
3672,1,1,1,7,6,1996,406.13
3057,1,0,0,12,6,1996,343.64
962,0,0,1,7,4,1987,119.36
1546,0,1,1,12,4,1990,191.16
2485,1,0,1,14,6,1992,325.46
1366,1,0,1,5,9,2009,267.53
2042,0,1,1,4,5,1985,223.09
863,1,1,1,15,4,1992,184.8
3770,1,0,1,2,9,1988,444.82
2024,1,1,0,4,4,2005,255.35
2538,0,1,1,11,7,1982,303.38
2318,0,0,0,9,5,2024,238.85
2140,0,0,0,3,10,2000,269.67
1817,0,1,0,8,7,2011,232.1
790,1,0,1,3,3,2000,146.9
2906,0,1,0,11,3,1993,265.1
3831,0,0,0,10,8,1994,389.68
3730,0,0,0,15,4,2024,355.35
1390,0,1,0,11,4,1982,144.62
3636,1,1,0,6,7,1996,426.47
2061,1,1,1,13,6,2020,325.45
3710,0,0,1,7,2,2019,346.42
2371,1,0,0,5,9,2012,335.23
3235,1,1,0,4,2,2019,328.13
2331,0,0,1,15,10,2012,287.41
2446,1,1,1,10,2,1992,273.46
3127,0,0,1,5,10,2006,341.35
606,0,0,1,1,10,2016,165.47
1437,1,0,0,10,8,2011,223.58
2883,0,1,0,3,9,2024,326.03
721,1,1,0,6,3,1988,135.86
1934,0,1,1,15,2,1982,203.89
1497,1,1,0,15,4,1981,207.99
812,1,1,1,3,3,1999,179.5
1943,1,0,0,12,7,1992,263.39
2841,0,0,1,13,9,1991,315.27
3525,0,1,1,12,2,1981,322.45
677,1,0,1,7,6,2014,165.19
1231,1,0,1,6,7,2022,228.58
773,0,1,1,13,8,1995,143.37
3026,1,1,1,7,2,2009,322.57
909,0,0,0,9,6,1985,121.2
2074,1,1,1,2,8,1986,306.52
2289,0,1,0,2,10,2001,271.86
1193,0,0,0,8,8,2002,173.43
3296,1,0,1,9,9,2011,411.44
1837,0,1,0,12,4,1991,200.6
3963,0,1,0,4,6,2001,394.82
2926,0,0,0,13,4,1990,265.89
3550,0,0,0,8,5,1986,327.66
2314,1,1,0,2,2,2015,274.63
2744,1,0,0,9,7,2013,340.54
1512,0,0,0,6,7,2019,200.88
3755,1,1,0,4,10,1984,457.96
1252,1,0,0,7,6,1989,194.94
3388,1,1,0,6,3,1983,342.16
782,1,0,0,8,2,2024,136.04
659,1,0,0,11,10,1996,172.09
3983,0,0,1,12,6,2014,406.06
3040,1,1,1,9,6,2008,390.07
1553,0,0,0,9,5,1999,157.5
3174,1,0,0,9,2,1990,301.7
2867,0,1,1,4,4,2008,290.79
889,0,0,0,11,2,2006,83.31
1236,0,1,0,9,4,2021,159.03
1434,1,1,1,2,2,2002,212.52
3040,0,1,0,5,3,1997,260.07
2242,0,0,0,4,2,2018,176.76
636,1,0,1,9,4,1997,142.16
1189,1,1,1,5,6,2000,236.6
3708,1,1,0,1,6,2017,423.32
1999,1,1,1,11,9,2009,324.82
3056,0,1,1,8,4,1992,301.85
2502,1,0,1,7,2,2003,258.66
1557,1,0,1,14,10,1980,267.23
712,1,1,0,10,3,1995,151.89
1099,0,1,0,11,6,1983,139.97
2382,1,1,0,1,3,2012,300.05
1908,0,1,0,14,2,2021,210.38
2534,1,0,0,6,8,2009,312.82
2032,0,0,0,3,3,1984,165.07
3308,1,1,0,11,10,2023,439.45
864,0,0,0,8,7,2020,148.63
2401,0,0,1,8,8,2019,266.25
3498,1,1,0,15,6,1986,377.2
2604,0,1,1,3,2,2024,254.29
1733,0,1,1,8,3,1998,193.06
3163,1,0,1,13,6,1985,346.94
502,0,1,0,14,5,1989,82.06
2084,0,1,0,3,8,1982,248.41
2155,1,1,0,8,9,1986,310.42
840,1,1,1,12,3,2004,170.73
3305,0,0,0,6,6,1995,324.02
3579,1,1,1,7,4,2022,415.96
1797,0,1,0,15,3,1983,192.34
1655,1,1,1,14,7,2007,295.23
3153,0,1,1,8,4,1997,326.91
2200,0,1,1,14,10,1996,304.8
988,0,0,1,15,3,2010,129.27
3618,1,0,0,13,8,1985,381.54
3323,1,0,0,12,4,2000,346.53
1571,1,1,1,14,2,2023,249.39
614,1,0,0,10,3,2020,116.03
3151,0,0,0,6,9,1999,314.7
781,1,0,0,14,4,1982,136.81
3694,1,0,0,10,9,2017,412.12
2611,0,1,0,4,9,1990,298.17
3751,0,0,0,15,4,2001,344.84
3966,0,0,1,14,7,1997,407.07
2221,1,1,1,15,8,1997,316.47
3487,1,1,1,7,10,1997,461.68
3408,1,0,1,14,10,1993,413.61
3307,0,1,1,9,6,1997,338.62
1600,0,1,1,5,10,2007,248.03
1136,0,1,0,15,8,1996,194.94
3257,0,0,0,14,5,2002,306.45
3402,1,1,1,5,3,1985,373.98
3143,1,0,1,11,7,1982,365.85
1264,0,0,1,2,2,2020,118.51
2199,1,1,0,15,4,1995,279.12
596,1,0,1,9,5,2005,153.91
2631,1,1,0,2,5,2006,340.43
2972,0,1,0,6,10,2022,357.04
774,0,0,0,15,6,2014,106.57
530,1,1,1,1,8,2009,206.29
3688,0,1,1,15,10,1990,409.16
610,1,0,1,10,8,2020,183.52
1228,0,0,1,7,5,2021,160.65
765,0,1,1,10,5,1993,143.03
805,1,1,0,15,2,1995,140.25
2822,0,0,1,1,2,2004,249.58
3894,1,0,1,14,8,2007,445.86
2529,0,0,0,8,3,2008,225.74
2222,0,0,1,5,5,1981,240.5
1193,1,0,0,6,4,1981,147.3
3999,0,1,1,13,4,2018,404.94
867,0,0,0,14,9,2022,164.91
1395,1,0,1,14,4,1987,193.82
2608,0,0,1,1,2,1995,216.12
1999,0,1,0,4,3,2013,200.16
2987,0,0,1,2,9,2009,321.78
3850,0,1,1,7,2,2020,368.74
3410,1,0,0,13,3,1982,343.56
3486,0,0,0,2,10,1988,344.22
3327,1,0,1,2,7,2024,400.93
1178,0,1,1,12,8,2000,182.97
1617,1,1,1,4,2,1997,201.49
3324,1,1,1,1,2,2010,343.45
2651,1,1,1,13,4,2007,340.14
2614,1,0,1,9,9,1987,359.01
715,1,1,0,7,7,1989,180.07
1017,0,1,1,5,4,1984,139.6
810,0,0,0,8,5,2003,116.84
983,1,0,0,4,7,2022,202.28
3814,0,1,1,15,8,2004,427.23
1485,1,0,1,8,9,2004,258.58
2450,0,0,1,2,4,2011,225.02
1110,0,0,1,13,5,1982,143.9
1029,1,1,0,5,2,1990,152.01
3021,0,1,0,4,5,2022,325.99
3222,0,1,0,3,9,1993,334.73
1212,0,0,0,13,7,1981,142.85
1497,1,0,1,7,6,1988,230.22
1972,1,1,0,4,8,2006,280.63
2490,1,0,1,1,2,2020,269.66
2461,0,1,1,8,9,2022,339.92
3689,0,0,1,8,3,2021,353.68
3081,1,1,1,8,6,2015,383.07
2433,0,1,1,12,8,2021,311.69
2867,0,0,1,11,4,2016,268.8
2334,1,1,0,14,4,2014,281.47
3648,0,0,0,8,5,2001,345.67
2209,0,1,1,7,6,2006,253.38
1794,0,1,0,9,8,1986,211.12
534,1,1,0,5,8,2016,188.67
3798,0,0,0,4,2,1985,304.36
1488,1,0,0,11,5,1995,206.98
1112,1,1,1,9,6,2008,225.25
2092,1,0,0,5,10,1988,309.93
2050,1,0,0,6,10,1983,308.78
3430,0,0,1,5,6,1995,327.01
2957,1,1,0,2,8,2005,390.28
1624,1,0,0,3,4,2016,220.08
857,0,1,1,12,8,1983,150.16
2472,0,0,0,12,7,1985,259.41
2340,1,0,1,11,8,2001,338.63
3865,0,1,0,3,5,2012,367.17
2857,1,1,1,4,9,1987,392.51
2847,0,1,0,4,3,1983,258.42
2530,0,0,1,3,7,2008,267.88
1972,0,1,1,14,5,2010,241.99
3891,1,0,0,15,10,1987,442.3
2576,0,0,1,3,10,2003,294.6
2784,1,0,0,6,4,2013,309.82
3154,0,0,0,8,3,1987,280.93
2338,1,1,1,3,4,1995,307.83
1403,1,0,1,2,7,2024,265.04
3061,0,1,0,8,4,1992,289.03
2530,1,0,0,8,10,2010,344.01
1632,1,0,1,1,4,2021,216.4
1747,0,1,1,9,2,1993,170.91
3462,1,0,1,3,3,2010,380.44
2689,0,0,1,13,9,2001,324.24
798,0,0,0,9,6,1986,89.18
3427,1,1,0,12,10,1987,408.87
729,1,1,1,5,3,1982,154.85
3455,0,0,0,11,8,2010,340.59
1828,1,0,1,6,2,1991,229.72
3628,1,0,0,7,4,2020,395.94
2234,1,1,1,1,9,1993,340.69
736,1,0,1,3,4,2014,172.16
3845,1,1,0,14,2,1988,366.72
1297,0,1,0,8,6,2008,189.77
1840,0,1,0,15,6,2005,220.07
1327,0,0,1,11,8,2007,188.72
677,0,1,0,8,3,2007,81.68
1674,0,1,1,13,8,2019,226.7
1116,1,0,1,9,2,2014,187.85
2828,0,0,1,10,5,2016,300.58
1609,1,0,1,7,6,2023,251.08
3720,1,0,1,7,4,1985,386.97
2006,1,0,1,4,4,2005,241.31
3682,0,0,1,6,7,2019,395.21
3063,1,0,1,8,4,2023,343.56
2853,1,0,1,4,4,2009,309.81
3982,1,0,1,5,4,2004,409.28
3852,1,0,0,2,5,1981,389.23
3159,0,1,1,6,8,1999,373.8
2146,0,0,0,13,5,2013,220.39
2783,0,0,0,6,9,1998,317.14
567,1,1,0,8,7,1983,144.47
1206,0,0,0,10,3,1985,86.76
1767,1,0,1,12,8,2011,285.98
2758,1,0,1,13,2,1989,280.93
1320,0,1,0,2,10,2014,210.52
2471,1,0,1,12,2,1985,268.13
2350,0,1,1,11,8,1987,283.27
1092,0,0,1,12,5,1988,135.94
3198,0,1,0,15,4,2010,297.11
1288,1,0,1,3,8,2015,228.19
2665,1,0,0,12,7,1992,327.59
1315,0,1,1,15,3,1997,174.11
1482,1,0,1,8,5,2013,230.27
2963,1,0,0,1,3,2008,318.28
2821,1,1,0,8,5,2016,327.99
1361,0,0,1,13,9,2011,194.67
3516,0,1,1,8,2,1993,338.42
3579,1,0,1,6,8,2011,437.76
998,1,1,0,11,5,2003,173.86
3030,1,1,1,3,9,2022,406.36
2383,1,1,0,15,2,2013,292.59
2663,0,0,0,8,4,1997,237.79
2208,0,0,0,12,8,1998,247.56
2257,1,0,0,7,8,2012,311.3
2056,1,1,1,4,5,2002,287.74
2616,1,1,1,8,3,2012,332.14
1135,1,1,0,1,10,2017,249.06
1787,1,1,0,9,8,2008,295.82
1643,0,1,1,10,10,1995,250.43
1162,0,1,0,13,8,2018,178.64
2188,1,1,1,15,9,1991,350.21
854,0,1,0,14,3,1986,91.83
3018,1,1,0,1,3,1988,320.87
2019,1,0,0,8,2,1981,228.06
2952,0,1,1,13,4,2005,302.44
3191,1,0,1,15,5,1997,344.54
2754,1,0,1,10,2,2000,289.77
1482,1,0,1,2,2,2004,178.4
1854,1,1,1,1,5,1997,264.48
2382,1,1,0,5,3,1992,290.94
720,1,1,1,6,4,2022,199.51
1233,0,1,1,3,9,1996,221.94
1261,0,1,0,10,3,2007,139.35
685,1,0,1,12,9,2022,198.2
3033,0,0,1,11,3,1982,275.9
3545,0,1,0,8,10,2021,384.22
645,1,1,0,8,5,2018,151.61
1908,1,0,1,3,9,2024,297.19
3357,1,0,0,15,5,1987,333.87
2837,1,1,0,7,2,1997,293.85
3026,1,0,1,11,8,1982,346.37
1307,1,0,1,8,4,2008,183.07
3681,1,0,1,15,3,2009,372.42
3881,0,1,1,10,9,1991,425.05
1020,0,1,1,13,8,2018,180.95
1644,0,0,0,14,5,1997,160.06
2209,1,0,0,4,10,1983,289.76
3353,1,0,1,14,3,1997,333.42
2937,1,1,0,13,6,1996,361.17
2996,1,1,0,4,10,1980,389.07
1373,1,1,1,13,2,2004,217.8
2841,0,0,0,11,10,1991,320.3
2635,1,1,1,15,10,1988,385.52
786,0,0,0,11,10,2022,168.78
2512,0,1,1,14,5,2018,273.75
2555,0,0,1,8,2,2002,221.79
2689,1,1,1,1,6,1980,324.98
3867,0,1,0,5,8,1996,402.79
3934,1,0,0,1,5,2007,416.08
518,0,0,1,15,5,2020,106.44
2091,0,1,0,1,9,2018,260.45
2075,1,0,1,1,5,1996,279.42
2362,0,0,0,15,7,1984,240.95
1063,0,0,0,12,5,1995,100.68
2859,1,1,0,15,8,1984,349.94
3184,1,1,0,2,8,2009,379.01
827,1,0,0,10,6,1983,171.98
3378,0,0,1,10,10,2012,391.47
902,1,1,0,9,4,2009,187.18
807,0,1,1,11,5,2001,123.63
1201,0,1,0,14,9,2002,202.42
2569,1,1,0,13,9,2016,369.96
3599,0,0,0,12,5,2015,340.02
836,1,1,0,10,7,2002,191.42
1934,0,1,1,10,6,2016,234.38
3883,0,1,0,11,4,2006,374.47
3064,1,0,1,14,9,1992,380.51
1799,0,1,0,13,3,1984,163.49
2144,0,1,1,8,7,1988,269.05
2081,1,0,0,14,9,2000,285.26
2126,1,0,1,11,10,2017,338.24
1654,1,1,0,6,8,1983,267.18
2864,0,0,0,8,7,2000,291.92
792,0,1,0,10,6,2002,118.26
751,1,0,0,12,10,2019,216.11
2476,0,0,1,4,4,1985,225.43
2427,1,0,1,11,5,1992,307.29
3525,0,0,1,12,9,2007,390.61
1437,0,0,1,7,3,2015,147.88
2167,1,1,1,10,3,1995,282.17
2657,1,0,1,6,7,1992,324.81
503,1,1,0,12,7,1987,166.46
3171,1,1,0,9,7,1980,352.3
3504,0,0,1,9,4,1995,316.16
1766,1,1,1,8,4,2023,250.55
3790,0,1,0,6,3,1981,313.31
2687,0,1,1,12,7,2002,313.67
2716,1,1,0,11,8,2015,345.98
3277,0,0,1,14,4,1997,301.55
871,1,0,1,4,8,1988,200.49
1579,1,1,0,15,8,1992,274.71
3809,1,1,0,4,4,1986,381.73
2119,1,0,1,10,7,2005,298.05
3393,0,0,0,2,6,2006,334.08
2892,0,1,0,4,9,1998,317.28
2879,0,0,0,3,3,2010,239.13
1909,0,0,0,7,9,2008,249.6
2589,1,1,0,11,9,2018,379.72
2097,1,1,0,14,2,2001,229.21
615,1,0,0,1,5,1986,113.49
517,0,1,0,9,2,1989,69.49
1094,1,0,1,1,7,2008,225.49
3361,0,0,1,13,9,2010,358.32
2229,0,1,0,14,8,2000,275.95
3224,1,1,1,15,4,1999,355.76
2140,1,0,1,3,5,1999,278.65
2562,0,0,0,3,9,1981,276.42
2293,1,0,0,4,5,1992,286.11
1237,1,0,1,5,9,2010,244.75
3944,0,1,0,4,6,1984,362.64
3916,0,1,0,1,2,2015,356.88
2807,0,0,0,15,2,1985,228.93
3149,1,1,1,3,7,2008,384.9
1081,1,1,1,11,10,2009,265.1
961,0,0,1,14,5,2014,118.3
3702,0,1,0,8,7,1988,387.08
2041,1,1,1,4,4,1992,278.99
1552,0,1,0,8,2,2017,150.25
3256,1,0,0,11,4,1996,346.58
1998,1,1,0,11,7,2021,301.56
3288,1,1,1,15,3,1996,350.83
1243,1,1,1,3,6,2020,232.89
3164,0,0,0,11,4,2002,278.17
2411,1,1,0,11,3,1996,283.1
1058,0,1,0,12,9,2022,192.23
1895,1,1,0,10,10,1987,287.43
3172,0,0,1,8,7,1986,307.96
1156,1,1,0,15,7,1992,215.81
767,0,0,0,10,4,2006,92.77
3784,0,1,1,11,9,2005,434.62
504,1,1,0,12,6,2009,152.25
2082,0,0,0,1,6,2010,204.59
2172,0,0,1,14,9,2004,284.21
2608,0,0,0,10,7,2022,286.17
3566,1,0,0,12,7,2006,379.9
3267,1,0,0,4,4,2019,345.85
3885,1,1,0,3,9,2012,468.93
1374,0,1,0,14,6,1988,166.67
921,1,0,1,7,2,1990,136.6
3784,1,1,1,3,8,2020,474.75
3608,1,0,1,9,3,1991,365.49
535,0,1,0,12,7,1984,108.79
2013,0,1,0,2,9,2018,284.96
937,0,0,1,1,8,2000,168.69
1616,1,0,1,10,4,2011,220.39
1119,1,1,0,15,3,2023,171.88
1367,1,1,0,8,3,1998,197.54
834,1,0,0,1,2,1987,115.01
3435,1,0,0,8,8,2011,388.92
2531,0,0,1,14,4,2009,247.14
1829,1,0,1,11,3,2018,233.47
1779,0,0,1,7,5,2012,194.3
1306,0,1,0,10,9,2016,196.07
3631,1,1,0,5,6,1988,406.81
2201,0,1,1,7,2,2007,213.81
1921,1,0,1,4,9,2002,294.94
2135,0,1,1,15,9,1998,287.67
3595,0,0,0,5,10,1981,380.17
1430,0,1,0,11,3,1985,159.11
2914,0,0,0,6,4,1982,247.84
1071,1,1,0,3,4,2019,196.03
2832,1,0,0,15,2,1982,263.41
899,0,1,1,3,9,1996,183.49
1542,0,0,0,6,9,1992,214.69
1276,1,0,0,8,9,2024,255.93
3026,1,1,1,7,2,1998,317.34
2513,1,0,1,14,9,2021,363.95
1167,0,0,1,2,5,1992,156.9
1687,0,0,0,9,9,2007,219
2502,1,1,0,10,2,1995,260.21
1856,0,0,0,14,8,2009,237.86
910,0,1,1,8,3,2000,138.77
3667,1,0,0,3,10,2009,447.42
3620,0,1,1,1,3,1984,348.7
1454,1,1,0,5,9,2008,249.1
2002,0,0,0,10,9,2001,242.06
2877,0,0,1,7,4,1990,263.8
1398,0,0,1,15,8,1982,176.29
583,1,1,0,10,8,2002,176.07
2610,1,0,0,11,7,2001,331.85
3836,1,1,0,7,4,1982,399.63
1123,0,0,1,13,7,1986,156.69
3401,1,1,1,12,2,1980,369.49
626,1,0,0,13,3,1997,105.61
879,1,0,0,1,3,2015,146.92
3483,0,1,1,9,10,1998,397.82
1859,0,1,1,7,4,2022,235.75
1883,0,0,0,8,10,1998,256.29
2320,1,1,0,6,8,2017,312.51
2510,0,0,0,9,4,2015,248.75
3009,1,0,1,11,4,2019,339.64
2771,1,0,0,7,3,1990,277.86
2128,0,0,1,4,9,2022,274.89
1080,1,0,1,3,6,2003,208.68
2298,0,1,0,11,4,2006,238.76
1719,1,0,1,8,7,2017,273.06
972,0,0,0,4,10,2015,160.86
734,1,1,0,6,4,1997,169.97
3223,1,0,0,4,5,2012,368.23
560,0,0,0,12,5,2021,90.05
1202,0,0,1,3,7,2020,167.48
3705,1,1,1,13,3,1994,385.69
2827,0,0,1,11,6,2022,289.9
2133,0,0,0,12,7,2001,222.04
3134,0,1,1,9,2,2019,319.65
3738,1,0,0,12,9,1991,436.14
1251,1,1,1,7,8,2017,272.48
1836,0,1,1,10,7,2021,240.29
744,1,0,1,3,2,2002,113.83
3280,0,1,1,12,6,2010,344.05
1529,0,0,0,11,10,2005,212.15
2124,1,1,0,7,8,2019,308.87
2373,1,1,0,6,9,2014,343.07
1203,1,1,0,2,9,2020,236.86
3671,1,0,0,12,9,2012,418.44
1533,1,0,0,11,4,2019,212.95
3767,0,0,0,2,8,2010,392.65
3649,1,0,1,8,4,1987,394.13
3867,1,0,0,13,8,2022,432.02
3613,1,1,0,1,7,2005,428.39
3038,1,1,1,2,2,2004,319.47
832,1,0,1,3,6,1986,161.81
2740,1,1,0,13,5,2008,345.12
2625,1,0,0,12,10,2015,358.56
3271,0,1,1,3,3,2007,299.5
1274,1,0,1,4,7,1991,208.76
1861,0,0,1,3,4,2022,186.25
1573,1,0,0,14,6,2022,217.77
3248,0,0,0,6,9,2013,336.95
1349,1,1,0,6,4,2004,213.93
1288,0,1,0,13,2,1997,147.71
3234,1,1,0,9,6,2001,367.19
2857,1,0,1,4,2,1984,307.15
3818,0,1,0,13,10,1980,422.51
2815,1,0,1,10,10,1989,364.95
3737,1,1,0,8,9,2020,447.72
3548,0,0,1,7,10,1993,365.42
1110,1,1,0,15,7,2006,233.93
1491,0,1,0,9,10,2012,248.82
2344,0,1,1,2,5,1984,238.39
556,0,0,0,13,2,1985,42.46
2509,0,0,1,13,5,2019,260.17
3397,1,1,1,14,8,1984,423.28
3278,0,1,1,2,2,2002,322.71
1863,1,1,0,7,2,2008,230.93
3309,1,0,0,4,9,1998,381.34
2757,1,0,1,11,7,2023,343.56
2163,1,1,0,14,2,1984,231.28
3901,1,0,1,5,6,2006,425.73
3906,1,1,0,6,10,2019,478.53
3416,0,0,1,11,10,1980,377.43
1476,1,1,0,10,5,1981,226.65
1930,0,0,1,5,7,1992,218.53
3046,0,1,0,8,5,2015,299.11
1769,1,1,0,15,9,2017,290.02
1745,1,1,0,6,2,2009,212.6
579,0,0,1,1,9,1984,134.1
1656,1,1,1,6,9,2007,287.03
3586,0,1,1,13,5,1994,375.46
3989,0,1,0,7,8,2010,404.98
1019,0,1,0,1,8,1981,158.47
2591,0,0,0,7,5,1992,221.89
1489,1,1,1,2,8,1992,254.87
2331,0,0,1,5,10,2012,282.09
804,1,0,1,12,6,2015,165.15
581,0,1,0,12,6,1993,114.21
2615,0,0,0,12,2,1991,217.86
562,0,0,1,5,3,1993,60.68
2661,1,0,1,6,2,2012,288.7
3855,1,0,1,1,9,2021,443.21
3343,1,1,1,15,6,2017,421.87
3798,0,1,1,6,4,2004,361.86
3464,1,0,0,15,4,1985,335.97
1695,0,1,0,4,9,2015,226.38
1336,0,1,1,6,6,2021,204.18
2563,1,1,0,15,8,2007,359.15
541,1,0,0,2,4,2018,126.82
1893,1,0,0,2,8,1981,251.87
1999,0,0,1,11,4,2000,208.45
3765,0,0,1,7,10,2013,429.94
3515,1,0,0,2,6,1986,383.38
3480,1,1,0,14,6,1986,379.59
3861,1,0,0,10,10,1991,437.88
1773,1,0,1,10,10,2003,276.84
2634,1,0,0,10,2,1989,269.97
675,0,1,0,10,2,2020,86.77
1256,1,1,0,13,9,2003,230.58
1516,1,0,1,11,6,1980,237.04
3557,0,0,1,10,2,1989,287.71
1419,0,0,0,1,10,1997,217.69
2181,1,1,0,1,5,1984,262.38
1011,0,1,1,2,2,2015,148.74
2675,1,1,0,3,2,2001,302.92
3865,0,0,1,4,7,2007,372.3
1595,1,0,0,2,9,1996,271.03
2725,1,1,1,13,7,2017,386.83
833,1,0,1,9,10,1995,228.87
2674,0,1,0,5,8,2001,286.39
3984,1,0,1,8,7,2001,457.76
571,0,0,1,3,9,1987,127.74
3911,0,0,0,1,9,2008,392.96
1265,1,1,0,7,6,2006,211.53
2780,1,0,0,12,8,1981,310.81
2963,0,1,0,15,2,2007,258.94
3872,1,0,0,12,5,1980,372.68
1051,1,0,0,10,10,2003,225.26
3691,0,0,0,5,3,2006,315.51
2727,1,1,0,8,10,1989,365.75
2180,0,1,1,3,2,1992,217.81
1815,1,0,0,14,7,2017,250.19
1504,1,1,1,14,2,2020,209
3743,1,1,1,8,2,2001,388.44
2987,0,1,0,14,6,2016,296.51
1107,0,0,1,9,7,1980,146.82
992,1,1,0,4,7,2021,212.62
2313,1,0,0,5,3,2021,259.79
3185,0,1,1,1,8,2007,343.65
3547,1,1,0,15,4,2012,377.5
2808,0,0,0,6,6,1980,257.39
696,1,1,0,9,8,1987,196.54
1973,0,0,1,14,3,1996,194.33
1636,1,1,0,15,8,1981,257.39
1082,0,1,0,14,10,2005,199.37
1855,0,0,0,14,2,2006,155.37
1783,1,1,0,6,2,1999,212.31
2247,0,1,0,13,4,2001,208.75
881,1,0,0,6,10,2010,196.91
3723,1,1,0,7,7,1986,408.2
2144,1,1,1,1,8,1991,301.23
3539,1,0,0,14,10,1996,423.39
794,0,0,0,15,7,2013,110.42
3884,1,0,1,5,6,1995,412.47
1680,1,0,1,3,9,2015,280.69
1025,0,1,0,11,5,2007,138.97
3184,1,1,0,2,4,2003,358.63
1647,0,0,0,8,2,2006,148.11
3721,1,1,0,3,9,1981,437.43
3517,1,0,1,8,2,1987,333.85
1595,1,0,1,3,3,2020,216.05
3957,0,1,1,10,6,1988,383.4
3523,0,0,1,6,9,1993,381.45
3566,1,0,1,6,6,1987,407.83
1272,1,1,0,11,3,2004,180.58
2596,0,0,0,9,2,2015,232.9
2444,0,0,1,11,9,2010,274.44
1990,0,1,0,5,5,2009,234.11
1390,0,1,0,6,10,1994,233.96
2069,0,0,0,8,4,1999,198.91
523,0,1,1,11,4,1991,94.97
1193,1,1,0,6,5,1995,214.03
980,0,1,0,13,9,1988,157.82
629,1,1,0,14,6,2024,160.35
3082,0,0,1,10,9,1994,345.35
2832,1,1,0,15,9,1998,362.71
3996,0,1,0,13,4,1995,379.79
3616,1,1,1,1,5,1990,408.97
2051,0,0,1,13,2,2000,168.61
1329,0,0,0,6,10,2001,176.56
602,1,1,1,3,3,2006,140.72
1443,0,0,1,9,6,1992,191.74
3060,0,0,0,15,10,1989,337.16
2347,0,1,1,4,6,1984,279.9
3583,0,1,0,11,6,2020,378.13
2667,0,0,1,13,5,2024,267.38
2605,1,1,1,15,9,1981,364.28
2064,1,1,0,12,2,1993,238.36
2596,1,0,0,15,3,2020,284.27
3422,0,0,0,2,10,2001,361.21
890,0,1,0,13,2,1981,73.7
592,1,0,0,1,9,2024,203.34
1247,0,1,1,14,10,1992,216.91
1280,0,1,1,6,4,1999,181.06
950,0,0,1,4,4,2018,140.84
1925,1,0,1,10,10,2001,293.68
540,0,0,1,8,8,2006,122.84
1089,0,1,0,9,7,1994,156.9
3163,1,0,1,2,5,2016,367.36
2143,1,1,1,5,10,1983,331.83
1762,1,1,1,14,9,2018,314.22
3117,1,1,0,11,2,2017,324.14
1743,0,0,0,13,8,1987,190.88
2043,0,1,0,8,6,2022,237.77
1103,0,0,1,14,3,2024,137.54
1124,0,1,1,2,3,2000,134.72
2940,0,1,1,14,6,2009,309.67
922,0,1,0,6,10,1992,166.07
2656,0,0,0,13,8,1997,264.33
1054,0,0,0,2,2,2018,120.23
3656,0,0,0,5,3,2007,314.07
3628,0,1,0,4,4,1997,354.72
3943,0,1,1,15,4,2021,403.3
872,0,1,0,13,9,2009,171.91
3653,0,0,1,4,6,2003,355.8
3760,1,0,1,5,5,2016,399.63
1859,0,1,0,12,3,1998,204.72
1436,1,1,1,14,7,1997,238.13
2784,1,1,0,11,4,1995,308.54
1849,0,1,1,8,2,1994,190.01
3726,0,0,1,7,3,1991,318.86
1840,1,0,1,10,10,1987,296.43
2246,1,0,0,13,10,2015,322.8
2004,0,1,0,3,9,2014,274.48
3879,0,1,1,4,2,2012,363.92
763,0,0,0,15,4,2009,77.58
2248,0,0,0,7,7,2005,220.46
3383,0,0,0,1,6,2009,332.89
3914,1,0,0,13,5,2015,397.33
2714,0,0,1,13,6,1994,276
1290,1,1,1,5,6,1985,228.62
1433,0,0,0,1,7,1987,174.64
543,0,0,1,6,7,2010,109.14
2464,1,0,0,7,6,1982,273.67
2489,0,1,0,8,6,2011,258.02
1629,0,0,1,1,2,2023,165.81
3492,0,0,0,11,5,1999,321.06
1464,1,1,0,1,9,1983,274.76
3487,0,1,0,7,10,2015,377.31
4000,0,0,0,12,6,2022,379.86
668,0,0,0,14,6,1992,91.12
1591,0,1,0,6,3,2014,161.33
2690,1,0,1,4,3,2019,304.32
627,1,0,1,15,7,2000,154.51
3753,0,0,1,1,10,2010,412.51
1504,0,0,1,6,9,2021,209.34
947,0,1,1,10,6,2022,181.34
3237,0,1,0,5,10,2000,386.21
1522,0,1,1,3,7,2016,213.25
2391,1,0,1,1,7,2009,305.27
3650,0,1,1,13,10,1983,387.26
3908,0,1,0,15,7,2010,388.71
2903,0,1,1,8,10,2002,354.63
3732,1,0,0,15,6,2012,410.29
3633,1,1,0,3,6,2002,413.32
3096,1,1,1,9,10,2001,415.85
2259,0,0,0,12,5,2000,210.81
771,0,1,1,1,6,2019,141.39
1283,1,0,0,10,2,2001,172.61
3488,1,1,0,9,4,2002,377.89
1504,1,1,1,5,2,1997,216.75
1951,0,1,0,11,5,2024,211.16
836,0,1,1,10,9,1992,156.23
1425,1,1,1,15,6,2006,231.78
2949,0,1,0,14,8,1983,322.33
1015,1,1,1,4,5,2007,211.38
1873,0,0,0,6,4,2018,168.95
3446,0,0,1,3,2,2004,311.68
1229,1,0,0,13,6,2005,190.79
777,1,0,0,5,5,2014,151.44
3771,0,0,1,5,8,1990,389.02
3850,0,0,0,7,10,1981,375.51
540,1,1,0,7,3,2024,141.63
791,1,0,1,8,3,2004,156.53
2445,1,0,0,3,3,2001,279.86
3429,0,1,0,14,4,2000,316.47
1446,1,1,1,1,7,1987,261.14
542,1,1,1,11,8,1998,212.13
1603,1,1,0,5,10,2006,294.6
3053,0,1,0,10,7,2008,331.89
3127,1,0,0,5,9,2005,383.49
1007,1,0,1,15,9,1982,218.66
3191,0,0,1,15,8,1994,320.97
2740,1,0,0,1,7,1987,325.07
948,1,1,1,3,3,1999,183.36
3438,0,0,1,7,8,1994,336.53
1799,0,1,0,7,3,2014,185.07
3520,1,0,1,15,4,1984,369.15
2048,0,0,0,1,2,2014,178.45
2273,0,1,1,7,3,2000,217.51
1414,1,1,1,8,4,1990,204.83
3069,1,1,0,2,7,2001,390.87
808,1,0,1,12,3,2016,135.41
2447,1,0,1,8,2,1988,257.76
3396,1,0,1,15,8,2012,390.32
3635,0,0,0,5,9,2005,374.25
2226,1,1,0,9,9,1987,312.46
1707,0,1,0,3,6,1998,212.2
3086,0,0,1,15,8,1996,320.14
2944,0,0,0,12,5,2012,268.99
2053,0,0,1,6,4,2015,207.67
927,0,0,1,5,9,2020,165.83
2049,0,1,1,5,8,2007,253.23
2106,0,1,0,10,6,2002,231.03
2796,0,0,1,7,4,1980,250.18
2446,0,0,0,8,3,2024,224.67
2541,1,0,1,7,8,2018,331.67
3609,1,1,1,11,3,2014,380.07
513,1,1,0,13,9,1982,196.35
1019,0,0,1,2,6,2009,138.59
2043,0,0,0,3,6,1989,194.25
3958,0,1,1,9,3,2007,377.5
2244,0,0,1,2,2,2013,220.47
2252,0,0,1,1,9,2006,290.62
2164,0,0,0,12,3,2010,196.15
3331,0,1,1,8,5,1991,323.19
3066,1,0,1,15,3,1989,302.5
3002,0,0,0,6,5,1995,258.93
3237,0,0,1,5,9,1981,334.17
2592,1,0,1,2,4,1994,312.3
1083,1,0,1,3,9,2020,227.02
3231,1,0,0,10,5,2013,369.76
2184,1,1,0,10,2,1988,255.25
3958,0,0,1,12,10,1998,408.49
3186,0,1,0,6,4,2004,321.11
2583,0,0,1,11,7,1984,260
2181,1,1,0,10,5,2002,274
3612,1,1,1,5,10,1995,445.05
2750,1,0,1,7,4,2017,332.94
2120,1,1,1,1,2,1998,243.76
3753,1,1,0,14,5,2022,415.94
3460,1,0,1,7,6,1989,377.82
3901,0,0,0,3,5,1984,334.91
936,0,0,0,12,8,2005,136.73
1168,1,0,0,10,9,2003,212.96
659,0,1,0,1,10,2010,177.53
1864,1,0,0,8,6,1999,260.92
3574,1,1,0,11,2,2022,359.95
2855,0,1,0,12,3,2007,268.68
1169,1,1,0,9,3,2008,182.67
3404,0,0,0,9,4,2017,318.91
2894,1,0,1,11,3,2010,338.57
848,1,0,0,12,2,1984,109.09
3444,1,0,1,4,9,1984,429
2098,0,0,0,11,8,1982,212.33
3327,0,1,0,7,2,1993,303.82
3814,0,1,1,13,7,1980,386.4
3287,0,0,1,4,8,1980,336.42
3115,1,0,1,4,5,1985,335.49
3904,1,1,0,10,7,2019,467.13
3617,1,0,0,6,3,1980,341.98
3704,0,0,1,1,9,1994,371.26
1098,1,0,1,9,4,2007,203.2
2493,1,1,1,11,5,2019,344.73
2160,1,0,0,14,9,1984,305.11
1596,0,0,0,14,9,2009,212.8
3925,0,1,0,13,2,1997,341.78
3115,0,0,0,9,6,2024,316.46
3784,0,0,1,15,10,1995,384.45
3216,1,1,0,5,2,2009,352.53
600,1,0,0,15,9,2016,168.38
2054,1,1,0,14,7,1991,300.13
3552,1,1,1,9,3,1986,384.8
3235,1,0,1,9,8,2022,396.27
3720,1,0,0,5,2,2018,379.48
3272,0,1,1,9,10,1982,384.79
3922,0,0,0,3,9,2000,410.3
3539,1,1,0,12,2,2015,380.55
2746,1,1,1,12,7,2016,371.54
2125,1,1,0,9,7,1986,278.51
2079,0,0,1,6,4,2004,228.15
2675,1,0,1,1,6,2011,347.84
1398,0,0,0,7,8,2005,182.25
3063,0,1,1,5,10,1984,369.48
2533,0,1,1,15,9,2022,341.68
2907,1,1,0,12,8,1983,375.69
1542,0,1,1,12,8,2003,233.76
724,1,1,1,14,5,1998,189.64
1335,1,0,1,14,7,1991,222.71
2367,1,0,1,15,8,1999,340.99
1296,0,0,0,8,3,1988,118.04
3836,0,0,0,9,2,2012,300.54
2567,1,1,0,11,4,1991,317.4
1860,1,1,0,14,7,2008,270.87
1723,0,1,1,5,10,1983,268.47
3135,1,1,0,12,7,2016,388.21
3634,1,1,1,6,2,1987,376.83
777,1,0,1,11,6,1981,185.14
1800,0,1,1,4,2,2002,185.57
1063,0,0,1,3,3,1993,123.66
910,1,0,0,15,4,1996,135.49
3284,1,1,0,7,5,1983,345.11
780,1,1,0,8,9,2021,203.9
3233,0,1,1,5,8,1999,372.13
3157,1,1,1,3,2,2010,351.08
3788,0,0,1,9,10,1981,406.64
1773,1,0,0,14,2,1988,182.69
2441,0,0,0,14,7,1992,242.78
1784,0,0,0,4,3,1981,142.87
2338,0,0,1,11,9,1985,285.02
2152,1,1,1,8,5,1987,268.62
1636,1,0,0,5,8,1991,244.61
2340,1,1,1,10,6,1999,313.26
4000,0,1,0,12,6,2022,399.38
3040,1,1,0,8,5,2004,333.29
3032,0,1,1,1,7,1990,326.1
2673,1,0,0,9,5,2013,298.77
1101,1,1,1,13,7,2014,240.75
3131,1,0,1,15,9,2005,376.59
2198,1,0,1,13,5,2022,288.12
3526,0,1,1,15,7,1999,388.61
3534,0,0,1,6,3,1981,295.52
3092,1,1,1,14,7,2023,402.01
2883,0,1,1,12,8,1984,326.21
3834,0,0,1,1,8,2021,386.2
2330,0,0,0,9,7,1980,230.02
1597,1,0,1,6,10,2009,294.53
2620,1,0,0,4,8,1989,303.45
747,1,0,0,15,4,1983,109.01
2956,1,0,0,2,6,1997,335.4
3971,1,0,1,15,10,2011,464.37
2506,1,1,1,12,8,1982,355.96
2390,1,1,1,7,6,2018,312.92
3879,1,0,1,12,5,1992,389.5
3729,1,1,1,11,6,1980,419.64
644,0,0,1,14,2,1983,76.5
1009,1,1,1,10,8,1991,231.87
2566,0,1,0,6,3,1996,234.85
1948,0,1,1,15,6,2000,240.4
2577,1,0,1,1,6,2015,329.72
2727,1,1,1,15,8,1994,361.51
3930,0,0,1,13,7,2023,382.13
2238,0,1,1,12,5,2005,250.55
3793,0,1,1,4,4,2021,392.95
2303,0,0,1,12,4,2005,217.46
545,0,0,1,4,9,2003,118.71
838,1,1,0,7,2,1996,144.54
1448,1,1,0,5,4,2004,229.53
1139,0,1,1,9,6,1988,182.37
1066,1,1,0,8,2,2018,172.53
818,1,1,0,4,2,2012,134.74
2455,1,0,1,7,8,2021,357.4
2588,1,0,1,1,10,2010,382.1
3811,0,0,1,15,4,2015,354.98
1419,0,1,0,14,7,1999,193.88
3952,0,1,1,15,3,1991,372.72
2068,0,0,0,6,6,1999,213.75
2626,0,1,0,11,5,2006,265.02
685,0,0,0,12,5,1987,72.48
3570,0,0,1,9,9,1985,353.4
2236,1,1,1,5,6,2020,320
3594,1,1,1,7,9,2024,473.69
3321,1,1,1,4,6,1998,381.29
1533,0,1,0,7,5,2022,173.73
2631,1,1,0,10,5,1990,321.44
655,1,0,1,12,5,2017,183.12
3183,1,1,0,12,9,2021,432.32
1852,0,1,1,1,5,1988,222.58
3781,1,1,0,14,8,2023,453.54
1505,1,1,1,3,6,2010,263.99
2091,0,0,0,5,9,2004,244.1
2360,1,1,1,6,4,1988,305.13
3458,1,0,1,7,8,2014,423.06
2507,1,1,0,7,4,1995,280.47
2774,0,1,0,1,5,1996,297.29
1394,1,1,1,6,2,1989,215.12
1940,1,1,0,14,2,1993,224.74
3975,1,1,1,7,9,1995,474.87
3584,1,0,1,7,2,1983,351.17
1570,0,0,0,7,2,1992,115.09
3069,1,1,1,11,7,2000,394.34
3779,0,1,1,11,7,1983,378.95
2711,1,0,0,8,2,1993,254.98
3465,1,0,1,1,7,1998,385.05
3491,1,1,0,8,4,1982,377.47
2281,1,0,0,9,6,1994,289.52
2894,0,1,1,12,3,1981,291.14
1497,1,1,0,8,9,2018,294.88
1864,1,1,0,6,9,2022,326.49
2396,0,1,1,7,8,1983,284.43
3764,1,0,0,13,8,2005,410.04
3781,1,0,0,2,10,2014,461.19
3658,1,0,1,14,4,1989,373.95
2297,0,0,1,7,10,2003,303.93
542,1,1,1,5,10,2024,218.74
783,1,1,1,13,10,1987,214.48
1838,1,1,0,2,3,1998,243.77
598,1,0,0,2,10,2015,182.56
2437,1,1,0,8,4,2002,284.55
1029,1,1,1,6,5,2004,196.59
2046,1,1,0,7,9,2022,327.71
3085,1,1,0,1,4,2010,341.81
2817,1,0,1,5,10,2007,386.33
726,1,0,0,14,8,1987,152.16
840,0,1,0,7,10,2017,199.38
3090,1,0,1,15,5,2009,359.02
3234,1,0,1,12,8,1995,403.81
1876,1,0,1,15,2,1985,229.59
1850,0,1,0,9,3,1988,183.98
3834,1,1,1,13,3,2017,414.62
1629,0,1,1,1,2,1992,182.28
1390,0,0,1,4,6,2012,160.33
1660,1,0,1,15,9,2009,281.1
2904,0,1,1,8,3,2023,303.28
1880,1,1,1,6,5,2009,280.15
2711,0,0,1,4,3,2011,270.75
1007,0,1,1,8,9,2013,213.69
3905,1,1,1,12,8,2002,467.26
3319,1,0,1,6,6,1998,372.19
2911,1,1,1,11,4,2013,370.99
3748,1,1,0,4,6,2014,438.16
3197,1,0,0,12,2,2014,335.77
3334,0,1,1,15,3,2009,317.91
522,0,1,1,9,8,2022,170.6
3320,1,0,0,4,5,1994,331.8
972,1,0,1,7,3,1995,160.32
1278,0,1,1,13,3,2007,145.48
870,1,1,0,3,6,2013,181.68
3755,1,1,0,7,4,2012,414.09
2076,0,1,1,5,8,2023,264.56
3083,1,0,1,7,7,2008,386.87
2923,0,1,1,11,2,2002,294.67
1827,1,1,1,14,6,2021,273.72
1602,0,0,1,10,7,2019,200.3
1666,1,1,0,2,3,2002,205.67
1984,1,1,0,10,7,1984,260.62
848,1,0,1,6,8,2014,224.66
1645,0,0,0,3,5,2007,185.6
540,1,0,0,2,6,2018,160.66
1597,0,1,1,10,2,1983,172.92
3544,1,1,1,12,7,2001,419.71
646,1,1,0,8,8,2010,175.63
1802,0,0,0,14,4,2004,154.45
3519,0,1,0,13,5,2005,361.1
3178,1,0,1,8,8,2024,379.39
3708,1,0,0,6,8,2001,419.6
2027,0,0,0,8,7,2004,209.95
1646,1,1,1,12,3,2000,216.5
2366,1,0,1,4,10,1998,331.39
1524,1,1,0,14,7,2012,259.86
1144,0,0,1,9,9,1994,163.93
2327,1,0,1,15,7,2004,322.56
3275,1,0,1,11,10,1983,397.53
1349,0,0,0,11,2,1986,101.48
1578,0,0,1,9,10,1993,207.89
1430,1,0,0,12,4,1982,187.29
2019,0,0,1,9,2,2017,192.54
3265,1,0,1,12,9,1994,390.2
3095,1,1,1,8,8,2024,414.15
2935,1,1,1,5,4,2000,355.63
3672,1,0,1,2,10,1999,443.82
3001,0,0,1,10,4,1986,266.24
3410,0,0,1,6,6,2002,350.21
1506,0,1,1,3,9,2007,255.42
3199,0,0,1,2,7,1993,315
3218,1,1,1,4,9,1992,405.13
2979,0,0,0,11,10,2023,355.11
2477,0,1,0,3,4,1986,231.56
3715,1,1,0,8,5,2008,391.85
1947,1,1,1,10,5,1997,278.78
2687,0,0,1,12,8,2005,289.61
1317,1,1,0,15,10,2022,271.39
2756,1,0,0,8,4,1984,289.77
1861,1,1,1,4,4,2003,261.9
1766,0,1,0,11,10,1988,230.31
742,0,0,1,9,8,2016,156.76
610,0,1,1,7,2,1995,83.73
1592,0,0,1,2,8,2012,223.29
630,1,1,0,14,3,2005,156.87
3012,0,0,0,1,7,2000,301.87
3915,1,1,1,10,3,1994,428.68
3243,1,0,0,9,2,1992,321.53
2506,1,1,1,8,6,1994,344.78
2400,0,1,1,12,6,1995,289.61
3038,0,1,0,3,10,2012,359.08
1559,0,0,0,3,8,2012,192.5
2148,0,0,1,7,8,2001,262.83
2898,0,0,1,9,10,1983,336.32
3791,1,1,1,1,7,1984,446.62
2873,1,1,0,13,3,1981,325.02
1911,0,1,0,9,2,2004,185.69
3592,1,1,1,15,6,1994,399.01
893,0,0,0,6,6,1992,132.1
1677,1,1,0,1,7,2024,270.16
1494,0,0,1,13,9,1988,197.88
1216,0,1,0,1,10,1993,186.53
2633,1,0,0,4,7,1996,301.68
2445,1,1,1,11,4,2021,304.24
3037,0,0,0,6,2,2021,258.13
2200,1,1,0,3,6,2011,293.8
1646,1,0,1,8,4,1984,206.34
1885,0,0,1,1,3,1985,156.69
3098,0,1,1,2,6,2006,325.63
1989,1,0,0,10,9,2004,299.49
1684,0,1,1,10,3,1986,179.23
2858,0,1,0,6,3,2004,251.32
2222,0,1,1,13,9,2007,288.34
2218,0,0,0,13,5,2002,229.06
635,0,0,1,4,6,1995,92.17
3263,1,1,0,2,9,2012,407.02
3498,0,1,1,6,10,1984,408.92
1017,0,1,0,6,4,1982,103.29
3506,1,0,1,13,10,1986,413.23
1459,1,0,0,4,2,1996,156.39
2576,0,0,1,13,10,2015,329.12
3620,0,0,0,3,4,2022,345.5
2782,0,0,1,2,4,2002,280.37
2248,0,0,1,12,6,2013,255.07
2290,1,1,0,10,3,2011,272.37
3996,0,0,0,14,9,2013,413.86
3021,1,1,1,9,5,2010,380.96
3583,1,0,1,14,6,1994,379.39
2341,0,1,0,10,2,2002,218.4
1450,1,1,0,1,10,1992,272.38
678,0,1,0,15,10,1998,162.02
2531,1,0,1,6,8,2015,346.77
3199,1,0,0,2,9,2010,374.08
593,1,1,1,3,6,1982,161.07
1190,0,0,0,6,8,2008,168.92
1833,1,0,0,11,10,2001,298.21
1394,1,1,0,4,7,1992,224.27
1547,1,1,1,6,10,2005,315.27
1682,0,0,1,8,4,1980,186.82
1658,0,0,1,10,10,2013,230.88
1484,1,0,0,14,5,1988,199.07
812,0,0,1,11,7,2023,165.39
2098,1,1,0,14,9,2003,326.4
1767,1,1,1,9,2,2015,237.63
3342,0,0,0,14,6,1990,291.8
806,1,1,1,7,9,2022,224.18
749,0,0,1,10,9,2007,172.17
690,1,1,1,8,7,1995,179.78
1978,1,0,0,10,3,2021,241.17
3422,1,0,1,12,2,1987,321.83
3645,0,1,1,4,7,2018,412.46
3839,1,0,1,8,3,1995,367.4
3173,0,1,0,10,3,1999,283.54
2054,1,1,1,7,6,2006,287.33
2975,1,0,0,5,7,2016,363.78
793,0,1,0,11,7,2023,143.69
3091,1,1,0,12,3,2021,348.68
2549,1,0,1,7,7,2005,325.08
3129,1,1,0,6,6,1996,353.27
2959,1,1,0,7,4,2024,356.01
810,0,1,1,4,5,2022,147.7
1650,1,1,0,9,10,2024,298.67
1021,0,1,0,6,2,1998,104.29
1208,0,0,0,11,10,1986,185.61
3288,0,0,0,5,7,1994,307.52
3328,0,0,1,13,4,1985,318.25
1816,0,1,0,12,4,2013,182.24
634,0,0,1,9,4,2004,103.18
3026,1,1,1,6,7,1983,387.02
1563,0,1,1,1,7,2010,209.76
2935,0,1,1,10,5,1989,316.5
3677,1,0,0,14,9,2002,413.64
2026,1,0,1,10,2,2018,240.34
3284,1,0,0,6,8,2012,401.68
3856,1,0,1,5,5,1988,410.38
730,1,0,0,10,9,2003,198.47
1958,1,1,0,6,9,2000,285.06
3666,1,1,0,2,2,2021,392.9
3214,1,0,0,3,7,1997,355.52
2665,0,1,0,3,2,2015,235.99
3372,0,0,1,8,9,2016,367.03
1309,1,1,1,13,10,2000,271.41
2269,0,0,0,2,9,2015,280.03
3773,0,1,0,13,6,2013,379.69
2436,0,1,0,1,2,2000,212.25
1212,0,0,1,5,10,1980,175.42
3037,0,0,1,7,9,1991,317.97
1121,0,0,0,7,10,1995,169.53
2543,1,1,1,7,10,2021,391.22
2562,0,1,0,2,5,1996,265.77
3279,1,0,1,4,9,1993,395.41
2877,1,0,1,7,9,1984,361.25
1313,1,0,1,1,2,2014,182.15
2915,0,1,0,5,10,1980,341.8
2179,0,1,1,8,6,1985,268.68
1298,1,0,0,12,10,2021,267.65
3400,0,1,1,3,7,2002,364.14
3111,1,0,0,1,7,2018,362.24
2402,1,1,1,5,7,2002,336.54
1815,0,0,1,7,10,1987,254.87
2858,0,0,0,2,10,2020,343.83
2110,0,0,0,15,5,1981,208.17
3122,0,0,0,1,7,2007,299.28
3043,1,1,1,13,6,1997,355.07
1473,0,0,0,6,5,1993,157.67
3539,0,0,0,1,7,1988,335.64
3339,0,1,1,14,6,2005,365.71
1880,1,1,0,12,4,2016,248.56
3531,0,0,1,15,8,1992,378.51
1007,0,0,1,7,7,2020,182.55
2747,1,0,1,7,8,1986,335.87
3826,1,0,1,5,8,2021,430.54
850,1,0,0,4,6,2013,183.98
1272,1,0,0,8,6,1984,210.12
618,1,0,1,5,3,2009,120.31
2621,1,0,1,8,7,1986,326.36
1986,1,0,0,11,9,1999,286.71
1882,0,0,1,12,9,2021,238.77
2813,0,0,1,5,10,2015,352.04
2128,1,0,1,5,3,2001,250.11
3629,0,0,1,3,10,2009,411.04
2442,0,0,1,10,3,2013,227.43
2602,1,1,1,2,10,2014,394.44
1698,0,0,1,15,5,2015,202.3
1596,1,1,0,13,9,2007,277.51
3133,0,1,1,1,4,1993,324.74
2971,0,0,1,6,7,1999,290.42
578,1,1,1,13,2,1996,118.42
3533,0,1,1,11,9,2006,408.73
2252,1,1,1,1,3,2010,288.84
3451,0,1,1,9,6,2013,373.95
3164,0,1,0,15,6,1980,314.56
1617,1,0,1,10,2,2017,207.72
1628,0,0,0,1,10,2023,247.41
2034,0,1,0,14,10,1983,256.85
1237,1,0,1,11,6,1981,189.04
2692,0,0,1,2,3,2009,242.69
929,1,0,0,9,4,1999,141.69
2456,0,0,1,11,6,1985,234.62
856,0,1,1,3,2,1996,97.15
3760,0,1,0,8,5,1995,359.81
1371,0,0,1,2,9,2011,213.03
1416,0,0,0,12,9,1999,183.5
1590,0,0,0,12,6,2022,195.05
1217,0,0,1,5,7,2012,173.31
3439,0,1,1,14,10,1983,380.56
2325,1,0,1,6,4,1995,287.4
1256,0,0,1,15,10,1997,208.04
3657,1,0,0,7,8,2005,415.59
2973,1,0,0,9,6,2005,355.29
2749,0,0,1,10,6,2022,282.51
1898,1,1,0,12,4,2023,272.7
3909,0,0,0,6,5,1990,343.99
1917,0,0,0,12,9,1990,227.06
2009,0,0,0,9,3,1988,178.69
1233,1,0,1,8,6,1990,218.67
3356,1,1,0,15,8,2020,418.46
990,0,0,1,7,6,1986,142.9
1469,1,0,1,6,5,2010,242.33
3801,0,0,1,2,10,1995,399.05
880,1,0,0,5,4,1989,138
3080,0,0,0,9,7,1982,281.82
1791,0,1,1,3,5,2005,199.25
681,1,1,0,3,9,1985,178.54
2755,0,0,0,11,9,2019,294.94
2167,1,0,0,7,8,2017,302.97
527,0,1,1,6,5,2016,135.84
3729,1,1,0,12,2,1988,361.9
2327,1,0,0,4,8,1980,300.81
785,1,0,1,7,9,2006,189.08
2558,0,0,0,14,7,2019,268.17
1614,0,0,1,5,10,2017,247.86
3072,0,0,0,5,10,1999,343.59
2807,1,1,0,8,5,1984,309.27
569,1,0,1,12,9,1990,165.51
1822,1,1,1,2,7,2017,289.05
1542,0,1,0,5,7,2013,221.48
3669,0,0,1,1,9,2011,409.3
2320,0,1,1,9,3,1995,230.97
620,1,1,1,11,3,1999,146.22
1329,0,0,0,12,2,1993,127.62
1300,0,1,1,13,9,2022,239.99
3481,0,0,1,13,5,2021,345.38
1018,1,1,0,7,4,2011,186.51
1510,0,1,0,6,10,2018,226.48
2019,1,0,1,6,5,1984,258.41
1078,0,1,1,8,2,1998,122.63
3881,1,1,0,8,8,2009,470.43
1331,0,0,1,5,6,2021,171.7
1419,0,0,1,3,2,1991,130.98
1629,1,0,0,7,9,1992,237.54
2934,0,1,1,8,2,1983,271.26
3981,1,0,0,3,3,2003,389.54
2547,0,1,1,3,6,2022,313.77
2062,0,0,1,3,2,2001,189.41
2215,0,1,1,7,6,2020,283.09
1574,0,1,0,10,2,1996,156.25
3932,0,0,1,11,9,2017,432.11
3730,1,0,0,7,5,2021,403.51
1299,1,1,0,6,9,2013,265.39
3764,0,0,0,6,7,2018,387.17
3822,0,1,1,10,10,1989,407.63
3806,0,1,1,9,2,2022,366.39
1021,0,1,1,10,10,2002,206.56
2983,0,0,1,12,3,1983,265.44
2180,1,0,0,11,8,2018,308.03
1391,0,1,1,2,3,2004,147.51
2673,0,0,1,7,4,2024,275.05
2727,0,1,1,3,3,2009,276.28
779,0,0,1,7,3,1991,71.59
3029,0,0,1,11,4,2013,276.13
3161,1,1,0,1,4,2000,335.89
2132,1,0,1,5,6,1999,297.43
3855,1,0,1,8,4,1983,375.55
2218,0,1,1,11,5,1993,230.85
3504,1,0,1,8,10,2014,459.19
2596,0,0,0,8,4,2006,249.88
607,0,0,1,15,7,2014,128.32
767,0,1,0,6,2,1995,103.95
751,1,1,1,10,4,2000,185.07
1530,1,1,0,10,4,1982,226.88
3834,0,1,1,7,2,1996,333.39
3504,1,0,1,14,9,1997,409.14
2458,0,0,1,6,2,2002,223.43
1980,1,1,0,9,7,1989,284.2
1694,0,1,1,14,7,1980,203.83
1485,1,0,0,8,3,1986,193.05
3962,1,0,0,5,2,1983,375.93
3877,0,0,0,3,4,2007,358.34
3134,0,1,1,12,4,1993,301.51
2106,0,1,1,2,5,2012,256.16
3306,0,1,1,15,10,2023,401.4
1567,0,1,1,7,10,1991,255.7
2148,1,1,1,3,2,1998,277.21
2262,0,1,1,8,5,2019,268.21
2386,0,1,1,3,2,2009,227.42
878,0,1,1,14,6,2016,157.89
2958,0,1,1,10,7,2013,345.7
2140,0,0,0,5,6,1986,208.75
3131,0,1,0,3,4,1985,299.23
2343,0,1,1,3,7,2005,272.49
1118,1,1,0,3,6,2015,209.84
2224,1,1,0,10,2,2004,262.95
2793,1,0,0,11,3,2009,302.87
1641,0,0,0,5,3,1988,151.57
736,1,0,1,12,4,1986,137.02
677,0,0,1,13,3,2017,105.54
1438,0,1,0,14,5,2009,158.43
2040,0,0,1,11,3,1996,200.28
2733,0,0,0,6,3,2024,236.82
1133,1,0,0,3,7,1992,208.1
2437,1,0,0,6,2,2004,237.8
2427,1,1,0,14,9,2007,349.88
2003,1,0,0,1,6,1982,246.62
3677,1,1,0,8,6,1997,424.52
3925,1,1,1,1,8,1996,470.29
1801,0,1,0,3,3,1992,164.69
3438,0,1,1,8,5,1983,325.99
3047,0,1,0,12,2,1983,254.31
3566,0,1,1,14,7,1981,359.53
2139,0,0,0,6,6,1982,194.44
1825,1,0,1,10,3,1985,234.73
1623,0,1,0,1,4,1986,174.51
3949,1,1,1,13,9,2016,502.51
2690,1,1,0,9,7,1980,324
1077,1,1,0,9,7,2004,230.71
3967,0,0,1,12,10,2018,435.77
1126,1,1,0,3,8,1985,237.8
560,1,1,0,13,9,2002,188.09
1438,1,1,1,12,7,2008,258.47
3395,0,1,0,12,6,1991,333.84
1393,1,0,0,6,5,1981,173.55
3446,0,1,1,15,5,1999,359.9
2587,1,1,1,4,3,2024,339.45
3559,0,0,1,8,4,1988,328.86
1800,0,0,0,10,8,2021,214.71
1783,1,0,1,10,3,2007,223.79
3333,0,1,1,1,9,2023,381.86
1488,1,0,0,9,6,2020,243.38
1015,0,1,0,4,7,1994,169.68
1631,1,1,0,14,3,1990,215.76
3845,0,1,1,8,8,1995,417.13
1934,0,0,0,14,4,1996,189.57
2752,1,1,1,12,8,2023,382.3
1257,1,1,0,15,9,1984,237.25
1338,1,0,0,7,5,2024,190.21
3175,1,0,0,4,6,1984,353.65
3600,0,1,0,7,8,1993,368.83
1031,1,1,1,9,7,2007,224.92
2934,1,0,0,15,3,2003,317.84
1705,1,1,0,7,5,1983,250.64
1328,0,1,1,15,7,1982,170.42
2298,0,0,0,2,10,1984,255.89
2450,1,0,0,10,5,2005,287.85
1481,0,0,0,6,6,2020,172.52
2734,1,0,1,2,10,2019,361.97
1325,0,1,1,4,6,2014,212.99
3013,0,1,1,5,8,2002,326.6
3195,1,0,1,11,6,2023,381.24
3777,0,1,0,9,6,2002,356.29
2704,1,0,1,12,3,2010,304.39
1631,0,1,1,12,10,1999,237.88
1631,1,1,0,8,9,2022,304.29
3511,1,1,1,13,7,2005,417.91
1806,0,0,0,15,6,2018,204.64
1473,1,1,1,14,8,1996,256.17
1174,0,1,1,4,9,2024,211.86
1776,1,1,0,4,10,2021,324.63
3428,0,0,0,8,5,2021,333.58
3330,0,0,0,12,6,2008,315.9
3505,1,0,0,6,6,1986,384.54
1789,0,1,0,12,7,1987,210.79
3825,0,0,1,4,3,1991,320.73
3970,1,1,1,15,7,1998,448
3839,0,0,1,7,9,1983,371.75
2463,0,0,0,10,9,1980,262.38
1428,1,1,0,8,9,2020,290.13
2673,0,1,1,8,5,2005,284.18
2541,0,1,1,6,10,1982,330.43
3739,0,1,0,8,9,1989,388.87
1467,0,1,1,11,10,1980,210.08
681,0,0,0,4,7,2006,104.52
3939,1,1,1,1,10,2018,493.11
3379,0,0,0,7,10,2014,349.45
924,1,0,0,11,5,2016,176.46
954,0,1,1,14,2,1996,132.09
3388,0,0,0,1,4,1991,300.53
1852,1,0,1,14,7,2019,261.36
3851,0,0,0,15,3,1981,309.19
3458,0,0,1,11,4,2008,332.16
2148,1,1,1,1,5,2007,303.96
1173,0,0,0,14,4,2011,111.59
3985,0,0,1,3,6,2006,400.11
2745,1,0,0,5,8,2011,362.39
2680,1,1,0,1,8,2023,351.75
727,1,1,1,4,4,2015,193.7
3952,1,0,1,10,7,1988,439.41
3279,1,0,0,3,2,1981,326.76
941,0,1,0,11,8,1987,176.12
3770,1,0,0,2,2,2019,374.97
819,0,0,1,5,2,1981,85.03
3028,0,1,0,10,8,2010,348.14
575,1,0,0,2,8,2000,166.95
905,1,0,1,15,10,2005,225.22
519,0,0,0,8,8,2002,97.06
2052,1,1,0,6,7,1996,272.71
1133,1,1,0,3,5,2015,192.85
1815,0,1,0,3,8,2022,247.82
1734,0,0,1,3,3,1998,158.62
2522,1,1,1,15,4,2003,320.62
3445,0,1,1,15,10,2008,383.43
3550,1,1,0,14,5,1995,388.87
2930,1,0,0,9,6,2019,348.69
2530,0,0,1,6,6,2024,288.65
1410,0,1,1,12,10,2015,235.53
3354,0,0,0,9,9,2001,352.81
2864,0,0,0,7,8,1999,309.53
1250,0,0,0,1,9,1990,184.87
1885,1,1,0,5,6,2005,263.53
2954,0,0,0,8,9,1993,323.65
2402,0,0,0,12,9,2009,292.16
2601,1,0,1,3,3,1988,269.76
852,1,0,0,3,7,1985,157.33
3572,1,0,1,10,2,2004,352.13
1188,0,0,0,6,8,1992,177.07
1029,0,1,0,15,3,1992,125.78
1946,1,0,0,1,10,2006,278.14
1986,1,0,1,13,6,2016,263.72
3178,1,1,0,5,9,1985,376.68
3974,0,1,0,9,3,1991,352.57
1708,0,0,0,11,10,1999,222.03
2907,0,0,1,9,9,1991,327.65
2332,0,0,1,7,7,2011,268.33
2937,0,0,0,13,8,2019,322.82
2771,1,1,0,7,2,2007,308.99
1701,0,0,1,10,7,1982,188.52
1622,1,0,1,11,9,1997,259.47
2306,0,0,1,2,3,2016,228.47
2026,0,1,0,1,5,2007,231.17
3653,0,0,1,9,4,2019,363.67
1430,0,0,1,5,9,2012,200.18
2174,1,0,0,1,9,1980,281.15
3923,0,1,0,3,7,2006,396.26
1269,1,0,0,13,6,2011,189.5
950,1,0,0,5,8,1994,205.67
3443,0,0,1,13,5,1986,305.09
3976,1,1,1,2,10,1994,472.18
1047,0,1,1,7,4,2017,145.22
1506,1,0,0,4,2,2011,185.09
2122,0,1,1,1,6,2007,261.67
2113,1,1,0,3,10,1991,336.33
3930,0,0,0,1,3,2008,333.81
714,0,1,0,6,3,1995,91.09
1927,0,0,0,5,5,2017,212.32
2812,0,1,0,11,9,2000,340.58
866,1,0,1,13,8,2002,202.87
3756,0,1,1,3,3,1980,345.05
3419,0,1,1,8,2,2021,313.79
3964,0,0,0,8,4,1987,357.29
1821,1,1,1,14,5,1984,251.02
3530,1,0,1,1,3,2015,357.64
508,0,0,0,9,6,1998,105.12
1422,1,1,1,5,2,2022,213.7
3671,0,0,0,11,2,2020,301.78
1622,1,1,1,10,10,1980,272.98
2761,0,1,0,3,5,1989,271.39
3694,0,1,1,13,7,2021,409.53
3124,0,1,0,11,3,2007,310.43
510,0,1,1,12,8,2022,141.22
2157,1,0,0,15,3,2018,241.93
2113,0,1,1,11,7,1982,263.82
1028,1,1,1,3,4,1991,177.87
3070,1,1,0,8,2,1992,328.83
2726,1,0,0,10,6,1990,314.01
3549,0,1,1,14,10,1982,392.87
525,1,1,1,8,5,2011,186.79
3942,1,0,0,12,10,1983,446.86
722,1,0,1,12,8,2003,206.97
3429,0,1,1,2,3,2015,336.48
2221,1,0,1,9,5,2006,269.12
3699,0,1,0,10,10,2012,401.58
3107,1,0,0,6,10,2023,416.84
1432,0,1,1,3,5,1992,164.43
959,0,1,0,13,8,2011,185.16
662,1,0,0,2,4,1983,104.93
1928,1,1,0,5,8,1989,276.36
3836,0,1,1,6,7,2015,395.34
1306,0,1,0,4,8,2019,195.28
3802,1,0,1,5,9,1997,458.92
3791,0,0,0,6,3,2016,336.05
3735,0,0,1,10,10,2023,418.74
1596,0,1,1,3,2,2013,163.35
3815,0,1,0,9,9,2005,403.64
3976,1,1,1,5,10,1994,482.2
858,1,0,0,1,3,2017,148.18
1264,1,1,0,4,2,2009,169.34
2580,1,1,0,11,7,1997,318.15
1299,1,0,0,12,5,1999,187.02
1136,1,0,1,1,3,1981,168.16
3830,1,0,0,15,5,1980,372.59
862,1,0,0,5,9,2015,223.03
2609,1,0,0,5,7,2018,339.47
2824,1,0,0,10,6,2002,325
2692,0,0,0,8,6,2022,281.06
3251,0,1,1,7,7,2002,352.4
2587,0,1,1,6,5,1995,283.69
2047,1,0,0,12,2,2024,230.33
3975,1,1,0,7,10,1993,459.05
2042,1,1,1,3,3,2012,264.55
1407,1,0,1,12,5,2009,206.85
762,1,0,1,14,8,2020,212.39
2297,0,0,0,9,2,1984,202.46
3645,0,0,0,12,5,2013,352.09
3112,0,0,0,8,7,2002,288.4
821,1,0,0,7,9,1986,203.8
3254,1,1,1,7,4,1985,364.44
772,1,0,0,14,7,2007,189.85
3989,1,0,0,12,3,2021,398.66
831,0,1,1,10,5,2019,130.89
1066,0,0,0,3,5,2011,123.7
790,0,1,1,9,2,1988,100.33
1760,0,0,1,13,5,2024,213.6
1012,1,0,1,7,9,2000,236.78
1233,0,1,0,14,8,2022,214.35
1715,0,0,1,10,9,2001,235.32
2058,1,1,1,6,8,2012,315.82
3230,1,1,1,6,10,2018,439.19
756,1,0,0,9,9,2000,180.62
2968,0,1,0,15,10,2017,339.96
2864,0,0,1,3,2,1981,232.03
2545,1,1,0,8,5,1998,294.64
1013,1,0,0,8,7,2003,182.96
1146,0,0,1,11,4,2017,122.96
2506,0,1,1,1,6,2003,269.95
3367,0,0,0,7,8,2013,345.91
1471,1,0,1,3,4,1980,195.89
3305,0,1,1,15,9,2018,370.84
2122,0,1,0,12,7,2016,252.39
1058,1,0,1,1,2,2000,159.3
2477,0,0,1,10,8,1992,256.82
2582,1,1,1,10,10,1989,367.56
3108,0,0,0,15,4,1993,280.04
3735,0,1,1,1,6,2021,397.99
3728,1,0,0,12,3,1997,367.87
3012,1,0,1,11,8,2022,387.51
2284,1,1,0,3,5,2019,314.25
3625,0,1,1,9,7,2004,371.95
734,1,0,0,15,5,2004,167.86
3371,1,0,1,2,8,1992,395.19
1936,0,1,0,5,2,2005,197.23
2606,1,1,0,3,6,2002,314.67
3337,0,1,1,15,7,2019,370.82
1134,1,0,0,11,6,1996,179.67
2097,0,1,0,4,3,2001,206.48
906,1,0,1,3,10,1997,240.66
2451,1,0,1,15,9,1987,312.1
3843,0,1,0,14,2,2019,330.15
831,1,1,0,11,9,2014,217.35
1155,1,1,1,2,8,1982,255.73
3070,1,0,0,7,10,2011,376.41
1315,0,0,0,7,3,1990,99.83
2242,1,0,0,10,6,2006,278.87
2951,1,0,1,7,2,2002,300.93
1719,1,1,0,10,2,2016,217.7
563,1,0,0,10,6,2021,138.55
634,1,0,1,11,7,1999,174.03
2278,1,0,1,3,6,2022,304.97
613,0,0,0,13,7,1993,86.77
2917,1,0,0,4,2,1995,277.8
3239,1,0,1,7,8,2013,412.16
3355,1,0,0,7,9,2004,381.3
2680,0,1,0,8,10,1993,304.72
1735,1,1,0,3,5,1997,240.06
3906,0,1,0,11,4,2010,346.46
2884,0,1,1,5,10,1999,347.74
2451,1,0,0,14,9,2001,304.1
889,1,0,0,11,5,1991,145.52
990,1,1,0,3,3,2013,158.07
3648,0,0,0,7,10,2009,403.64
3831,1,0,0,8,7,1991,391.56
2154,1,1,1,10,7,2005,334.04
3606,1,1,0,5,3,2001,372.69
2831,0,1,1,14,9,2020,366.23
2102,1,1,1,1,10,1998,342.39
1803,1,0,1,10,10,1986,303.54
3437,1,0,1,15,4,1990,359.42
505,1,1,1,9,10,2016,207.59
1336,0,1,1,9,3,1998,178.31
2085,1,1,1,5,6,1992,306.6
2209,1,0,0,1,5,2021,259.75
3859,0,1,1,6,6,2024,415.66
3011,1,0,1,9,2,2003,313.68
2707,0,0,0,15,7,2003,278.16
3653,0,1,0,13,7,1982,365.61
566,1,0,1,6,4,2016,129.9
1603,1,0,0,8,6,2014,230.47
3630,0,1,1,3,8,2008,407.43
952,1,1,0,13,7,1999,188.32
830,1,0,0,3,9,1992,196.81
2291,0,0,1,6,8,1980,249.64
1056,0,0,0,2,5,2002,133.52
1537,1,1,1,2,5,2010,231.97
2516,0,0,0,12,3,1998,203.93
2718,1,1,0,7,8,2014,358.13
1593,0,1,0,11,9,2017,234.09
3539,1,0,0,6,4,1992,359.42
2826,0,0,1,3,6,1991,289.44
732,0,1,0,13,9,1990,159.91
644,1,0,1,2,2,1999,142.71
1699,1,1,1,6,2,1980,226.42
976,1,1,0,8,5,2008,194.1
992,1,0,1,4,8,1983,209.68
1188,0,0,0,9,6,1994,128.45
3751,0,0,1,12,6,2004,358.55
3961,1,1,1,15,6,2003,434.01
759,0,1,1,2,3,1987,111.79
3244,0,0,1,6,6,2011,334.89
3835,0,0,1,5,3,2011,344.52
2791,0,1,1,8,9,2011,331
774,1,0,1,7,2,2021,156.31
1618,1,0,1,1,7,1980,238.05
2776,1,1,1,9,5,1983,334.78
2432,1,1,1,3,8,2022,347.57
2263,1,0,0,13,8,2020,321.31
2420,0,1,0,7,9,2006,287.56
3614,0,0,0,1,9,2019,394.84
3747,0,0,1,13,2,2010,321.02
3762,0,1,1,2,3,1993,349.95
2547,1,1,1,15,9,2002,362.36
965,1,1,1,9,5,2001,198.19
2940,0,1,1,5,10,2008,370.59
1159,1,1,1,10,6,2013,251.54
2015,0,1,1,4,5,1980,227.31
1661,1,0,1,9,4,2003,241.37
2011,0,0,0,13,4,2001,169.51
2506,0,1,0,1,3,2016,228.88
2664,0,0,1,12,4,2011,279.71
3515,1,1,1,2,10,2007,443.86
1495,1,0,0,5,4,1982,171.03
3529,1,0,1,6,5,2009,393.08
959,0,0,1,15,9,2018,178.28
3166,0,0,0,8,8,2016,316.81
1014,0,1,1,1,5,2013,147.92
3959,1,1,0,3,10,2021,474.52
898,1,1,1,14,4,2006,168.99
1858,1,0,0,9,2,2020,215
3278,1,0,0,2,6,1995,368.01
3740,1,0,0,2,4,1990,356.09
2600,0,1,1,13,7,2001,319.81
3914,1,1,0,15,5,2003,412.35
2685,1,1,0,1,7,2012,350.48
2943,1,0,0,15,6,2007,345.1
621,1,1,1,6,5,2007,157.92
500,1,1,0,9,4,2003,149.28
3668,1,0,1,7,9,1990,423.05
3759,1,0,1,2,6,2011,407.91
3612,1,0,1,9,4,1995,361.66
2895,0,0,0,13,3,2007,236.15
3899,1,1,0,14,3,1993,389.21
3950,0,0,0,14,5,1981,336.49
1889,0,0,1,13,3,1995,179.73
2319,1,1,1,4,7,2021,353.09
1929,0,1,0,9,4,1982,188.24
2517,1,0,1,7,3,1999,278.07
2541,1,0,1,12,9,1992,359.77
2530,0,0,0,8,2,1981,205.03
3688,0,1,1,14,5,1982,358.68
3959,0,1,0,2,7,2019,422.07
3718,0,0,1,4,10,2013,409.21
3444,1,0,0,12,2,1988,322.36
2526,0,0,1,13,2,2010,223.21
1989,0,1,1,7,6,2002,257.59
2798,0,0,1,7,5,2001,259.79
1765,1,1,1,2,6,2021,268.96
507,0,1,0,11,2,2022,62.67
1453,0,0,0,13,2,1981,121.72
1894,1,1,1,5,5,2019,281.14
1892,0,0,0,5,5,2013,198.77
2359,0,1,0,3,3,2000,224.22
1754,0,0,0,7,8,1993,205.44
1628,1,0,1,9,2,1985,192.5
1005,0,0,1,1,2,2009,94.51
1917,1,0,1,3,6,1987,273.48
3880,1,1,0,14,8,2002,454.21
2088,0,1,0,10,6,1985,226.15
944,1,1,1,1,4,1995,184.89
1948,0,0,1,15,5,2012,226.74
2695,1,0,1,3,5,2006,327.07
3918,1,1,1,1,10,2015,504.31
3725,1,1,0,4,5,1986,412.61
2837,0,1,1,9,3,2018,285
2064,0,1,0,7,3,1999,202.39
1518,0,1,0,2,4,1981,162.51
1292,1,0,0,7,10,1998,257.42
3973,1,1,0,9,10,1990,474.45
1984,1,1,1,15,2,2016,260.91
904,0,1,0,10,4,2019,118.27
2196,1,1,0,2,7,1990,281.61
2861,0,0,1,12,7,2021,315.07
1462,0,0,0,8,8,2007,171.26
3485,1,1,1,8,8,1985,429.27
2901,1,1,0,13,2,2010,318.82
1829,1,0,0,8,5,1989,228
645,0,0,1,7,10,1992,137.55
2234,1,0,0,8,10,2013,322.2
1935,0,1,0,11,6,2009,243.28
1722,0,1,1,7,6,1985,197.84
2139,1,0,1,15,9,2021,325.92
2246,0,0,1,1,5,2002,249.35
3305,0,1,1,10,8,1991,365.75
3053,1,1,0,4,4,1992,328.3
1538,1,1,1,2,7,1991,269.17
2766,0,0,1,5,7,1998,299.52
2089,1,1,0,7,8,1997,310.95
1007,0,0,0,4,9,2002,161.82
2191,0,1,0,5,9,1995,274.84
1187,1,0,0,4,7,1992,184.3
1099,0,1,1,15,6,2016,191.02
629,1,1,1,10,3,1982,141.09
2881,0,1,0,4,2,1991,251.96
684,0,1,0,13,7,1995,123.05
3975,1,0,0,2,5,2014,411.71
763,1,0,0,13,7,1991,148.98
2744,1,1,1,14,8,2002,375.02
2224,0,1,0,10,4,1987,208.18
2269,1,0,0,12,6,2018,305.65
2862,0,0,1,6,4,2015,266.1
525,0,1,0,13,10,2019,169.62
2196,0,1,1,8,10,1987,300.74
1429,1,0,1,14,6,2019,246.74
2627,0,1,0,2,7,1984,267.5
662,1,1,0,9,7,1993,167.83
2884,0,0,0,10,3,2003,232.01
3887,0,1,1,4,8,2012,438.56
1709,0,0,1,5,4,1997,170.16
3145,0,0,1,13,10,2015,346.04
907,0,1,0,10,4,1984,122.18
860,1,1,0,9,4,2003,153.32
750,0,1,0,15,6,1988,109.11
2259,0,0,1,14,2,1982,198.58
2264,0,1,0,15,7,1989,265.74
3218,0,1,0,7,6,1996,323.11
3159,0,1,1,3,3,1995,287.77
1197,0,1,0,4,10,2015,194.7
3047,0,0,1,14,2,1999,267.87
3663,1,0,1,5,7,2015,419.82
2190,0,1,1,14,10,1997,291.33
3821,1,1,1,12,9,2009,452.92
3026,1,0,0,1,9,2020,375.7
2234,1,0,1,10,3,2022,262.45
3551,1,1,0,7,7,2009,433.79
3957,0,0,0,2,10,2004,387.87
2998,0,1,0,10,8,1982,305.23
2119,1,1,0,3,7,2014,299.26
2408,0,1,0,9,8,1993,261.33
2981,1,0,1,8,2,1986,316.82
1497,0,1,0,13,4,1996,184.43
3788,1,0,0,6,9,2009,444.35
1925,0,0,1,10,4,1983,185.95
2129,0,1,0,14,10,1983,264.35
3984,1,0,1,10,9,2013,459.18
1425,0,0,1,10,6,2020,204.4
3082,1,0,0,5,2,2020,315.47
3962,0,1,1,7,7,2000,396.82
2739,1,1,1,5,7,2001,367.48
978,0,1,0,7,6,2009,160.95
3475,0,0,1,9,7,2008,356.43
1829,1,0,0,10,6,1998,258.27
2087,1,0,1,10,5,2006,284.35
3203,0,0,0,5,9,1999,342.32
1703,1,0,1,11,9,2006,288.7
2691,0,1,0,1,5,2009,265.01
2207,0,0,1,6,3,2019,208.73
793,0,0,1,4,4,2020,103.2
1764,1,1,1,13,8,2022,319.65
500,1,0,1,11,2,2018,114.57
1646,1,0,0,11,8,2017,244.15
1450,0,1,1,9,9,1995,222.11
3192,1,0,1,10,5,1997,362.81
504,1,1,0,12,10,1986,173.02
1157,0,1,1,4,4,1989,141.16
2220,1,0,1,12,2,1984,253.76
1164,0,1,0,15,10,2006,201.52
534,0,1,1,5,3,1986,72.5
1476,1,0,0,5,4,2012,192.19
1406,1,1,0,10,10,2014,271.26
3598,0,0,1,9,4,2004,321.66
2635,1,1,1,2,6,1987,317.91
3164,1,1,1,4,3,1994,352.92
853,1,0,1,13,6,1983,169.01
3351,0,1,1,8,10,1995,381.66
1569,0,1,1,4,7,1984,222.25
2654,0,0,0,13,7,1982,269.15
1048,0,0,0,10,3,2008,121.43
1933,0,0,0,3,6,2005,216.44
1183,0,1,1,15,8,1983,208.64
2145,0,1,1,13,5,1991,253.17
672,0,1,0,14,8,2006,134.73
606,1,0,0,12,2,1995,87.17
2906,0,0,1,13,8,2020,340.7
1356,0,0,0,3,6,2010,174.75
3488,1,0,1,7,10,2012,424.28
3500,0,1,0,15,8,2006,366.52
654,0,0,1,4,5,1987,79.64
851,0,0,0,13,6,1983,93.83
2979,0,0,0,6,2,2000,248.21
3829,1,0,1,14,2,2002,389.3
1054,1,0,0,15,10,2005,222.71
3687,0,1,0,4,5,2016,371.7
2500,0,0,0,2,7,2011,280.46
1859,1,1,0,14,2,2009,242.03
2400,1,0,0,10,4,1989,269.57
726,0,1,1,4,7,1987,142.92
2905,0,0,0,8,2,2017,256.17
2570,0,0,1,4,2,2007,223.17
2121,1,1,1,3,5,1990,276.91
2274,1,0,0,10,10,2009,312.74
3616,1,0,1,14,9,1983,435.53
1107,0,0,1,10,4,2004,137.61
3825,0,1,0,15,5,1985,364.73
2602,0,0,1,5,9,1995,280.75
1922,0,1,1,4,5,2010,251.09
3909,0,1,0,1,3,2006,344.23
2469,0,0,0,13,2,1986,183.24
3838,0,1,0,8,10,1996,399.59
3604,0,1,0,10,6,2011,352.77
1443,1,1,0,10,10,2023,270.1
3725,0,0,0,10,3,1989,315.7
2808,0,1,1,4,9,1987,338.31
1268,1,0,0,1,6,2013,186.68
3719,0,1,0,13,5,1992,342.71
2953,0,0,0,3,2,1990,246.43
3174,1,0,0,9,9,1992,372.49
731,1,1,0,5,10,1999,228.81
1200,0,0,0,7,10,2017,197.57
1497,1,0,1,10,7,2020,248.91
2920,1,1,0,9,2,1998,293.89
1949,1,1,1,13,6,2002,288.68
3233,0,1,0,12,2,2016,306.88
915,0,0,0,1,10,1997,178.55
2592,1,1,1,10,10,2016,397.21
2567,1,1,0,6,6,2014,323.21
3202,1,0,0,12,8,1999,358.66
3799,0,1,1,10,4,1982,362.25
3734,1,0,1,2,2,2008,385.6
1216,1,1,1,3,6,2016,224.63
2778,0,0,0,12,8,2007,308.67
1392,1,1,0,15,5,2023,226.14
2131,1,1,1,14,4,1984,286.25
2410,1,0,0,11,6,1996,293.77
2271,0,1,0,7,8,2007,259.71
3155,0,1,0,11,7,1999,331.85
1390,1,1,0,14,7,1982,236.76
2033,1,1,1,8,8,1988,297.33
3469,1,0,0,5,2,1987,334.54
2726,1,0,1,12,3,1985,310.8
938,1,0,0,8,9,2017,227.74
1131,1,1,1,10,2,2012,180.08
2530,0,1,0,4,3,1983,237.01
2220,1,0,1,7,4,2010,274.33
1352,1,1,0,4,2,1993,162.52
1850,1,1,1,6,2,1988,224.2
2315,0,0,0,4,8,2008,242.88
3105,1,0,1,10,8,2013,370.28
1929,1,1,1,6,4,2013,275.59
1927,1,1,1,11,4,1986,263.68
1422,1,1,0,9,6,1991,229.82
2678,1,1,0,1,8,2020,349.52
2806,0,1,1,3,8,2008,314.41
3990,1,1,0,1,7,1997,458.09
3794,1,0,0,12,8,2004,429.18
2264,0,1,0,7,2,1995,194.38
977,0,1,1,6,2,1993,135.15
1424,1,0,0,8,8,1985,227.52
1935,1,1,1,9,6,1981,275.28
2364,0,0,1,11,3,2009,242.88
1738,1,0,1,14,8,2002,281.55
1552,1,0,0,12,2,2000,166.11
860,1,1,0,2,2,1990,133.87
2835,0,0,0,15,9,1983,287.2
2533,1,0,1,2,4,2009,285.93
2152,0,0,0,11,2,1981,162.26
2723,1,1,0,6,2,2014,304.29
1986,0,1,1,13,3,2020,202.05
2818,1,1,0,11,8,2019,363.87
3377,1,1,1,4,9,1989,418.41
845,1,0,1,12,7,1992,170.16
1038,1,0,0,8,2,1992,131.11
2031,0,0,1,8,3,2003,179.61
954,0,0,0,3,3,1983,71.52
3065,0,1,1,7,6,2018,340.5
3034,0,0,0,4,2,2014,241.52
2008,0,1,1,9,4,2002,235.18
3503,0,1,1,10,6,1991,349.01
667,1,1,1,6,2,1982,131.66
2030,0,1,1,12,5,2013,260.18
1458,0,1,1,11,2,2014,178.15
3739,0,0,1,7,2,2011,323.72
501,1,1,0,15,6,2023,167.42
2045,0,1,0,11,2,1985,187.53
3698,1,0,0,15,7,2000,404.69
1895,1,0,0,2,7,2003,267.27
3250,0,0,0,4,5,2007,318.43
2427,0,0,0,8,9,2012,294.65
3318,0,1,1,7,2,1988,306.12
2437,1,0,0,8,8,1988,304.28
1079,1,0,1,4,6,2023,210.05
2156,0,0,1,6,2,1980,166.29
2698,0,0,1,7,10,2005,329.53
2176,0,0,1,1,7,2012,235.74
1751,0,1,0,6,5,2002,179.31
503,0,0,0,7,4,2005,55.29
2015,1,0,0,10,4,2011,247.36
1796,0,1,1,1,6,1981,219.97
3495,1,0,0,5,9,1997,389.41
1216,0,0,0,4,2,1998,93.83
1683,0,1,1,8,5,2001,227.21
2716,1,0,1,1,8,1996,353.41
2740,0,1,1,5,5,1990,272.49
2202,0,0,1,1,9,2016,264.27
3256,1,1,1,9,6,1986,369.02
1012,1,0,1,11,3,1987,157.76
1461,0,1,0,2,7,2000,180.91
3716,0,1,1,11,10,1985,396.15
3422,1,0,1,10,7,1997,382.13
2121,1,1,1,7,7,1990,292.79
3048,1,1,0,14,2,2019,321.99
2849,1,1,0,7,7,2021,359.63
1485,0,1,1,6,4,2006,170.6
1967,0,1,0,8,6,1990,217.19
2659,1,1,1,15,5,2020,334.46
2051,1,0,1,14,10,1992,312.38
877,0,1,1,1,7,2019,163.57
3637,1,1,1,12,9,2011,472.38
2155,0,1,1,2,4,1990,242.85
2157,0,1,0,11,3,2018,204.89
613,0,1,1,1,9,2014,181.76
2208,0,0,0,14,10,2018,287.96
2845,1,0,1,14,8,2007,354.6
3011,1,1,1,1,6,2023,396.61
3082,0,0,0,3,4,2002,286.15
2257,1,1,1,12,7,1991,323.58
2989,1,0,1,13,6,2003,348.5
3303,1,0,1,12,8,1990,385.2
1181,1,0,0,6,10,1993,240.03
976,1,1,1,15,2,1984,147.93
1200,0,1,0,6,6,2019,169.42
3007,0,1,1,6,8,1998,327.92
2882,1,1,1,12,3,1987,327.12
1299,0,1,0,13,9,1999,212.76
620,0,1,0,4,4,1988,96.07
985,0,1,0,14,2,1995,122.64
2227,1,0,1,3,9,1985,294.39
3561,0,1,1,13,9,1990,393.88
1931,1,0,1,7,5,2011,245.21
910,1,0,0,7,9,1993,189.87
1467,1,1,1,15,3,1991,202.66
2647,0,0,1,1,3,1981,236.12
3028,1,1,1,11,10,2001,413.56
2238,1,1,1,10,4,1999,273.51
2788,1,0,0,10,9,1980,358.94
720,0,1,1,8,7,2015,150.51
3597,0,1,0,15,6,1986,366.76
1600,1,1,1,7,8,2009,274.22
1511,1,1,1,11,6,2009,244.98
3479,1,0,1,14,5,1996,364.63
981,1,1,1,5,9,2015,263.04
3433,1,1,1,9,6,1994,392.16
1816,0,1,0,4,3,1998,177.19
972,1,0,0,1,10,2003,208.63
1305,0,1,0,3,10,2004,198.94
2107,1,0,1,15,4,1984,234.89
3843,1,0,1,8,3,1981,366.59
2819,0,0,0,7,3,2024,242.24
2971,1,0,1,3,10,2020,413.64
1607,0,1,0,5,9,2015,241.68
1669,0,1,0,2,10,2021,234.26
2393,1,0,0,12,8,1995,325.29
1100,0,1,1,2,4,2018,165.99
2290,0,0,0,10,10,2008,261.96
2854,0,0,1,1,3,1993,241.89
2663,0,1,1,12,5,2018,282.23
2531,0,1,1,9,6,1993,277.47
3094,0,1,1,5,10,2001,357.41
991,1,0,1,4,8,2019,223.14
832,1,0,0,15,4,2018,155.27
1017,0,0,0,6,8,1996,164.99
1828,0,1,1,15,9,2015,277.81
2973,1,1,0,13,6,2023,351.38
1705,0,0,0,1,7,2018,221.76
3399,1,0,1,9,4,2013,357.38
910,1,0,0,12,10,1999,193.32
3764,0,1,1,11,2,1988,321.89
3719,0,0,1,12,4,2002,337.05
520,1,1,0,10,2,1983,113.64
1309,0,1,0,1,5,1996,171.99
746,1,0,1,13,4,1995,161.03
1182,0,1,1,13,9,2009,229.82
3363,1,1,0,14,10,1999,422.74
3568,0,0,1,7,6,2002,336.92
3199,0,1,0,2,10,1980,336.42
1882,1,1,0,4,3,1989,216.61
2955,1,0,0,11,9,1997,366.03
2402,0,1,0,10,10,2009,310.37
1155,1,0,1,11,5,2004,182.15
1593,0,0,1,4,5,1981,181.94
3635,1,1,0,11,2,1998,351.66
3068,0,0,0,12,7,2020,321.77
2574,0,1,0,3,7,2006,287.05
1349,1,0,1,6,2,2011,196.09
3467,0,0,1,5,3,1998,294.83
3060,0,1,1,1,3,2015,310.69
1104,0,1,0,7,3,1992,133.54
1009,1,0,1,4,5,2004,166.68
3280,0,1,0,5,5,2005,318.55
3243,1,0,0,14,8,2002,376.49
2060,1,0,1,12,3,1989,226.13
1122,0,1,0,7,6,1981,154.09
1227,1,1,1,14,4,1986,218.27
3099,0,1,0,11,9,2024,352.85
1956,1,0,1,2,3,2010,245.77
2545,0,0,0,14,5,2019,253.79
3928,1,1,1,11,2,2008,422.41
603,0,0,0,13,2,2014,80.14
2247,1,0,1,9,6,2013,302.35
3427,1,1,1,1,10,1983,458.02
3447,0,1,1,7,6,2008,346.96
1600,1,1,0,9,9,2014,262.58
2136,1,1,1,12,8,1995,308.89
3302,0,0,0,15,8,1984,307.33
2967,0,0,0,10,9,1991,327.92
782,1,0,0,15,10,2014,206.9
2381,1,1,0,15,7,2024,340.33
1790,0,1,0,10,5,2002,198.54
2065,0,1,1,3,8,2013,272.6
1559,0,0,1,15,5,2023,179.98
3037,1,1,0,11,2,2004,327.86
2461,1,1,1,3,3,1982,299.08
1316,0,0,1,14,8,2016,209.03
2059,0,1,0,5,3,2018,193.24
1819,0,0,1,8,8,2006,249.77
3452,1,0,1,6,3,1989,363.13
1492,1,1,0,15,7,2024,257.66
3082,0,0,1,14,2,1983,274.84
1195,1,1,0,9,7,1983,214.78
971,1,0,1,12,9,2021,235.4
1591,1,1,0,12,7,1992,237.56
1791,1,0,0,10,5,1993,245.09
558,1,0,0,7,9,1980,144.64
2408,0,1,1,13,8,2015,311.56
1202,0,0,0,2,3,2006,128.32
1341,1,1,0,11,9,2006,260.43
3113,0,1,0,3,4,1987,294.67
2338,0,1,0,14,5,2003,265.49
3522,0,0,0,7,9,1999,376
609,1,0,0,9,10,2012,188.46
1227,1,1,1,5,6,2013,234.89
1664,0,0,0,1,5,1995,177.64
1237,0,0,1,8,4,1987,145.8
3723,1,1,0,3,7,2022,426.01
3195,0,1,0,5,4,2002,308.72
2182,1,1,1,13,3,1988,279.26
1452,1,0,0,15,8,2016,244.92
2388,1,0,1,12,5,2017,303.86
1812,1,1,0,8,4,1988,246.8
1014,1,1,1,9,9,2019,251.35
3034,1,0,0,4,5,1997,326.94
1437,0,1,0,4,8,2022,196.12
1704,0,0,1,13,9,2004,233.97
3338,0,1,1,8,9,1988,390.9
995,1,1,1,12,9,2016,249.37
1011,0,0,0,8,8,2001,152.6
3585,1,1,0,14,2,2018,366.17
1785,1,1,1,8,3,2023,259.16
1535,1,0,0,8,2,2001,181.36
3354,0,0,1,2,5,1981,302.21
1241,1,1,0,15,6,1994,225.49
3423,0,1,1,5,10,2023,408.16
2516,0,1,1,10,3,2001,238.44
2969,0,1,1,1,4,2023,305.52
1250,1,1,0,5,2,2011,168.32
745,0,1,0,5,4,1994,86.3
3097,1,0,1,15,4,2003,344.27
1605,1,0,0,2,7,1997,232.58
1634,1,0,1,2,4,1987,229.84
1416,0,1,0,6,2,2000,158.54
1372,1,1,0,11,2,2000,169.35
2159,1,1,1,9,10,1981,327.29
2242,0,0,0,14,6,2003,247.18
3897,1,0,1,3,9,1998,438.77
842,0,1,0,12,3,2024,111.54
3503,1,0,0,11,4,2009,345.21
1266,1,0,1,3,9,2001,239.02
2793,0,0,0,15,4,2013,241.76
2320,0,0,1,9,7,2015,268.08
1251,0,0,1,15,2,1999,106.72
1477,1,0,0,9,3,1991,195.77
2526,1,1,1,13,8,1999,345.51
1208,1,1,1,4,5,1996,231.07
982,1,0,1,12,8,1980,205.86
3611,0,1,0,2,6,1987,350.2
2656,0,1,1,14,5,1997,301.3
1904,0,0,1,11,7,1994,225.18
3380,1,1,0,13,2,2021,345.75
1846,0,1,1,6,8,1985,253.97
2971,0,0,1,14,3,2018,294.77
2582,0,0,0,9,5,2009,266.03
1246,1,1,0,10,7,1989,207.02
2649,0,0,0,2,6,1980,264.02
1540,1,1,1,8,2,2011,232.99
2182,0,1,1,15,4,2005,220.82
906,0,1,0,12,5,2020,147.79
868,0,0,0,11,4,1983,89.26
1923,0,1,1,7,7,1995,228.77
3362,0,1,1,14,8,2004,379
3624,1,1,0,11,3,2014,392.89
3071,1,1,0,15,2,1989,325.32
2282,0,0,0,6,9,1988,259.06
3764,0,1,1,8,2,1992,337.57
1787,1,0,0,11,6,2019,231.76
1235,0,0,1,6,10,1997,182.11
2972,1,0,0,2,2,2007,291.24
3851,0,1,1,15,5,2003,401.57
2260,1,0,1,7,9,1995,302.33
1380,0,0,1,14,3,1992,140.07
3591,1,0,1,7,9,1989,411.92
2358,0,1,0,3,10,2022,300.13
3787,1,0,1,6,3,2015,384.22
3424,0,1,0,5,9,1988,385.12
531,1,1,1,5,4,1998,147.13
2564,1,0,1,7,10,2000,351.72
2032,0,0,1,13,5,2021,225.7
1221,0,1,1,15,2,2016,136.81
1959,1,0,1,1,6,1989,268.4
3607,0,0,0,15,3,1996,308.39
570,1,0,0,9,3,2011,129.49
1251,0,0,1,1,7,1993,181.86
995,0,1,0,13,2,1996,113.67
3419,0,0,1,6,7,1985,325.06
2918,0,0,0,1,3,1994,246.31
3050,1,0,0,6,2,1981,274.48
973,0,0,1,10,3,2007,121.19
2576,0,0,0,2,9,1997,267.15
2202,1,0,0,6,4,2024,246.37
1904,0,1,1,12,5,2005,246.12
1945,1,1,1,6,4,1980,250.91
2979,0,0,0,5,6,2024,317.24
3770,1,0,0,13,4,1994,389.4
3597,0,0,1,13,10,1994,392.5
1420,1,1,0,6,10,2011,261.54
3247,0,0,1,2,5,2015,301.09
1396,0,1,0,1,8,2014,205.02
2356,1,1,0,6,9,2016,330.82
3337,0,0,1,2,2,2020,284.39
1377,1,0,0,14,2,1984,162.28
1235,0,0,0,5,10,2013,206.97
1992,1,1,0,6,8,1989,301.54
1576,1,0,1,7,3,2020,222.7
1690,0,1,1,8,2,1997,195.44
3516,1,1,0,6,4,2010,373.12
634,0,0,1,7,2,1987,82.99
1363,0,1,0,12,3,1997,133.42
1855,1,0,1,10,4,2002,223.66
2605,0,0,0,7,10,2022,313.51
1923,0,1,0,15,10,1989,249.96
2438,0,0,0,13,3,2010,210.27
513,1,0,1,13,10,2022,187.39
1206,1,1,1,5,3,1989,188.29
2570,0,0,0,12,9,2004,274.06
1844,1,1,1,10,9,1981,310.23
3496,0,1,0,13,5,2021,356.47
642,0,0,0,3,5,2012,102.99
2961,0,0,0,13,2,2017,248.14
869,1,0,1,1,9,1987,205.77
3371,1,0,0,11,9,2016,416.31
3440,1,1,1,1,6,2005,400.31
811,1,1,1,9,8,1982,195.16
1551,0,1,1,14,2,2003,182.54
1704,1,1,0,3,7,1998,278.87
1799,0,1,1,3,9,2003,238.01
1076,1,1,0,3,6,1984,194.38
2366,0,0,0,5,10,1988,259.97
739,0,0,1,6,8,1992,121.46
1888,1,0,1,9,8,1986,263.55
3583,1,1,1,8,4,1997,396.71
522,0,0,1,2,8,1980,124.56
2339,1,1,0,12,6,2016,308.4
1858,1,0,0,8,2,1984,210.36
3342,1,1,0,14,2,2013,342.55
1111,0,0,0,13,2,2020,91.92
948,0,1,0,2,7,2004,147.08
1233,0,0,1,11,10,2019,222.69
3640,1,1,0,11,4,1993,394.38
1925,1,0,0,7,6,2011,239.6
3693,1,1,1,4,4,1986,406.94
1933,0,1,0,6,8,1988,244.98
2730,1,0,0,14,10,1987,345.8
2448,0,0,1,13,4,1999,230.49
2554,0,1,1,11,9,2012,319.06
2500,0,0,0,15,10,2023,279.09
2804,1,1,0,8,3,2004,308.26
3393,0,0,1,10,6,1989,341.29
2831,0,1,0,4,9,1993,324.17
2292,1,0,0,8,10,1981,328.33
3007,1,0,0,4,10,2021,388.19
1233,0,1,0,11,6,1996,183.94
2150,1,1,0,2,7,1983,286.43
3897,0,0,1,11,6,2003,377.6
958,0,0,1,13,4,1983,101.59
1676,0,1,0,13,10,1999,247.87
3220,0,0,0,12,8,1985,300.55
1252,1,0,0,2,7,1985,192.92
3730,0,1,0,15,5,2002,355.76
2261,0,0,1,4,4,2000,216.72
932,0,0,0,8,8,1998,133.43
3305,1,1,1,5,3,1990,379.65
2562,0,0,0,3,7,1986,252.11
730,1,0,0,14,10,1984,199.5
2051,0,0,0,11,4,2006,208.24
3254,0,1,1,14,10,1994,370.67
920,1,0,0,15,7,1981,164.91
2261,1,1,0,8,2,1986,263.16
2308,0,1,0,7,8,2024,293.21
3608,1,0,1,3,4,2017,406.01
1040,1,0,0,2,9,1983,215.94
2506,1,0,0,2,6,2005,294.26
3650,0,1,1,11,6,2022,387.48
1108,1,0,1,5,10,2010,249.59
3783,1,0,0,10,10,2013,441.88
3912,1,0,1,12,10,2018,472.68
2324,0,0,0,14,5,2024,246.97
1868,1,1,1,6,10,1990,299.45
3736,0,1,1,12,6,1991,392.88
2905,0,1,0,7,10,1992,349.17
610,0,1,1,9,6,1988,144.15
3816,0,1,0,12,9,2011,425.19
3779,1,1,1,1,6,2022,449.2
3815,0,0,1,12,8,2023,417.59
1388,1,1,1,6,3,1983,215.09
1151,0,1,0,13,2,2022,146.54
906,1,1,1,13,10,1980,240.75
549,1,1,0,8,3,2022,129.95
2476,1,1,0,8,8,2007,338.48
3768,0,1,0,7,7,2016,381.92
3805,0,0,1,1,9,2007,417.4
1850,1,0,0,4,2,2011,218.7
3611,0,1,0,13,8,1995,365.88
2504,0,0,0,13,2,1986,180.89
766,1,0,1,15,7,2000,179.53
1049,0,0,1,5,6,2006,138.41
2384,0,0,1,8,8,2006,290.99
3451,0,1,0,4,10,2024,414.9
3738,1,1,1,13,10,2003,454.39
1231,1,1,1,8,9,1986,272.82
3600,0,1,0,2,2,2021,333.68
1472,0,0,0,15,4,1988,156.76
1981,1,0,0,6,2,1986,207.61
886,1,0,0,3,6,1990,152.02
2040,0,0,1,11,2,1980,195.15
3150,0,1,1,3,3,2013,322.49
1340,1,1,1,4,9,1984,273.18
3295,0,0,0,12,2,1989,260.96
3315,0,0,0,1,4,1989,275.16
3885,0,0,0,4,3,1998,312.8
1466,1,0,1,9,10,2016,279.58
3881,1,1,0,15,7,2005,422.27
3861,1,0,0,14,8,2007,421.17
984,0,1,0,15,7,2008,152.63
1103,1,1,1,1,4,1991,186.51
1905,0,1,1,11,5,1987,209.56
1950,0,0,0,12,5,2010,195.04
3932,1,1,1,7,6,2004,443.49
1796,1,0,1,2,2,2002,221.09
584,0,1,1,14,7,1994,141.79
3857,1,0,0,12,2,1995,356.59
689,0,1,1,10,8,1990,137.82
1121,1,0,0,11,6,1984,170.34
3807,0,1,1,11,5,1996,382.59
2500,1,1,1,14,7,2012,336.01
659,0,0,0,13,7,1997,91.67
551,1,0,0,1,9,2013,183.08
1433,0,1,0,4,4,2013,175.75
2919,0,0,0,1,4,2017,280.63
776,1,1,1,3,7,1998,191.04
3942,0,1,1,7,5,2018,378.31
1042,0,0,1,5,8,2020,181.97
3962,0,1,0,9,2,2016,371.06
2023,0,1,0,1,10,2012,256.11
2475,0,0,1,9,5,1987,251.2
824,1,0,1,9,6,2013,182.49
2182,0,1,1,4,9,2019,315.05
1777,0,1,1,8,3,2023,205.45
1060,1,1,0,11,9,2019,249.57
3754,0,0,0,4,9,2020,377.65
1858,1,0,1,13,5,2011,248.62
1662,1,1,1,4,4,2015,255.19
3150,0,0,0,1,9,1982,313.11
3323,1,0,0,3,9,1983,388.16
3568,1,1,0,11,6,1988,384.95
1883,1,0,1,8,9,2020,306.82
2354,1,1,1,1,8,1994,326.87
3445,1,0,1,1,8,2004,428.01
2968,0,0,0,2,6,2004,270.55
3564,1,1,1,3,10,2004,442.35
2426,0,1,0,14,6,2000,255.57
2488,1,1,0,2,6,2019,335.5
565,0,1,0,11,10,1995,145.53
3614,1,1,0,3,8,2005,431.73
1176,1,0,1,6,3,2017,184.98
1927,1,1,1,6,5,2016,290.86
2743,0,1,1,11,7,1982,313.87
2309,0,0,1,5,8,1990,277.06
2701,1,1,1,12,2,2011,298.29
884,0,1,1,9,8,2004,187
3869,0,0,1,13,4,2000,337.75
3935,0,0,1,3,8,1987,372.38
669,0,1,0,5,3,1985,71.9
1809,0,1,1,5,10,2022,274.58
819,0,0,0,12,8,2002,132.39
1734,1,1,1,14,8,1986,273.31
2301,0,1,0,14,4,2008,222.18
1213,1,0,0,4,7,2003,198.33
1123,0,0,0,13,5,2000,132.63
2447,1,1,1,6,9,2010,353.02
3583,1,1,1,11,9,1983,440.18
982,1,1,0,2,6,2019,187.59
2823,1,0,0,8,5,2023,305.84
3612,1,1,1,10,7,1992,436.04
1504,0,0,0,4,10,1997,206.44
3597,1,1,1,11,3,2000,376.35
537,1,1,0,7,8,1991,179.48
1857,1,1,1,5,3,1994,260.1
1002,1,0,1,3,9,2004,217.98
2985,0,0,0,3,2,1980,223.55
1836,0,1,0,2,3,2014,183.58
818,1,0,0,15,7,2007,165.04
2028,1,1,0,14,3,2002,257.48
1221,0,0,0,12,4,2021,151.07
3671,1,1,1,12,4,2013,401.53
2070,1,1,0,12,8,2007,324.78
2266,1,0,0,15,2,2003,231.97
1678,1,0,1,14,10,1987,299.25
3245,0,0,1,13,10,1986,362.2
3110,1,0,1,12,9,1999,382.07
2203,0,1,0,3,5,2019,255.9
3709,0,0,0,3,5,2012,328.32
3885,0,1,0,14,6,2021,377.52
2743,1,0,1,7,5,2022,335.27
3189,1,0,0,7,3,1983,306.68
1805,1,0,1,6,4,1990,241.63
1129,0,0,0,15,2,2013,98.77
1012,0,1,1,6,10,2020,211.58
3402,0,1,1,5,10,1980,364.96
2891,0,1,1,5,7,1990,307.81
1025,0,1,0,8,5,2010,135.15
3002,1,0,1,12,10,2007,402.49
3686,1,0,0,8,3,1999,348.01
1126,1,1,1,15,7,2015,240.61
2499,0,0,1,5,10,2007,288.04
701,1,0,0,8,2,1997,105.77
1714,0,1,0,14,7,1999,217.04
1387,1,1,0,4,7,1996,253.97
600,0,0,0,8,7,2018,114.57
1315,0,1,1,8,7,1986,182.52
2919,0,1,0,4,2,2010,260.65
1222,0,1,1,9,10,1990,231.83
2927,1,1,0,2,9,1997,377.97
3467,0,1,0,5,9,1981,382.35
2003,0,1,1,8,10,2022,291.58
2766,0,0,0,10,10,2009,310.17
2431,1,1,1,6,3,1987,287.76
2585,1,1,1,5,8,2016,347.63
3978,0,1,0,5,8,2014,420.44
1419,1,1,1,5,9,1983,258.96
3822,0,0,1,1,7,2008,392.42
2273,0,1,0,11,4,1995,228.9
3412,0,1,0,2,10,2020,393.87
974,1,1,0,10,4,1999,174.82
1829,0,0,1,7,3,1986,178.1
724,1,1,1,4,7,1995,178.06
2772,0,1,1,14,8,2016,346.76
2039,0,0,1,14,2,2024,196.35
905,0,1,1,8,10,1991,195.23
3928,0,1,1,11,10,2024,444.71
667,0,0,1,5,10,2016,163.78
3141,0,0,0,6,7,1984,290.11
568,1,0,0,13,5,2003,117.99
2443,0,0,0,2,4,2003,229.47
811,1,0,0,8,5,2024,177.24
1346,1,1,0,7,4,2000,213.09
3951,1,1,0,3,2,1993,399.59
1207,0,0,0,4,9,2023,185.16
2626,1,1,1,7,5,1998,317.58
1854,0,1,1,10,9,2004,268.13
2636,0,1,1,13,10,2008,331.41
1102,1,0,0,1,6,2014,185.33
3983,0,1,0,15,9,1988,393.06
2984,0,1,1,13,6,1992,324.24
2128,1,1,1,1,7,1993,291.84
3699,0,0,0,1,5,2021,340.16
2012,0,1,0,7,3,1982,182.98
2947,0,0,0,11,2,2001,258.18
1709,0,1,1,6,6,2010,230.97
3054,0,1,0,5,7,2011,331.14
1649,1,0,1,3,3,1992,193.9
1365,1,0,0,8,3,2022,169.18
2096,1,0,0,4,9,2024,326.7
2046,1,1,1,15,4,1998,287.08
3739,1,0,1,6,4,2001,386.43
3878,1,1,0,7,8,2015,467.1
1635,0,1,1,3,5,2001,205.93
965,0,0,1,4,9,2005,175.82
577,0,1,0,9,8,1987,139.88
1731,0,1,1,3,4,1995,190.22
522,1,1,1,4,2,2017,129.42
2504,1,1,0,14,4,1996,313.64
3987,1,0,1,1,8,2023,451.99
2320,1,0,1,5,6,2008,315.19
2435,0,1,1,7,10,1983,303.62
2949,0,0,0,12,10,2007,334.92
1733,1,1,1,9,6,2024,276.46
2269,0,1,0,2,7,1988,255.91
803,0,1,1,7,8,2022,174.67
1186,1,1,1,4,2,1980,159.73
1794,1,0,1,2,10,2006,300.13
3194,1,0,0,7,10,2007,379.58
863,1,1,1,8,6,1988,178.22
2122,1,1,1,8,5,1985,303.77
3984,0,0,0,12,6,2004,355.65
3830,1,1,1,5,7,1997,454.87
3259,0,0,0,14,10,1982,334.57
2850,1,1,0,9,2,1982,288.81
2418,1,0,0,14,8,1982,310.75
613,1,0,0,15,10,2020,178.01
3821,1,1,1,14,6,2016,463.88
3628,0,0,1,14,7,2023,357.01
1000,0,0,0,14,3,1999,81.18
3456,1,1,0,14,7,2010,404.77
2520,0,1,1,11,6,2018,287.64
620,1,1,1,14,10,1990,232.65
3872,1,0,1,6,6,2013,410.2
3378,0,1,1,13,10,2013,402.15
3365,1,1,0,8,10,2014,428.11
3907,0,0,1,1,4,1987,359.48
930,1,1,0,8,9,1993,211.49
3127,0,0,0,15,2,2019,270.83
1705,1,1,1,9,8,2014,306.26
1043,0,1,1,9,9,1980,183.62
2850,1,0,0,15,4,1991,300.49
1397,1,0,1,5,7,2003,234.36
1083,1,1,0,6,9,2001,245.98
2797,1,1,0,10,5,1994,326.28
2502,1,0,1,6,8,2004,336.61
3134,1,1,0,1,6,1984,367.55
1868,1,0,0,3,2,2002,198.04
3604,1,0,0,12,10,1982,401.28
2074,0,0,0,12,10,2014,278.82
3812,0,0,0,8,10,2004,384.49
1161,1,0,1,12,10,2015,236.22
996,1,0,1,8,3,1981,136.5
3074,0,1,0,12,3,2015,282.57
2176,0,1,1,15,8,2013,284.45
2816,0,1,0,9,4,1981,276.09
3680,0,0,1,6,8,1989,374.06
2706,0,1,0,1,7,1983,278.99
3528,1,1,1,11,9,1999,449.3
2701,1,0,1,9,4,2000,295.27
902,1,1,0,9,5,2023,201.49
3578,1,1,0,5,9,1986,406.79
1245,1,0,0,3,2,2013,145.14
3380,0,1,0,11,10,1987,352.49
3599,0,1,0,12,4,2013,327.09
3144,0,1,0,13,10,2001,350.53
1123,1,1,0,6,6,1981,200.47
631,1,1,1,15,8,1984,198.31
3721,0,1,1,6,6,2008,377.45
1614,0,0,1,13,2,2013,146.84
3722,1,1,0,10,3,1982,372.85
3428,1,0,1,14,10,2019,428.34
3409,1,0,1,7,6,1998,371.4
2092,0,0,0,14,10,2023,266.91
655,1,0,1,14,3,2015,158.99
2552,0,1,1,9,6,2018,292.41
771,1,0,1,15,4,1981,155.4
821,1,0,0,8,3,1999,136.08
1571,1,1,1,5,6,2009,275.1
3227,0,0,1,8,3,1991,278.77
1423,0,0,0,2,6,2020,181.45
840,1,0,1,15,3,1998,130.44
1267,0,0,1,9,8,1984,180.09
2551,0,1,1,5,9,2021,338.54
3668,1,0,1,14,4,2000,370.59
539,1,0,1,13,10,1990,199.05
3414,0,1,0,4,5,2006,336.87
2125,0,1,1,15,3,1991,218.68
773,0,1,0,15,3,1992,89.69
2842,0,0,0,13,6,2006,272.38
3399,1,1,0,11,6,2013,395.68
2304,1,1,0,13,9,1994,316.48
1073,0,0,0,1,2,1993,102.75
3788,0,1,0,15,8,2022,384.48
3455,0,1,1,9,6,2003,367.8
1624,0,1,1,11,7,2014,213.41
3929,1,1,0,7,3,1986,378.22
3742,1,0,0,15,9,2005,445.4
3976,1,0,1,15,6,2007,415.35
876,0,1,0,11,7,1988,122.95
590,0,0,1,9,3,1981,76.73
2262,1,1,1,9,8,1991,314.41
1004,1,1,1,14,9,1996,248.44
2654,0,0,0,5,6,2012,260.9
2399,0,0,0,5,5,2016,234.91
1149,1,1,0,8,8,1999,226.64
3937,0,0,0,13,2,2006,315.66
3191,1,1,0,5,6,1995,368.89
3293,1,0,1,7,10,2014,422.96
1500,0,0,1,9,9,2010,212.92
2057,0,1,1,9,7,1987,260.96
3109,1,1,0,4,5,1998,370.33
3619,1,1,1,6,3,1988,401.45
1234,1,0,0,6,10,1989,213.29
2996,0,1,1,1,10,2009,361.06
3129,1,1,0,5,3,1990,318.64
2079,1,1,0,3,9,2024,332.49
3364,0,0,1,1,10,1993,374.37
2595,1,1,1,8,3,2001,317.92
2471,0,1,1,13,10,2022,318.08
3794,1,0,0,9,8,2015,436.56
1415,1,1,0,12,5,1995,206.67
2842,1,0,0,11,8,2008,352.25
2639,1,0,0,7,3,1982,283.78
2462,1,0,0,6,6,2017,303.22
1463,0,0,1,6,5,2005,152.78
2519,1,1,0,3,9,2006,350.79
1115,1,1,0,1,6,2022,198.57
3584,0,1,1,5,5,1988,355.78
533,1,0,0,4,10,2018,201.71
2830,0,1,0,15,4,2014,261.76
2660,0,0,1,12,4,2007,276.36
3109,0,1,0,10,6,2009,330.71
2623,1,0,0,4,4,2004,283.72
1422,0,1,0,8,2,1988,120.22
3116,1,0,0,6,10,2012,378.53
782,1,1,1,3,2,1980,146.31
2778,0,1,1,3,6,2018,305.66
2899,0,1,0,8,9,1997,321.89
769,0,0,0,11,4,2002,102.4
2062,0,1,0,1,6,2009,255.47
3545,1,1,0,5,5,2012,378.72
871,1,0,0,3,9,1987,184.59
1607,0,0,0,1,5,1992,158.98
3554,0,0,1,13,6,2004,336.13
2951,0,0,1,4,3,2012,259.72
2999,0,0,0,6,3,2015,251.02
1774,1,1,1,13,9,1990,308.69
3878,0,0,0,3,5,2023,371.39
2291,1,1,1,5,6,1994,313.82
1343,0,1,0,7,3,2001,142.2
3132,0,0,0,11,5,2010,312.81
3865,1,0,1,13,4,2017,416.91
1879,0,1,1,10,5,2014,218.5
3094,0,1,0,9,7,1983,322.77
3110,1,0,1,6,8,2001,381.55
980,1,1,1,2,10,1981,260.67
3125,1,0,1,1,2,1988,335.13
708,0,0,1,6,3,2018,80.68
2846,0,0,1,13,3,1983,247.05
1350,0,0,0,15,10,2012,182.88
1509,1,1,1,15,7,1999,264.27
1402,0,0,0,12,3,1989,121.82
1452,1,1,1,15,6,2002,261.35
1910,1,0,0,3,6,2007,272.8
2522,0,0,0,5,7,2011,255.17
1890,0,1,0,7,8,2003,255.66
1596,0,0,0,3,10,1989,229.05
657,0,0,0,5,10,1984,136.04
1231,1,1,1,11,9,2023,279.91
2137,0,0,1,5,8,2000,259.59
2904,1,0,0,12,7,1988,332.93
3950,1,1,1,1,5,2005,429.49
1531,1,0,0,12,9,2022,274.47
654,0,1,0,14,3,1988,94.35
3487,1,1,1,4,3,2014,404.61
1488,1,0,1,6,3,2003,197.37
552,0,0,1,8,5,2003,89.37
644,0,0,1,11,10,2006,171.8
2349,0,1,0,4,8,1992,266.95
595,1,0,1,3,8,1985,169.94
2806,0,1,0,9,8,1981,315.02
2422,1,0,1,8,9,1988,338.42
3753,0,1,1,13,6,2008,389.4
1967,0,1,0,7,4,2022,233.08
3550,0,1,1,9,6,2012,363.29
1765,0,0,1,2,8,2003,236.2
1992,1,0,1,6,4,1994,228.95
3053,1,1,0,8,5,2012,375.86
1937,0,1,1,13,2,2024,206.07
1049,0,1,0,4,2,1985,91.37
3269,1,0,1,8,6,1988,365.92
1072,1,0,1,2,3,2003,175.75
1422,0,0,1,15,6,2009,182.05
2407,0,1,1,11,6,1987,253.88
1734,1,1,0,7,6,1981,245.14
1958,1,1,1,5,2,2005,249.24
1158,0,0,1,13,6,1993,153.29
1866,1,1,0,15,4,1987,234.86
1934,1,1,1,3,4,2008,286.54
2130,1,1,1,2,3,2015,264.37
3382,0,0,1,8,5,1995,309
2732,0,1,1,2,7,2013,335.98
729,1,0,1,11,9,2014,202.33
2565,0,0,0,4,2,1984,222.3
3604,1,1,0,8,7,1984,410.6
802,1,0,1,14,8,2006,212.69
686,1,0,1,11,3,1982,139.53
724,0,1,1,14,8,2007,172.99
1073,0,1,0,5,6,1991,136.19
511,0,1,1,6,4,1981,100.23
1768,1,0,0,15,9,2024,261.51
1405,1,1,1,12,8,1997,265.92
3828,0,1,1,2,7,2015,406.01
3658,1,1,0,4,7,2018,439.41
679,1,1,1,7,5,2017,190.92
1072,0,1,0,3,4,1983,112.41
954,0,1,0,8,6,2016,134.18
1104,0,1,0,9,10,2005,181.76
3293,1,0,0,3,6,2014,386.83
3415,0,0,1,5,5,1988,333.4
2965,1,1,1,11,4,2003,357.64
3754,1,1,1,3,8,2007,439.01
3784,0,0,0,2,3,1989,333.01
2218,0,0,0,10,3,2000,193.84
501,0,1,0,2,4,1990,79.13
826,0,1,1,7,6,2018,161.42
2871,1,1,0,15,8,2023,387.69
2060,0,0,0,2,10,2006,269.24
1353,0,1,0,5,9,1990,190.13
1179,1,1,1,8,8,1994,243.25
2967,0,0,0,7,9,2009,323.08
2010,0,0,0,15,8,2002,247.34
921,0,1,0,7,7,1986,145.82
3699,0,1,1,7,8,2023,392.18
3926,1,1,0,13,8,1996,451.34
3347,1,0,0,13,2,1999,343.11
734,0,0,1,14,7,2014,156.56
3042,0,1,0,2,4,2020,308.31
837,0,0,1,10,5,1993,107.68
3828,1,0,1,9,7,1999,413.12
1027,0,1,1,14,8,1999,177.99
3533,0,1,0,11,10,2011,389.01
2119,0,1,1,9,8,2024,300.32
2537,0,1,0,15,8,1984,263.71
3856,1,1,0,11,9,1991,436.35
2880,0,0,1,7,5,1995,268.63
3659,1,0,0,11,2,1984,352.3
1422,1,1,1,9,7,2014,254.83
3282,1,0,0,10,8,2016,399.57
722,0,1,1,13,9,2018,160.4
2140,1,0,1,7,8,1981,298.59
921,0,1,0,9,8,2017,187.45
2141,0,0,0,3,4,2005,194.46
797,1,1,1,3,5,1986,166.75
782,0,1,0,14,9,1997,169.44
1373,0,1,0,10,6,2016,179.67
1196,0,1,1,10,6,2024,190.6
1950,1,1,1,14,9,2014,324.91
3469,1,1,0,3,8,1994,415.15
3569,0,0,0,2,8,1984,353.91
631,1,1,0,12,4,1985,157.86
1474,0,1,0,11,3,2007,155.54
2188,0,1,1,2,5,2024,243.67
1969,0,0,1,5,9,1982,257.56
1742,1,0,1,11,7,1989,240.37
2266,1,0,0,2,4,2010,262.28
3592,1,0,1,13,7,2020,433.55
1747,0,0,0,10,9,1995,195.94
2841,1,1,0,2,9,1982,359.81
1896,0,1,1,15,9,2018,255.42
2746,1,1,0,13,5,2011,326.09
2868,0,0,1,13,6,2004,304.41
3167,0,1,1,6,5,2016,347.4
3366,0,0,0,3,6,1995,316.67
1366,1,1,1,14,9,2006,287.95
3316,1,0,0,1,3,2019,350.39
3699,0,0,0,15,10,1991,372.14
637,0,1,1,11,3,2012,117.46
518,0,0,0,2,8,2007,117.81
1389,1,0,1,10,5,2005,221.43
1175,0,1,0,5,6,2009,185.07
1792,1,0,1,14,8,1999,277.61
1139,0,1,1,9,9,1983,184.96
570,1,1,0,3,8,1981,166.03
3146,1,1,1,8,9,2015,428.81
1961,0,1,1,2,3,2007,212.1
3043,0,1,0,11,4,2024,297.47
3625,0,1,0,13,9,2008,373.65
2924,0,1,1,7,7,1985,315.08
1531,1,1,0,2,10,2003,296.43
3802,1,0,1,10,10,1993,452.33
3113,0,0,1,15,6,2023,305.75
1085,0,1,0,4,4,1996,137.13
1996,1,1,0,9,10,2004,337.21
1954,1,1,1,9,5,2004,288.21
764,1,1,0,15,5,2010,176.39
1662,1,1,1,7,5,2010,244.25
3665,0,1,1,6,2,1992,336.21
712,0,0,0,3,5,2024,124.27
2822,0,1,0,10,10,1985,321.03
3280,1,1,1,4,6,2022,421.88
3129,1,0,0,4,6,2008,351.54
3212,0,1,0,4,8,2011,360.97
2912,0,1,1,4,10,2021,375.74
1677,0,0,1,5,9,2016,221.39
3446,1,0,1,1,6,1990,393.79
2812,0,1,0,14,3,2021,261.57
2299,1,0,1,11,5,1986,265.78
1960,1,1,0,2,4,1994,241.79
2830,0,1,1,3,6,2016,330.64
3928,0,1,0,14,8,2011,408.03
3212,1,0,0,13,4,2000,324.64
2749,0,0,1,15,5,2019,283.57
3175,1,0,1,1,10,1991,406.46
2350,1,0,0,14,8,1984,300.96
2492,1,0,1,10,9,2000,335.73
1171,0,1,1,3,2,2010,131.72
1880,0,1,1,13,5,2021,220.47
2334,0,1,0,15,7,2018,254.66
2161,1,0,0,8,8,1984,293.04
3526,0,1,0,12,4,2011,352.08
996,1,0,0,7,4,2021,187.61
1816,1,1,0,11,4,1981,234.33
2414,0,0,1,3,2,2006,231.34
2187,1,0,0,2,10,1990,320.64
2790,0,1,1,9,3,1989,269.94
3318,0,1,0,3,8,1989,358.38
3859,0,1,1,9,3,1980,346.13
3435,1,1,1,7,4,2009,381.25
1840,1,0,0,5,6,2007,262.81
3716,1,0,0,10,3,1998,351.26
1298,0,0,1,14,3,1988,122.39
3342,1,1,0,13,7,1992,381.24
3412,1,0,1,10,5,1981,357.85
655,1,1,0,10,2,2003,143.94
2292,1,1,0,7,2,1995,276.46
1891,0,0,0,10,2,1994,139.56
1812,1,0,0,10,3,1987,211.96
3470,1,0,1,9,8,2015,400.72
1637,0,1,1,14,7,2007,214.36
2034,1,1,0,9,2,2024,232.98
3902,0,0,0,12,6,2013,373.06
2111,1,0,1,5,7,1993,305.69
867,0,1,1,5,5,2019,161.21
2274,0,0,0,2,5,2002,205.51
980,1,0,1,7,9,1985,206.15
3703,1,0,0,1,9,1997,423.94
2561,0,0,1,2,5,2010,246.35
1934,0,0,0,2,2,2004,159.36
1767,0,0,1,9,8,2004,236.25
632,0,0,1,2,8,1981,110.13
1699,1,1,0,15,7,2019,261.5
2947,0,0,1,6,4,1986,274.68
3131,1,0,0,12,7,2013,376.3
3247,1,0,0,8,9,1989,390.53
2292,0,1,0,2,10,1991,274.43
2586,1,0,0,5,3,2005,266.7
1992,0,1,0,5,2,1980,181.36
3499,0,1,1,1,6,1988,364.61
1117,0,1,0,2,2,2001,127.75
3907,1,1,1,8,9,2010,468.74
3738,1,1,0,8,6,1980,411.05
2893,1,1,0,2,2,2014,311.12
3366,1,0,1,3,4,1995,360.15
3210,0,0,1,6,7,2007,319.61
1606,1,1,0,5,5,2002,256.31
911,1,0,0,6,4,2009,171.3
2800,1,0,1,3,6,1986,320.86
2149,1,0,1,6,7,2023,287.76
3219,1,1,1,13,6,2006,383.18
2681,1,0,1,8,9,2005,371.34
1732,0,1,0,12,3,1984,175.82
2026,1,0,1,15,10,2000,307.28
2221,1,1,0,6,3,1997,272.17
1268,0,0,1,3,2,2018,135.41
1779,1,1,0,9,2,2000,202.02
3805,0,1,0,5,6,2012,389.81
569,0,1,1,3,7,1984,146.14
3321,1,0,0,11,6,1980,369.6
2342,1,0,1,10,3,1988,254.93
3948,0,1,1,12,5,2004,378.07
2236,0,1,0,7,3,2006,220.05
2120,1,0,0,11,6,1980,264.8
2595,0,0,1,11,6,1980,243.21
2206,0,0,1,11,3,1994,204.4
3143,0,1,1,2,8,2020,368.7
733,0,1,0,10,5,1996,113.57
1656,0,1,0,12,6,1992,197.91
3825,0,1,0,15,4,1986,334.22
2178,1,1,0,15,5,2007,286.91
1888,1,1,1,1,5,1992,258.62
1851,1,0,0,6,7,2009,278.38
1820,1,0,1,8,10,2014,289
1931,0,1,0,10,5,1996,217.29
3591,0,1,0,11,7,1998,371.23
3234,1,1,1,7,5,2000,376.5
1437,0,1,0,4,3,1987,130.11
3710,0,1,1,4,9,2015,433.07
2600,0,0,1,13,2,2013,220.61
2044,0,1,1,2,8,2014,253.94
3162,0,0,0,1,4,1981,259.1
3416,1,0,0,14,10,1981,387.26
3891,0,0,0,4,2,2004,323.53
3734,0,0,0,9,3,2015,320.45
1822,0,0,1,10,7,1997,208.23
2396,1,1,0,3,2,1997,278.82
3230,1,0,0,1,5,1995,327.28
3091,0,0,1,2,5,1998,308.59
3409,1,1,1,9,10,1999,432.79
2510,0,1,0,14,6,2002,274.88
2924,1,1,1,2,6,2014,377.95
1101,1,0,0,15,2,2005,151.52
3613,0,1,1,3,2,2006,330.09
1694,1,0,0,9,8,1980,260.09
2975,1,0,0,12,2,1995,305.31
1387,1,0,1,7,3,2014,184.77
2946,1,0,1,6,3,2019,344.46
3644,1,1,0,4,7,1992,427.4
1600,0,1,0,10,2,1999,149.99
1444,1,1,0,6,4,2013,210.98
2066,0,0,0,12,6,2000,227.8
695,0,1,0,14,9,2010,139.84
1428,1,1,1,8,7,1994,244.51
3646,1,0,1,12,4,2004,373.04
1644,1,1,1,13,4,1989,226.87
3387,1,1,1,6,10,2015,453.1
2004,0,0,0,8,8,2005,212.76
3914,1,0,1,3,5,1998,405.33
3563,0,1,1,5,8,1987,362.4
1961,1,0,0,7,10,2017,310.96
3649,1,0,1,8,2,2002,350.99
847,1,1,1,2,8,2007,237.07
1918,0,0,1,14,9,1985,243.3
1874,1,0,0,7,3,2018,246.14
2142,0,1,1,12,3,2007,211.94
543,0,0,0,9,6,2007,97.19
558,0,0,0,15,3,1983,67.84
2839,0,1,0,10,7,1980,302.68
2930,1,0,1,12,6,2000,361.79
2524,0,1,1,8,2,2006,259.99
2109,1,1,1,13,3,1983,250.43
1733,1,0,1,12,4,2009,216.78
2138,1,0,0,3,5,2008,281.17
2596,1,1,0,2,6,1990,337.29
3836,1,1,0,2,2,1992,378.12
3828,1,0,0,5,8,1995,435.96
3989,1,0,1,2,8,1990,456.78
2105,1,0,0,15,7,1989,288.22
3945,0,1,1,11,7,2021,413.94
1781,1,0,0,10,7,2021,254.64
3649,1,1,0,9,5,2004,391.78
3659,1,0,0,6,8,2001,396.45
2390,1,1,1,1,7,1993,343.74
858,0,1,1,12,2,1995,99.13
3612,0,0,1,10,2,1980,311.58
770,0,0,1,7,4,1995,92.3
1724,0,0,1,11,4,1988,182.04
807,0,0,1,9,4,1986,102.48
2696,1,1,1,9,3,2002,317.95
1564,1,0,1,7,5,1986,212.09
3921,1,1,0,7,7,2002,457.28
1426,1,1,1,2,2,1988,219.66
3669,1,0,0,4,2,2012,363.27
3211,0,0,0,12,6,1984,287.85
2562,0,0,0,6,4,1981,204.87
3144,0,0,0,10,8,2001,309.99
3070,0,1,0,13,9,2006,341.77
1716,0,1,1,8,8,2024,235.04
712,1,0,1,12,9,2014,215.31
2307,0,1,1,6,10,1992,302.62
1733,1,0,1,13,8,2015,289.41
824,1,1,1,1,5,2018,207.23
3196,1,1,0,15,3,1988,333.12
1803,0,1,1,12,6,1983,229.01
3596,1,1,1,2,8,2019,452.92
1057,0,1,0,15,10,2000,194
1635,1,0,0,1,4,1987,188.88
1825,0,1,1,12,8,2003,248.08
3947,1,1,0,12,10,2004,482.76
3544,1,1,0,1,9,2009,445.64
1948,1,1,1,15,5,2004,272.69
3278,0,0,0,9,7,1985,303.39
1825,0,0,1,7,3,1983,179.98
2824,0,1,1,4,4,2020,300.65
2577,1,1,0,10,3,2016,291.31
2086,1,1,1,14,2,2012,246.56
1808,1,1,0,5,3,1990,245.21
2752,0,1,1,1,10,2020,346.09
1508,0,1,1,15,10,2022,236.73
3192,0,0,0,4,5,2011,297.39
2180,0,1,0,7,9,1982,243.06
1246,0,1,1,3,9,2004,200.12
3734,1,0,1,8,8,2023,462.7
3701,0,0,0,7,7,2001,353.98
3822,1,0,0,13,5,1994,389.46
3468,1,0,0,4,9,1993,406.26
1326,1,1,1,8,2,1993,189.11
3972,1,0,0,10,4,1980,400.22
1256,0,1,1,2,4,1993,143.1
3667,1,1,1,10,10,2023,474.68
2513,1,0,0,11,3,1982,278.81
1507,1,1,0,14,2,2004,186.72
3664,1,0,1,3,8,2005,446.54
2846,1,0,1,5,10,1984,382.25
3099,1,0,1,9,6,1999,377.67
600,1,1,1,6,10,1990,218.66
3394,0,0,1,10,9,1996,347.88
2377,0,0,0,7,3,1982,201.27
2778,1,1,0,3,4,2004,324.77
1259,0,0,0,10,9,1998,172.11
3222,0,0,1,9,9,1981,356.21
3171,0,0,0,8,2,2015,273.12
3703,0,1,0,11,5,1985,348.14
927,1,0,0,2,3,1998,122.89
2796,1,1,1,15,2,1986,306.46
2739,0,0,0,15,5,2015,253.73
2100,1,1,1,7,4,2019,300.65
2253,0,0,1,6,6,2000,234.81
1154,0,0,0,15,9,1988,152.16
1757,0,1,1,9,5,1998,225.5
1705,1,1,0,8,6,1994,244.92
2208,0,0,1,14,2,1999,198.8
2166,1,0,0,15,4,2006,251.21
852,1,1,0,13,4,2018,193.84
922,0,0,0,8,2,2005,87.74
1173,1,0,0,5,10,2008,232.55
2855,0,0,0,9,7,2009,284.64
3603,1,0,1,1,10,1986,413.92
1456,1,1,0,9,8,1989,261.21
916,0,0,1,10,2,2006,88.16
2727,0,0,1,4,5,1996,254.22
2568,0,1,1,14,5,1988,277.93
3213,1,1,1,12,6,2002,401.9
2971,0,0,1,13,5,1980,286.42
1893,0,1,1,5,10,2016,279.19
1025,1,0,0,5,10,1999,200.81
2995,0,0,1,9,5,2018,316.88
3847,1,1,1,7,8,2011,483.61
3406,1,1,0,2,6,2015,380.92
1911,1,1,1,11,10,1998,308.04
3593,1,1,0,10,10,1992,422.8
2958,1,0,1,14,7,2024,373.03
3697,1,1,0,9,10,1981,429.63
2007,0,0,1,1,9,2017,276.7
3254,1,1,1,1,10,2013,453.09
1020,0,1,0,6,4,1986,109.26
1301,1,1,1,1,9,2001,250.21
864,1,1,0,5,2,1981,148.53
1950,1,1,0,11,2,2015,248.4
3590,0,1,0,3,6,1989,333.46
1903,0,0,0,9,4,2006,168.89
3731,0,0,1,3,9,1991,370.54
1793,0,0,1,9,7,2007,218.15
3103,0,0,1,3,5,2009,286.53
2242,0,1,0,2,9,2012,295.06
3087,1,0,0,8,10,2018,412.07
3395,0,1,1,2,3,2008,329.33
3296,1,1,0,8,4,2004,350.36
3418,0,0,0,12,8,2021,347.32
1994,1,1,0,12,5,2009,289.68
2715,1,0,0,13,3,2023,291.58
3353,0,1,1,5,5,1991,339.48
787,0,1,0,7,9,2016,178.01
3612,1,0,1,7,4,1983,354.09
2772,0,1,1,13,9,2003,329.04
708,1,1,1,10,7,2007,205.1
1424,0,0,0,15,2,2020,149.64
3926,1,1,0,9,10,2015,461.41
2137,1,0,1,8,5,1996,266.06
3979,1,0,0,14,6,2008,423.7
1771,1,0,1,5,8,2015,299.92
1250,0,0,1,2,2,2012,118.4
2902,0,0,1,14,8,1992,306.59
1311,1,1,1,7,3,1993,194.25
1292,0,1,0,9,8,1995,185.15
1212,1,0,1,6,4,2019,215.64
1136,0,0,1,6,9,1990,183.84
2061,0,1,0,5,8,1986,243.74
2347,0,1,1,4,4,1991,238.88
2483,0,1,0,7,6,2003,248.03
603,1,0,0,12,8,2008,166.38
1395,1,0,0,8,9,1987,232.7
3715,0,0,1,15,3,1989,329.95
1290,0,1,0,15,4,2011,160.8
3300,1,1,0,9,8,2014,416.21
670,0,0,0,13,7,2021,129.69
863,1,1,0,6,6,2002,179.09
1271,0,1,0,3,3,1990,116.16
3320,0,0,1,8,2,2013,300.63
1473,1,1,0,11,9,2024,290
3392,0,1,0,4,5,2009,351.08
796,0,1,0,11,9,2000,155.38
3939,1,1,0,3,9,2010,458.88
1932,1,1,1,8,6,1997,273.13
2794,1,0,1,4,2,1993,304.03
3867,1,0,1,7,8,1988,445.35
678,0,0,1,15,4,1985,74.24
1143,0,1,1,10,3,2001,158.95
3240,1,1,1,5,9,1989,415.85
2638,1,0,0,14,6,2022,326.33
1086,1,1,1,8,3,2014,182.44
3551,1,0,1,14,2,2006,367.98
1120,0,1,1,10,2,2023,131.88
583,1,0,1,10,4,1993,117.29
1121,1,1,0,3,9,2024,230.44
3649,0,0,0,8,7,1988,341.71
1173,0,0,0,13,4,2012,130.07
