Date,Season,Temperature,Humidity,Wind_Speed,Pressure,Rain
01/01/2005,Winter,20.34,87.23,6.24,994.44,0
01/02/2005,Winter,17.71,56.17,4.35,1005.7,0
01/03/2005,Winter,17.38,64.56,7.27,1016.59,0
01/04/2005,Winter,16.67,53.36,7.31,993.19,0
01/05/2005,Winter,17.38,54.73,3.35,1004.04,0
01/06/2005,Winter,18.37,63.23,3.86,1005.9,0
01/07/2005,Winter,19.2,60.57,6.91,1021.96,0
01/08/2005,Winter,15.86,55.11,2.93,1000.0,0
01/09/2005,Winter,18.05,68.61,2.8,1021.44,0
01/10/2005,Winter,19.48,61.86,3.88,1014.86,0
01/11/2005,Winter,21.58,60.48,2.15,1017.6,1
01/12/2005,Winter,21.79,50.43,5.08,1013.71,0
01/13/2005,Winter,19.71,69.06,1.45,1026.26,1
01/14/2005,Winter,18.44,71.09,9.31,1010.99,1
01/15/2005,Winter,15.42,74.26,5.94,1028.57,0
01/16/2005,Winter,18.44,62.55,3.44,983.07,0
01/17/2005,Winter,17.49,55.93,5.5,1001.66,0
01/18/2005,Winter,15.59,67.23,6.0,982.22,0
01/19/2005,Winter,17.32,63.54,7.39,1026.8,0
01/20/2005,Winter,18.26,61.19,8.54,999.1,0
01/21/2005,Winter,20.53,69.73,7.17,1003.84,0
01/22/2005,Winter,18.27,78.8,5.27,990.04,1
01/23/2005,Winter,17.19,77.12,3.35,1009.18,0
01/24/2005,Winter,19.41,72.69,6.81,1024.16,0
01/25/2005,Winter,21.52,57.07,2.33,1013.62,0
01/26/2005,Winter,20.28,70.51,1.58,989.41,0
01/27/2005,Winter,16.55,62.85,2.5,984.39,0
01/28/2005,Winter,20.07,59.15,9.7,980.74,0
01/29/2005,Winter,20.5,48.72,3.17,984.08,1
01/30/2005,Winter,17.6,70.34,9.7,1019.3,1
01/31/2005,Winter,19.71,67.59,2.71,1007.51,0
02/01/2005,Winter,17.19,60.46,7.67,982.12,0
02/02/2005,Winter,17.84,63.04,3.57,1026.99,1
02/03/2005,Winter,20.59,66.25,2.35,1027.76,0
02/04/2005,Winter,22.69,54.36,7.93,1014.22,0
02/05/2005,Winter,22.4,75.12,7.95,1024.79,1
02/06/2005,Winter,21.33,48.58,1.26,983.0,1
02/07/2005,Winter,19.42,73.27,4.0,1012.39,0
02/08/2005,Winter,23.29,68.75,1.58,1015.29,0
02/09/2005,Winter,23.13,69.55,3.01,1000.09,0
02/10/2005,Winter,22.88,55.74,5.92,1033.21,0
02/11/2005,Winter,21.84,60.46,5.64,982.72,0
02/12/2005,Winter,19.32,69.42,8.82,996.75,0
02/13/2005,Winter,22.08,56.11,1.18,994.92,0
02/14/2005,Winter,22.65,63.06,9.53,992.54,0
02/15/2005,Winter,22.33,65.81,1.97,1008.85,0
02/16/2005,Winter,24.37,62.45,2.04,983.23,0
02/17/2005,Winter,24.52,61.15,5.78,1005.18,0
02/18/2005,Winter,19.6,65.09,3.52,1026.21,0
02/19/2005,Winter,23.72,68.92,3.63,1024.9,0
02/20/2005,Winter,21.38,44.53,1.67,988.13,0
02/21/2005,Winter,19.57,84.76,6.51,1005.55,0
02/22/2005,Winter,23.53,75.63,3.53,1002.62,0
02/23/2005,Winter,22.14,52.45,9.26,1025.71,0
02/24/2005,Winter,24.28,77.16,9.7,1009.13,0
02/25/2005,Winter,24.79,72.19,4.34,1006.47,0
02/26/2005,Winter,20.28,52.53,6.15,1012.45,0
02/27/2005,Winter,20.76,70.59,8.47,1004.51,0
02/28/2005,Winter,22.67,95.88,1.07,1031.89,1
03/01/2005,Summer,20.6,65.35,5.67,1024.77,1
03/02/2005,Summer,23.54,68.84,9.76,981.7,0
03/03/2005,Summer,23.74,60.3,1.9,995.22,0
03/04/2005,Summer,23.9,64.28,6.89,1001.76,0
03/05/2005,Summer,25.33,61.07,9.58,1017.73,0
03/06/2005,Summer,20.24,52.72,4.35,984.89,0
03/07/2005,Summer,25.29,58.23,6.87,1032.25,0
03/08/2005,Summer,20.95,54.09,9.57,1003.97,1
03/09/2005,Summer,24.52,62.67,8.63,993.57,0
03/10/2005,Summer,24.4,61.55,9.6,987.42,0
03/11/2005,Summer,25.59,68.95,5.22,1030.59,0
03/12/2005,Summer,24.73,43.48,5.57,980.28,1
03/13/2005,Summer,26.29,85.0,3.62,1029.95,1
03/14/2005,Summer,24.54,63.6,9.58,1006.18,0
03/15/2005,Summer,22.77,65.42,6.84,998.8,0
03/16/2005,Summer,22.34,78.22,8.18,1004.04,0
03/17/2005,Summer,25.03,56.13,2.01,1013.64,0
03/18/2005,Summer,24.64,67.1,6.63,998.24,0
03/19/2005,Summer,25.08,60.29,3.33,1028.87,0
03/20/2005,Summer,25.74,78.55,3.34,980.03,0
03/21/2005,Summer,24.9,63.83,6.82,1007.82,0
03/22/2005,Summer,24.83,75.09,9.98,999.85,0
03/23/2005,Summer,27.57,47.0,8.27,1022.04,0
03/24/2005,Summer,26.2,57.74,3.41,1024.71,0
03/25/2005,Summer,27.72,75.5,7.99,1000.31,0
03/26/2005,Summer,28.43,66.06,9.27,1018.33,0
03/27/2005,Summer,28.77,41.65,1.45,1001.54,0
03/28/2005,Summer,27.87,69.73,2.0,1028.98,0
03/29/2005,Summer,25.98,61.54,6.57,1016.17,1
03/30/2005,Summer,25.7,68.82,9.58,988.56,1
03/31/2005,Summer,29.12,71.92,6.43,1009.79,1
04/01/2005,Summer,29.64,79.91,9.28,999.79,0
04/02/2005,Summer,27.29,63.93,4.9,992.98,0
04/03/2005,Summer,25.56,43.64,7.06,991.59,0
04/04/2005,Summer,26.94,58.29,8.41,1034.73,1
04/05/2005,Summer,28.83,65.65,6.53,996.5,0
04/06/2005,Summer,27.59,67.91,2.21,1018.22,0
04/07/2005,Summer,25.34,53.07,3.5,991.49,0
04/08/2005,Summer,28.82,76.21,7.59,1012.34,0
04/09/2005,Summer,29.81,56.67,5.15,984.18,1
04/10/2005,Summer,28.4,70.95,1.62,1001.83,0
04/11/2005,Summer,24.29,76.5,2.85,995.86,0
04/12/2005,Summer,27.01,63.59,6.62,1005.85,0
04/13/2005,Summer,28.2,60.47,5.3,1014.13,1
04/14/2005,Summer,31.2,75.93,9.72,1005.3,0
04/15/2005,Summer,30.82,72.64,2.26,1000.42,0
04/16/2005,Summer,29.64,66.92,4.78,1000.24,0
04/17/2005,Summer,29.75,67.32,9.18,1005.03,0
04/18/2005,Summer,28.43,58.69,8.39,1018.79,0
04/19/2005,Summer,31.24,60.32,3.24,1019.31,0
04/20/2005,Summer,27.88,46.11,7.56,1018.41,0
04/21/2005,Summer,31.92,82.06,5.32,988.54,0
04/22/2005,Summer,29.01,63.41,5.43,1001.32,0
04/23/2005,Summer,32.08,49.72,7.86,1032.31,0
04/24/2005,Summer,28.08,63.79,8.78,989.31,1
04/25/2005,Summer,28.41,64.94,1.26,1028.56,1
04/26/2005,Summer,30.66,73.83,8.61,1022.96,1
04/27/2005,Summer,27.88,85.89,1.81,1028.28,0
04/28/2005,Summer,27.66,93.41,5.92,1014.38,0
04/29/2005,Summer,34.56,67.17,7.68,1018.62,0
04/30/2005,Summer,29.75,73.2,9.96,1032.73,1
05/01/2005,Summer,28.22,62.32,7.44,997.05,1
05/02/2005,Summer,29.53,65.24,9.55,1028.4,0
05/03/2005,Summer,33.32,89.22,3.67,992.54,0
05/04/2005,Summer,33.55,60.06,2.6,1019.74,0
05/05/2005,Summer,30.86,58.46,6.57,1026.67,1
05/06/2005,Summer,32.59,66.14,2.45,1018.71,0
05/07/2005,Summer,34.87,62.2,7.13,1010.5,0
05/08/2005,Summer,30.68,61.75,2.01,988.09,0
05/09/2005,Summer,31.68,72.35,4.97,1007.88,0
05/10/2005,Summer,34.95,76.76,3.7,1017.9,0
05/11/2005,Summer,29.87,65.85,6.62,981.55,0
05/12/2005,Summer,31.25,79.15,2.63,1010.48,1
05/13/2005,Summer,33.95,62.49,3.5,1028.78,0
05/14/2005,Summer,33.44,69.29,7.87,1006.9,1
05/15/2005,Summer,33.81,76.04,8.61,997.3,0
05/16/2005,Summer,31.83,78.34,6.57,1011.1,0
05/17/2005,Summer,34.03,70.97,9.3,998.35,0
05/18/2005,Summer,34.83,67.72,7.18,1032.26,1
05/19/2005,Summer,32.08,65.16,2.75,987.62,0
05/20/2005,Summer,31.58,63.69,9.07,1016.14,0
05/21/2005,Summer,32.1,59.27,3.25,1004.68,1
05/22/2005,Summer,35.02,81.28,7.05,1006.17,0
05/23/2005,Summer,32.02,68.85,9.81,995.09,0
05/24/2005,Summer,36.44,80.16,9.34,1017.81,0
05/25/2005,Summer,36.69,52.53,5.82,1031.13,0
05/26/2005,Summer,30.82,78.43,1.21,1000.94,0
05/27/2005,Summer,32.99,79.46,9.43,1019.44,0
05/28/2005,Summer,31.15,72.35,6.74,1004.7,1
05/29/2005,Summer,35.48,55.86,1.32,985.75,1
05/30/2005,Summer,36.07,48.52,1.96,985.71,0
05/31/2005,Summer,34.2,65.07,3.81,1023.91,0
06/01/2005,Monsoon,37.36,53.8,8.26,1001.44,1
06/02/2005,Monsoon,31.53,59.39,10.12,1009.05,0
06/03/2005,Monsoon,32.61,74.96,5.42,1032.04,1
06/04/2005,Monsoon,33.7,86.05,5.07,1027.56,1
06/05/2005,Monsoon,35.33,74.03,6.78,993.53,0
06/06/2005,Monsoon,32.76,65.7,12.74,983.91,1
06/07/2005,Monsoon,35.07,85.3,6.22,1009.69,1
06/08/2005,Monsoon,31.69,63.15,10.19,997.98,0
06/09/2005,Monsoon,32.57,65.89,12.69,1022.88,1
06/10/2005,Monsoon,32.44,64.68,5.65,1032.15,0
06/11/2005,Monsoon,32.84,65.89,7.06,1025.24,0
06/12/2005,Monsoon,34.87,75.19,5.53,1017.79,1
06/13/2005,Monsoon,35.05,83.39,13.22,1033.9,1
06/14/2005,Monsoon,34.77,77.7,11.78,1004.02,1
06/15/2005,Monsoon,32.36,73.07,11.95,1006.76,0
06/16/2005,Monsoon,35.3,71.42,7.43,1003.74,1
06/17/2005,Monsoon,34.88,67.38,11.07,1017.01,1
06/18/2005,Monsoon,35.75,68.49,9.78,1024.85,0
06/19/2005,Monsoon,34.4,62.48,8.41,1031.97,0
06/20/2005,Monsoon,29.35,59.21,9.46,1024.95,0
06/21/2005,Monsoon,34.97,49.28,13.32,1006.62,1
06/22/2005,Monsoon,36.25,74.83,10.31,1015.69,1
06/23/2005,Monsoon,35.47,55.07,14.27,1030.39,1
06/24/2005,Monsoon,35.27,59.25,13.82,1009.21,1
06/25/2005,Monsoon,34.59,68.28,10.02,1009.37,0
06/26/2005,Monsoon,35.77,69.1,13.17,980.52,0
06/27/2005,Monsoon,34.18,77.61,5.75,984.78,1
06/28/2005,Monsoon,35.73,59.09,13.06,1018.15,0
06/29/2005,Monsoon,35.3,70.51,11.42,1018.4,1
06/30/2005,Monsoon,34.14,56.47,14.86,1020.97,0
07/01/2005,Monsoon,31.3,59.85,7.5,1031.6,1
07/02/2005,Monsoon,35.27,54.24,12.6,980.75,1
07/03/2005,Monsoon,33.11,60.32,9.84,989.07,1
07/04/2005,Monsoon,31.36,68.47,9.53,998.17,0
07/05/2005,Monsoon,34.11,64.81,12.73,1011.32,1
07/06/2005,Monsoon,33.05,58.42,6.61,985.11,1
07/07/2005,Monsoon,31.34,67.75,12.63,1007.66,0
07/08/2005,Monsoon,35.34,70.72,14.29,1006.54,1
07/09/2005,Monsoon,34.88,55.64,9.63,1015.39,1
07/10/2005,Monsoon,38.15,47.56,14.79,997.98,0
07/11/2005,Monsoon,34.63,56.24,7.59,991.0,1
07/12/2005,Monsoon,34.34,57.26,5.52,1008.51,1
07/13/2005,Monsoon,31.05,60.11,5.2,1009.33,0
07/14/2005,Monsoon,32.35,64.99,10.78,1015.56,0
07/15/2005,Monsoon,33.99,65.92,13.04,995.76,1
07/16/2005,Monsoon,33.89,69.86,10.93,983.58,1
07/17/2005,Monsoon,34.98,84.24,12.63,998.3,0
07/18/2005,Monsoon,31.91,90.65,13.33,986.42,0
07/19/2005,Monsoon,31.63,66.58,14.66,1032.16,0
07/20/2005,Monsoon,33.51,53.73,8.13,1011.71,0
07/21/2005,Monsoon,33.61,68.71,7.24,1017.92,1
07/22/2005,Monsoon,32.47,75.12,9.16,1004.16,1
07/23/2005,Monsoon,32.68,61.49,13.8,989.31,1
07/24/2005,Monsoon,36.61,54.64,12.71,1026.7,1
07/25/2005,Monsoon,32.84,67.14,13.91,1008.98,0
07/26/2005,Monsoon,32.75,57.9,13.87,1010.09,1
07/27/2005,Monsoon,31.93,51.32,14.52,1007.25,1
07/28/2005,Monsoon,28.43,75.64,9.03,992.13,0
07/29/2005,Monsoon,29.38,67.7,9.15,1022.31,1
07/30/2005,Monsoon,31.57,63.13,13.34,1034.81,1
07/31/2005,Monsoon,33.92,67.91,6.95,1012.54,1
08/01/2005,Monsoon,30.56,79.53,7.68,1018.76,0
08/02/2005,Monsoon,30.7,88.14,10.74,1021.16,1
08/03/2005,Monsoon,31.19,42.82,13.07,1034.8,0
08/04/2005,Monsoon,26.76,60.27,8.79,1027.15,1
08/05/2005,Monsoon,30.35,73.88,14.27,1009.06,1
08/06/2005,Monsoon,34.49,65.93,14.02,988.97,0
08/07/2005,Monsoon,28.76,67.07,6.54,1018.7,1
08/08/2005,Monsoon,29.1,62.1,14.18,1030.1,1
08/09/2005,Monsoon,31.66,78.24,6.39,1004.89,1
08/10/2005,Monsoon,31.24,69.55,5.62,1007.06,1
08/11/2005,Monsoon,30.02,74.22,9.51,1011.82,1
08/12/2005,Monsoon,31.54,53.65,9.1,1011.84,1
08/13/2005,Monsoon,33.15,70.95,8.12,1004.16,1
08/14/2005,Monsoon,29.88,77.37,10.84,1022.86,1
08/15/2005,Monsoon,31.38,60.54,5.07,1019.95,0
08/16/2005,Monsoon,31.76,86.24,10.94,1032.13,1
08/17/2005,Monsoon,34.94,63.84,10.73,1024.97,1
08/18/2005,Monsoon,32.51,51.37,11.08,993.4,0
08/19/2005,Monsoon,32.59,65.05,6.92,1027.18,1
08/20/2005,Monsoon,30.05,74.85,7.4,1011.12,1
08/21/2005,Monsoon,32.91,68.66,10.39,980.41,0
08/22/2005,Monsoon,29.44,83.39,8.39,1025.57,1
08/23/2005,Monsoon,30.59,68.68,13.29,980.96,0
08/24/2005,Monsoon,30.06,51.93,5.63,1026.31,0
08/25/2005,Monsoon,29.02,54.48,6.13,986.97,1
08/26/2005,Monsoon,27.18,65.3,12.93,1033.53,1
08/27/2005,Monsoon,27.27,55.45,5.04,1019.24,1
08/28/2005,Monsoon,29.73,67.73,13.91,1023.72,1
08/29/2005,Monsoon,29.5,66.57,8.34,987.8,0
08/30/2005,Monsoon,30.63,66.02,11.0,1018.01,1
08/31/2005,Monsoon,27.63,85.33,14.04,1000.47,1
09/01/2005,Monsoon,32.54,59.4,10.8,996.18,1
09/02/2005,Monsoon,25.2,64.57,11.17,1014.35,1
09/03/2005,Monsoon,31.1,73.99,10.36,1031.51,1
09/04/2005,Monsoon,31.86,67.09,9.74,1009.98,1
09/05/2005,Monsoon,27.3,70.02,6.08,981.19,0
09/06/2005,Monsoon,27.41,44.21,8.92,1018.6,1
09/07/2005,Monsoon,31.43,69.59,14.94,1004.18,0
09/08/2005,Monsoon,24.73,55.23,11.84,1026.18,1
09/09/2005,Monsoon,27.16,58.53,11.09,1002.57,0
09/10/2005,Monsoon,27.69,56.26,14.31,989.63,0
09/11/2005,Monsoon,27.83,72.48,6.84,1022.71,1
09/12/2005,Monsoon,24.55,52.91,6.19,1029.23,1
09/13/2005,Monsoon,29.52,49.46,12.79,1005.86,1
09/14/2005,Monsoon,28.07,46.13,7.23,983.81,1
09/15/2005,Monsoon,27.15,63.1,9.5,1006.61,0
09/16/2005,Monsoon,25.0,53.49,5.47,1008.67,0
09/17/2005,Monsoon,23.74,71.28,5.15,1011.93,1
09/18/2005,Monsoon,26.89,68.2,9.32,1025.45,0
09/19/2005,Monsoon,29.35,64.83,9.75,982.46,1
09/20/2005,Monsoon,24.73,46.86,13.1,1019.62,1
09/21/2005,Monsoon,23.49,63.78,14.68,1034.23,0
09/22/2005,Monsoon,26.22,74.06,9.36,990.82,1
09/23/2005,Monsoon,26.19,66.91,10.89,1018.72,0
09/24/2005,Monsoon,26.01,67.88,7.51,1008.05,0
09/25/2005,Monsoon,22.14,58.18,9.57,999.53,1
09/26/2005,Monsoon,24.38,78.75,8.63,1033.12,1
09/27/2005,Monsoon,23.0,59.32,7.18,998.57,1
09/28/2005,Monsoon,25.43,68.64,6.38,992.23,1
09/29/2005,Monsoon,26.6,82.34,8.6,1021.99,0
09/30/2005,Monsoon,24.01,65.73,6.27,990.15,1
10/01/2005,Autumn,21.69,59.41,3.01,1023.29,1
10/02/2005,Autumn,23.67,69.93,8.64,1007.71,0
10/03/2005,Autumn,24.42,67.44,7.28,1006.55,1
10/04/2005,Autumn,21.32,62.79,2.45,1018.42,0
10/05/2005,Autumn,24.44,64.28,6.31,993.09,0
10/06/2005,Autumn,19.74,67.11,4.17,980.2,0
10/07/2005,Autumn,22.94,77.92,5.13,1026.2,0
10/08/2005,Autumn,23.54,49.45,3.95,993.03,1
10/09/2005,Autumn,23.55,53.07,8.28,1007.8,0
10/10/2005,Autumn,25.16,74.61,9.28,1014.1,0
10/11/2005,Autumn,17.38,70.76,8.23,1028.18,0
10/12/2005,Autumn,25.71,64.91,6.99,998.28,1
10/13/2005,Autumn,20.88,74.58,3.4,984.54,0
10/14/2005,Autumn,24.96,69.82,2.78,1005.24,1
10/15/2005,Autumn,21.2,66.24,6.17,1006.89,1
10/16/2005,Autumn,21.9,67.86,9.27,1017.55,1
10/17/2005,Autumn,20.48,52.24,9.84,999.45,0
10/18/2005,Autumn,19.89,54.06,4.25,1021.26,0
10/19/2005,Autumn,20.6,71.83,3.44,982.74,0
10/20/2005,Autumn,18.73,70.35,6.09,997.64,0
10/21/2005,Autumn,21.23,60.82,1.22,1027.82,1
10/22/2005,Autumn,23.91,57.85,7.28,991.47,0
10/23/2005,Autumn,22.09,59.3,7.68,1024.78,0
10/24/2005,Autumn,19.95,65.06,1.35,1029.78,0
10/25/2005,Autumn,23.8,49.51,6.64,1033.76,0
10/26/2005,Autumn,22.0,54.45,9.17,982.19,0
10/27/2005,Autumn,20.43,88.06,7.59,1024.84,1
10/28/2005,Autumn,20.6,43.97,8.37,1015.65,0
10/29/2005,Autumn,20.26,79.94,2.21,1005.19,0
10/30/2005,Autumn,22.36,61.56,9.27,1009.18,0
10/31/2005,Autumn,18.56,70.09,4.86,1006.28,0
11/01/2005,Autumn,15.1,56.95,5.71,1017.6,0
11/02/2005,Autumn,18.08,56.07,1.39,1010.99,0
11/03/2005,Autumn,20.06,53.18,3.97,1025.22,0
11/04/2005,Autumn,19.45,80.82,2.11,1015.86,0
11/05/2005,Autumn,23.61,73.67,2.71,1013.48,1
11/06/2005,Autumn,20.15,67.02,6.12,981.24,0
11/07/2005,Autumn,21.89,69.41,8.31,996.0,0
11/08/2005,Autumn,22.19,69.51,4.42,1011.16,0
11/09/2005,Autumn,17.15,73.02,5.65,999.69,0
11/10/2005,Autumn,25.49,64.24,9.98,1014.63,0
11/11/2005,Autumn,19.31,69.13,6.03,987.33,1
11/12/2005,Autumn,21.51,90.02,8.95,987.45,0
11/13/2005,Autumn,21.95,61.03,3.14,1034.43,0
11/14/2005,Autumn,20.08,61.84,6.44,1024.17,0
11/15/2005,Autumn,19.9,60.11,5.14,998.08,0
11/16/2005,Autumn,17.61,68.35,2.99,1004.02,0
11/17/2005,Autumn,19.64,61.46,5.15,981.67,0
11/18/2005,Autumn,16.85,68.13,9.53,1012.2,0
11/19/2005,Autumn,20.74,76.23,4.98,1001.81,0
11/20/2005,Autumn,17.74,51.0,4.53,1002.16,0
11/21/2005,Autumn,19.25,66.9,1.02,985.76,0
11/22/2005,Autumn,16.48,53.56,5.44,984.89,0
11/23/2005,Autumn,17.71,62.87,9.27,1027.22,1
11/24/2005,Autumn,18.22,89.03,4.48,1016.74,0
11/25/2005,Autumn,20.74,55.54,7.07,997.69,0
11/26/2005,Autumn,19.64,57.0,3.7,1016.04,0
11/27/2005,Autumn,19.72,60.65,2.08,986.76,0
11/28/2005,Autumn,20.4,70.65,3.88,1012.46,0
11/29/2005,Autumn,16.79,87.62,5.48,1022.71,0
11/30/2005,Autumn,15.98,47.72,1.88,981.25,0
12/01/2005,Winter,18.87,61.1,2.82,1004.51,0
12/02/2005,Winter,15.39,58.52,4.19,990.01,0
12/03/2005,Winter,20.03,52.13,5.25,1013.73,0
12/04/2005,Winter,18.09,61.9,8.67,1003.39,1
12/05/2005,Winter,22.96,58.98,1.62,1034.42,1
12/06/2005,Winter,19.87,76.71,1.1,1023.29,1
12/07/2005,Winter,19.45,61.35,5.68,998.49,0
12/08/2005,Winter,19.11,59.76,2.06,1016.41,0
12/09/2005,Winter,16.99,77.42,5.05,1015.85,0
12/10/2005,Winter,19.71,71.87,7.12,988.37,0
12/11/2005,Winter,19.49,50.32,2.43,1025.73,0
12/12/2005,Winter,18.28,74.55,9.4,990.03,0
12/13/2005,Winter,19.41,71.18,8.86,1018.11,0
12/14/2005,Winter,17.95,57.35,1.71,1016.7,0
12/15/2005,Winter,17.07,69.75,9.11,983.5,0
12/16/2005,Winter,16.32,73.32,9.94,1019.35,0
12/17/2005,Winter,14.1,45.82,5.5,1015.26,1
12/18/2005,Winter,15.99,61.23,9.62,983.09,0
12/19/2005,Winter,17.04,61.38,3.51,987.38,1
12/20/2005,Winter,19.2,67.17,6.42,1026.8,0
12/21/2005,Winter,17.8,70.36,5.86,1023.21,0
12/22/2005,Winter,21.5,53.42,8.47,1006.09,0
12/23/2005,Winter,17.84,74.77,7.24,1034.73,0
12/24/2005,Winter,17.72,63.58,9.98,984.05,0
12/25/2005,Winter,19.03,70.82,5.5,1018.32,1
12/26/2005,Winter,18.99,64.32,1.93,1024.85,0
12/27/2005,Winter,15.55,44.9,7.91,1022.45,0
12/28/2005,Winter,16.46,81.53,2.48,1000.88,0
12/29/2005,Winter,15.61,66.19,3.96,1019.22,0
12/30/2005,Winter,20.31,67.51,1.77,1005.94,0
12/31/2005,Winter,15.73,77.81,3.2,1020.6,0
01/01/2006,Winter,18.8,86.17,3.66,1004.26,0
01/02/2006,Winter,18.08,70.36,8.99,982.43,1
01/03/2006,Winter,20.05,56.28,3.45,1016.54,0
01/04/2006,Winter,18.22,64.9,9.86,1033.44,0
01/05/2006,Winter,20.07,62.99,2.11,986.66,0
01/06/2006,Winter,16.88,82.66,1.77,998.73,0
01/07/2006,Winter,21.45,63.33,9.42,995.5,0
01/08/2006,Winter,15.79,75.6,9.63,995.01,0
01/09/2006,Winter,18.1,71.7,6.25,992.05,0
01/10/2006,Winter,17.94,55.45,8.61,1010.56,0
01/11/2006,Winter,17.5,65.66,4.97,986.74,0
01/12/2006,Winter,23.3,74.36,9.82,1026.16,0
01/13/2006,Winter,19.35,59.37,8.8,992.32,1
01/14/2006,Winter,19.31,52.34,9.29,1012.97,0
01/15/2006,Winter,18.39,65.76,7.34,1008.77,1
01/16/2006,Winter,16.38,73.45,7.1,991.77,0
01/17/2006,Winter,20.87,70.98,7.13,1032.81,0
01/18/2006,Winter,21.18,64.91,1.6,990.13,0
01/19/2006,Winter,14.97,50.4,8.84,985.16,1
01/20/2006,Winter,19.12,74.84,5.56,982.89,0
01/21/2006,Winter,21.02,74.97,9.51,988.86,0
01/22/2006,Winter,17.93,64.39,4.12,1014.72,1
01/23/2006,Winter,19.1,71.52,6.6,1017.48,0
01/24/2006,Winter,20.23,80.98,5.48,1010.78,0
01/25/2006,Winter,19.01,54.32,7.5,1010.66,0
01/26/2006,Winter,21.36,65.26,5.1,1002.49,1
01/27/2006,Winter,22.55,61.8,8.11,1030.2,0
01/28/2006,Winter,21.6,74.88,3.0,1030.08,0
01/29/2006,Winter,20.29,49.53,3.21,1033.32,0
01/30/2006,Winter,18.06,61.26,6.54,1026.5,0
01/31/2006,Winter,21.11,74.06,8.82,995.73,1
02/01/2006,Winter,20.07,82.07,6.38,1026.44,0
02/02/2006,Winter,20.49,80.28,3.58,1026.12,0
02/03/2006,Winter,21.13,65.49,7.64,1000.8,0
02/04/2006,Winter,21.0,87.12,5.17,995.5,0
02/05/2006,Winter,20.16,59.71,1.87,990.67,0
02/06/2006,Winter,19.91,85.16,4.96,994.32,0
02/07/2006,Winter,18.03,45.36,6.64,994.77,0
02/08/2006,Winter,21.41,64.98,7.28,1025.25,0
02/09/2006,Winter,21.27,63.69,6.42,988.95,0
02/10/2006,Winter,21.97,86.39,3.47,1014.06,1
02/11/2006,Winter,22.42,69.81,5.69,1013.23,0
02/12/2006,Winter,20.78,63.21,2.09,1022.25,0
02/13/2006,Winter,19.56,59.77,2.94,993.02,0
02/14/2006,Winter,23.18,81.01,8.41,1024.16,0
02/15/2006,Winter,19.45,59.67,6.34,992.71,0
02/16/2006,Winter,27.12,89.0,9.29,1024.83,0
02/17/2006,Winter,26.31,72.74,8.08,1005.25,1
02/18/2006,Winter,20.37,61.0,2.2,994.14,1
02/19/2006,Winter,24.6,63.34,1.85,1016.75,1
02/20/2006,Winter,23.68,76.74,4.08,1033.56,1
02/21/2006,Winter,20.59,71.41,8.55,1013.75,0
02/22/2006,Winter,24.06,79.1,3.78,999.36,1
02/23/2006,Winter,22.33,59.61,1.76,1006.83,0
02/24/2006,Winter,20.47,74.66,6.14,1018.84,0
02/25/2006,Winter,23.52,66.91,9.44,1007.44,0
02/26/2006,Winter,22.26,57.34,2.38,997.15,0
02/27/2006,Winter,22.0,64.87,4.92,1004.36,0
02/28/2006,Winter,24.5,60.71,4.35,1030.2,0
03/01/2006,Summer,23.09,56.24,9.5,1002.67,0
03/02/2006,Summer,21.66,64.91,3.49,1009.72,0
03/03/2006,Summer,20.5,68.57,6.41,1007.17,0
03/04/2006,Summer,22.98,76.49,3.76,1030.47,1
03/05/2006,Summer,24.57,76.73,6.03,1027.51,1
03/06/2006,Summer,24.21,59.03,2.3,1026.82,1
03/07/2006,Summer,20.56,74.28,4.93,1006.75,0
03/08/2006,Summer,24.55,62.45,1.16,1011.31,0
03/09/2006,Summer,22.44,69.42,2.86,1000.21,1
03/10/2006,Summer,21.27,52.53,6.08,1015.79,0
03/11/2006,Summer,23.18,63.8,1.39,1016.65,0
03/12/2006,Summer,24.46,61.82,3.77,981.14,0
03/13/2006,Summer,22.63,60.61,8.47,1016.35,1
03/14/2006,Summer,26.29,46.09,3.38,987.68,0
03/15/2006,Summer,29.34,60.21,8.22,990.84,0
03/16/2006,Summer,26.43,58.82,5.58,1014.82,0
03/17/2006,Summer,26.8,57.23,3.3,986.15,0
03/18/2006,Summer,22.35,64.59,9.83,993.44,0
03/19/2006,Summer,27.01,61.83,5.98,1031.77,0
03/20/2006,Summer,27.52,57.63,1.53,989.52,0
03/21/2006,Summer,28.81,56.46,6.49,1004.53,0
03/22/2006,Summer,29.98,66.58,6.85,1004.49,0
03/23/2006,Summer,26.41,62.13,4.18,984.47,0
03/24/2006,Summer,26.57,68.22,7.59,1008.13,1
03/25/2006,Summer,25.31,73.42,9.0,1017.48,0
03/26/2006,Summer,27.56,89.04,9.41,990.96,0
03/27/2006,Summer,26.74,62.37,4.53,1024.24,0
03/28/2006,Summer,25.03,70.98,5.94,1016.9,0
03/29/2006,Summer,27.07,79.77,8.83,1008.48,0
03/30/2006,Summer,28.98,80.24,1.31,994.59,0
03/31/2006,Summer,27.91,68.26,3.08,1014.89,0
04/01/2006,Summer,25.95,63.81,6.98,1017.77,0
04/02/2006,Summer,24.86,67.59,4.14,1010.44,0
04/03/2006,Summer,26.42,55.92,8.4,1006.24,0
04/04/2006,Summer,29.8,61.7,6.61,1000.01,0
04/05/2006,Summer,27.76,71.0,5.06,1004.29,0
04/06/2006,Summer,25.91,57.61,2.23,1034.49,1
04/07/2006,Summer,28.87,69.88,3.99,1026.68,1
04/08/2006,Summer,29.87,58.69,8.75,984.84,0
04/09/2006,Summer,28.52,76.19,1.74,1007.38,0
04/10/2006,Summer,32.77,61.65,1.38,1000.6,0
04/11/2006,Summer,28.17,67.87,5.47,1020.21,0
04/12/2006,Summer,26.98,69.03,7.51,1009.22,0
04/13/2006,Summer,26.13,69.81,7.3,1023.81,0
04/14/2006,Summer,26.57,57.89,9.33,1016.6,0
04/15/2006,Summer,29.65,58.45,8.64,1034.05,1
04/16/2006,Summer,36.34,75.05,8.19,1010.09,0
04/17/2006,Summer,28.25,70.74,7.99,1011.95,0
04/18/2006,Summer,29.15,63.12,1.36,1006.65,0
04/19/2006,Summer,28.56,60.27,9.16,989.41,0
04/20/2006,Summer,30.14,67.97,4.82,983.05,0
04/21/2006,Summer,32.41,76.54,4.59,1006.24,0
04/22/2006,Summer,28.26,47.85,3.24,1003.35,0
04/23/2006,Summer,25.93,69.5,2.93,989.97,1
04/24/2006,Summer,26.91,51.59,8.35,980.83,0
04/25/2006,Summer,30.22,52.42,9.59,1032.36,0
04/26/2006,Summer,32.19,62.11,8.46,1001.95,0
04/27/2006,Summer,28.93,63.73,5.38,989.71,0
04/28/2006,Summer,31.2,62.53,7.2,1024.89,0
04/29/2006,Summer,29.21,72.27,7.11,1018.56,0
04/30/2006,Summer,35.31,59.51,9.46,1029.66,0
05/01/2006,Summer,29.1,77.89,8.71,1004.59,1
05/02/2006,Summer,31.68,58.78,4.08,1007.08,0
05/03/2006,Summer,31.54,70.51,8.18,997.73,0
05/04/2006,Summer,31.92,76.17,1.06,985.18,0
05/05/2006,Summer,33.53,56.7,4.53,1034.66,0
05/06/2006,Summer,35.45,68.59,9.05,984.23,0
05/07/2006,Summer,35.88,68.89,4.33,1020.2,0
05/08/2006,Summer,31.34,62.41,1.23,984.67,0
05/09/2006,Summer,30.7,62.63,5.47,985.68,1
05/10/2006,Summer,30.68,67.98,6.32,1026.04,1
05/11/2006,Summer,30.65,68.93,6.75,1020.3,0
05/12/2006,Summer,34.52,51.62,7.46,1019.96,0
05/13/2006,Summer,31.31,61.2,9.4,994.43,0
05/14/2006,Summer,31.86,57.8,4.23,982.54,1
05/15/2006,Summer,29.35,45.1,7.46,981.92,0
05/16/2006,Summer,33.97,72.26,2.09,1022.57,1
05/17/2006,Summer,34.34,69.02,4.94,985.54,0
05/18/2006,Summer,33.17,64.03,5.72,987.82,0
05/19/2006,Summer,33.67,66.14,1.44,1008.99,1
05/20/2006,Summer,33.89,71.26,8.39,1019.68,0
05/21/2006,Summer,30.92,69.98,2.88,1000.53,0
05/22/2006,Summer,32.52,67.77,4.47,1008.72,1
05/23/2006,Summer,36.21,63.1,3.02,993.59,0
05/24/2006,Summer,35.99,56.05,7.82,1030.41,0
05/25/2006,Summer,29.14,62.7,3.51,991.33,0
05/26/2006,Summer,31.57,91.94,4.84,1030.7,0
05/27/2006,Summer,35.35,55.05,9.76,1028.7,0
05/28/2006,Summer,33.61,56.14,1.08,1014.82,0
05/29/2006,Summer,33.2,60.7,2.47,1025.96,1
05/30/2006,Summer,32.9,61.36,1.25,1001.73,0
05/31/2006,Summer,36.84,52.7,8.49,1029.38,0
06/01/2006,Monsoon,36.7,61.74,12.65,983.58,1
06/02/2006,Monsoon,33.49,70.49,14.84,1013.6,1
06/03/2006,Monsoon,36.1,81.46,12.72,996.19,1
06/04/2006,Monsoon,33.05,68.94,7.48,1034.36,1
06/05/2006,Monsoon,33.73,63.85,14.2,1005.22,1
06/06/2006,Monsoon,28.6,63.72,12.14,993.82,0
06/07/2006,Monsoon,35.38,63.36,8.99,1034.89,0
06/08/2006,Monsoon,31.41,80.04,8.9,995.48,1
06/09/2006,Monsoon,34.3,79.14,8.19,1018.27,0
06/10/2006,Monsoon,33.28,61.46,12.09,1009.41,1
06/11/2006,Monsoon,32.76,68.7,8.83,1033.54,0
06/12/2006,Monsoon,31.34,76.33,5.86,1003.34,1
06/13/2006,Monsoon,32.94,55.09,14.1,1007.16,1
06/14/2006,Monsoon,33.86,57.62,13.8,997.95,0
06/15/2006,Monsoon,32.77,52.16,11.06,981.97,1
06/16/2006,Monsoon,32.17,67.07,5.9,1011.09,0
06/17/2006,Monsoon,34.99,63.98,14.19,1002.48,1
06/18/2006,Monsoon,34.91,49.26,10.67,1014.01,1
06/19/2006,Monsoon,36.7,70.76,5.91,1031.56,1
06/20/2006,Monsoon,32.6,65.45,14.24,1018.28,1
06/21/2006,Monsoon,34.28,60.97,6.09,1024.06,1
06/22/2006,Monsoon,30.75,52.6,14.35,987.17,0
06/23/2006,Monsoon,33.64,51.41,9.58,1025.34,1
06/24/2006,Monsoon,35.61,75.65,11.82,1031.55,0
06/25/2006,Monsoon,33.55,60.29,13.01,1034.68,0
06/26/2006,Monsoon,31.86,52.25,8.4,1003.63,1
06/27/2006,Monsoon,33.48,70.52,6.03,1026.68,1
06/28/2006,Monsoon,38.63,61.28,14.91,1024.61,0
06/29/2006,Monsoon,32.42,82.92,10.09,1017.26,1
06/30/2006,Monsoon,36.78,66.99,6.53,986.68,1
07/01/2006,Monsoon,35.15,84.03,7.26,1030.5,0
07/02/2006,Monsoon,30.47,59.3,8.95,1034.44,1
07/03/2006,Monsoon,30.14,76.37,7.1,983.38,0
07/04/2006,Monsoon,34.29,58.06,9.61,993.49,0
07/05/2006,Monsoon,35.07,85.05,10.73,994.36,1
07/06/2006,Monsoon,33.84,62.23,7.82,980.72,0
07/07/2006,Monsoon,31.33,84.36,12.03,1008.27,0
07/08/2006,Monsoon,36.55,79.58,12.17,1011.35,1
07/09/2006,Monsoon,37.32,79.57,5.47,1014.02,1
07/10/2006,Monsoon,34.91,56.83,11.44,981.78,1
07/11/2006,Monsoon,31.41,65.95,7.8,1003.75,1
07/12/2006,Monsoon,35.49,63.75,9.06,982.62,0
07/13/2006,Monsoon,32.2,71.73,9.06,998.41,1
07/14/2006,Monsoon,32.14,74.3,8.04,1029.79,0
07/15/2006,Monsoon,31.07,70.65,14.22,987.65,0
07/16/2006,Monsoon,40.45,59.91,8.82,987.32,0
07/17/2006,Monsoon,34.99,64.68,8.88,1017.9,1
07/18/2006,Monsoon,32.98,56.92,14.19,1004.11,0
07/19/2006,Monsoon,33.65,58.69,9.01,1012.63,1
07/20/2006,Monsoon,31.26,56.04,6.59,990.05,0
07/21/2006,Monsoon,36.57,61.59,6.77,1000.21,1
07/22/2006,Monsoon,30.81,71.96,8.7,1000.58,1
07/23/2006,Monsoon,30.76,61.32,14.54,997.2,1
07/24/2006,Monsoon,31.33,52.46,14.65,1002.77,1
07/25/2006,Monsoon,32.77,69.85,6.15,991.02,1
07/26/2006,Monsoon,28.03,54.98,5.55,987.03,1
07/27/2006,Monsoon,32.54,66.93,6.83,990.25,1
07/28/2006,Monsoon,31.73,84.9,14.73,1006.79,1
07/29/2006,Monsoon,30.35,52.04,12.7,1034.07,1
07/30/2006,Monsoon,33.06,57.37,10.75,990.39,1
07/31/2006,Monsoon,30.45,80.76,14.64,1009.36,0
08/01/2006,Monsoon,30.28,69.94,8.86,1027.99,0
08/02/2006,Monsoon,29.24,68.3,9.46,988.42,1
08/03/2006,Monsoon,29.95,66.15,10.91,987.99,1
08/04/2006,Monsoon,34.19,59.36,5.49,1007.15,0
08/05/2006,Monsoon,30.67,60.87,12.69,1011.27,1
08/06/2006,Monsoon,33.57,61.5,13.11,1013.53,0
08/07/2006,Monsoon,34.21,64.93,5.36,1007.56,1
08/08/2006,Monsoon,28.93,62.48,7.6,995.61,0
08/09/2006,Monsoon,32.67,40.96,10.78,1018.26,1
08/10/2006,Monsoon,26.89,62.19,7.9,1006.21,1
08/11/2006,Monsoon,30.07,56.18,9.1,1005.26,0
08/12/2006,Monsoon,32.55,66.26,6.56,990.75,0
08/13/2006,Monsoon,27.05,68.98,12.05,1026.54,1
08/14/2006,Monsoon,31.92,62.19,12.57,981.79,1
08/15/2006,Monsoon,29.39,66.81,10.4,1033.26,0
08/16/2006,Monsoon,30.83,54.4,11.51,1028.54,0
08/17/2006,Monsoon,31.37,55.33,9.61,1028.34,1
08/18/2006,Monsoon,30.27,71.7,13.54,1009.57,1
08/19/2006,Monsoon,32.59,57.72,12.49,1026.45,1
08/20/2006,Monsoon,30.01,56.6,13.49,991.17,1
08/21/2006,Monsoon,29.32,57.54,14.0,1007.02,1
08/22/2006,Monsoon,29.56,59.39,6.97,1030.35,1
08/23/2006,Monsoon,34.22,74.09,6.31,1000.35,0
08/24/2006,Monsoon,25.48,70.4,5.78,992.11,0
08/25/2006,Monsoon,31.08,62.01,13.08,995.93,1
08/26/2006,Monsoon,27.74,57.75,8.71,999.32,1
08/27/2006,Monsoon,29.25,67.6,10.26,1026.78,1
08/28/2006,Monsoon,30.29,50.11,9.75,997.8,1
08/29/2006,Monsoon,28.21,80.49,11.82,1010.5,1
08/30/2006,Monsoon,29.33,69.82,11.92,1023.78,1
08/31/2006,Monsoon,26.92,58.34,10.72,1009.56,1
09/01/2006,Monsoon,28.4,76.25,8.93,1027.22,1
09/02/2006,Monsoon,29.23,62.26,7.63,1007.51,1
09/03/2006,Monsoon,29.16,60.59,14.28,987.94,0
09/04/2006,Monsoon,25.31,40.0,5.3,1016.53,1
09/05/2006,Monsoon,24.07,49.15,5.98,1000.16,1
09/06/2006,Monsoon,31.38,56.1,13.11,1020.63,1
09/07/2006,Monsoon,27.57,58.35,11.25,1007.45,1
09/08/2006,Monsoon,29.49,61.56,14.54,999.69,0
09/09/2006,Monsoon,25.18,85.49,6.02,1006.11,1
09/10/2006,Monsoon,26.38,54.63,9.34,1028.48,1
09/11/2006,Monsoon,26.39,61.8,12.61,990.72,0
09/12/2006,Monsoon,28.04,69.78,5.67,991.6,0
09/13/2006,Monsoon,27.12,79.66,7.63,1009.78,1
09/14/2006,Monsoon,27.76,69.97,14.03,988.08,1
09/15/2006,Monsoon,26.33,55.95,5.16,1026.48,1
09/16/2006,Monsoon,26.04,55.31,10.89,980.73,1
09/17/2006,Monsoon,23.41,56.87,10.96,1001.65,1
09/18/2006,Monsoon,26.44,67.62,10.26,984.8,0
09/19/2006,Monsoon,25.93,84.37,5.08,989.07,1
09/20/2006,Monsoon,22.25,51.78,13.35,1027.09,0
09/21/2006,Monsoon,26.52,76.3,13.0,983.56,1
09/22/2006,Monsoon,24.59,56.02,13.86,994.97,1
09/23/2006,Monsoon,29.43,69.89,9.13,1032.74,0
09/24/2006,Monsoon,24.68,69.56,14.75,986.19,1
09/25/2006,Monsoon,27.04,62.16,14.53,980.16,1
09/26/2006,Monsoon,26.59,54.58,10.71,984.4,1
09/27/2006,Monsoon,24.39,64.42,8.74,1029.02,1
09/28/2006,Monsoon,25.08,52.1,9.35,1015.26,0
09/29/2006,Monsoon,24.28,74.52,9.71,989.88,0
09/30/2006,Monsoon,23.42,80.27,6.84,1020.04,0
10/01/2006,Autumn,26.95,64.53,3.25,992.9,1
10/02/2006,Autumn,24.29,62.13,8.24,1004.41,0
10/03/2006,Autumn,22.48,66.97,4.01,1011.69,0
10/04/2006,Autumn,18.03,73.74,8.79,992.9,1
10/05/2006,Autumn,23.81,65.11,8.4,1032.35,0
10/06/2006,Autumn,24.07,70.68,2.31,999.86,0
10/07/2006,Autumn,24.79,63.66,8.74,1030.22,1
10/08/2006,Autumn,26.28,64.45,5.39,1034.23,1
10/09/2006,Autumn,25.89,75.58,1.81,994.61,1
10/10/2006,Autumn,23.17,64.65,9.0,1026.52,0
10/11/2006,Autumn,22.25,76.87,4.53,997.77,0
10/12/2006,Autumn,20.4,57.95,3.77,1008.46,0
10/13/2006,Autumn,24.4,72.59,5.2,1012.36,0
10/14/2006,Autumn,21.54,81.01,9.59,988.24,0
10/15/2006,Autumn,24.92,63.63,3.01,1030.94,0
10/16/2006,Autumn,21.46,64.96,4.64,989.57,0
10/17/2006,Autumn,18.86,70.6,1.88,985.85,1
10/18/2006,Autumn,23.37,47.16,5.36,984.73,0
10/19/2006,Autumn,25.54,71.8,3.12,1012.76,0
10/20/2006,Autumn,22.02,56.81,4.57,1004.19,0
10/21/2006,Autumn,22.04,48.67,2.65,1018.69,0
10/22/2006,Autumn,23.5,71.48,3.43,986.1,0
10/23/2006,Autumn,23.27,56.84,2.31,1026.63,0
10/24/2006,Autumn,21.0,68.45,3.06,1024.83,0
10/25/2006,Autumn,20.95,65.65,8.91,1024.77,0
10/26/2006,Autumn,25.49,61.81,8.94,1001.01,0
10/27/2006,Autumn,23.26,78.74,5.92,983.86,0
10/28/2006,Autumn,21.17,71.0,3.61,998.82,0
10/29/2006,Autumn,19.95,76.42,3.46,1017.48,1
10/30/2006,Autumn,20.02,69.6,9.52,986.53,0
10/31/2006,Autumn,17.39,56.75,4.17,985.66,0
11/01/2006,Autumn,22.57,66.68,5.98,1010.25,0
11/02/2006,Autumn,20.73,65.14,2.1,1007.03,1
11/03/2006,Autumn,23.45,60.56,9.57,995.31,0
11/04/2006,Autumn,20.11,87.41,9.83,1029.89,0
11/05/2006,Autumn,21.75,77.36,3.84,1007.31,1
11/06/2006,Autumn,24.59,73.33,2.81,1020.23,0
11/07/2006,Autumn,20.86,55.08,7.18,1008.5,0
11/08/2006,Autumn,22.6,70.6,6.7,1015.87,0
11/09/2006,Autumn,21.16,62.1,2.41,994.63,0
11/10/2006,Autumn,23.23,62.52,1.47,1007.84,1
11/11/2006,Autumn,18.35,66.96,1.58,999.98,0
11/12/2006,Autumn,19.72,67.17,9.17,995.94,0
11/13/2006,Autumn,19.34,45.69,7.52,1002.49,1
11/14/2006,Autumn,17.82,80.23,6.94,994.94,0
11/15/2006,Autumn,17.78,80.33,7.85,1006.81,0
11/16/2006,Autumn,20.52,82.24,8.34,985.18,0
11/17/2006,Autumn,18.22,66.04,2.39,1031.18,0
11/18/2006,Autumn,19.71,76.21,1.98,1019.21,0
11/19/2006,Autumn,17.83,63.05,3.28,1017.23,0
11/20/2006,Autumn,16.04,65.13,3.65,988.4,0
11/21/2006,Autumn,19.26,76.02,8.0,1013.57,0
11/22/2006,Autumn,18.07,70.8,2.81,1017.65,1
11/23/2006,Autumn,16.34,47.35,4.83,984.81,0
11/24/2006,Autumn,16.2,55.08,5.51,1009.4,0
11/25/2006,Autumn,19.98,56.7,5.56,1015.57,0
11/26/2006,Autumn,15.19,73.82,6.2,1026.73,0
11/27/2006,Autumn,17.18,59.71,4.93,994.38,1
11/28/2006,Autumn,20.81,40.0,2.47,990.79,1
11/29/2006,Autumn,19.3,65.53,4.49,1018.89,0
11/30/2006,Autumn,20.53,65.0,1.22,1018.37,0
12/01/2006,Winter,16.82,62.85,4.53,1000.81,0
12/02/2006,Winter,19.52,64.11,1.07,1025.89,1
12/03/2006,Winter,12.61,60.39,3.74,1001.97,1
12/04/2006,Winter,23.51,50.08,2.15,1034.06,0
12/05/2006,Winter,14.76,75.02,2.24,984.49,0
12/06/2006,Winter,19.17,66.75,5.14,1002.08,1
12/07/2006,Winter,12.52,56.89,1.83,1031.26,0
12/08/2006,Winter,16.66,40.0,8.97,1005.41,1
12/09/2006,Winter,19.5,54.07,4.79,1026.32,0
12/10/2006,Winter,18.64,75.26,9.9,1034.0,0
12/11/2006,Winter,18.5,68.09,3.36,1032.81,0
12/12/2006,Winter,15.96,71.77,9.47,1008.0,0
12/13/2006,Winter,16.81,98.0,6.92,991.9,1
12/14/2006,Winter,16.98,81.45,1.2,983.08,0
12/15/2006,Winter,16.12,59.27,2.05,999.25,1
12/16/2006,Winter,18.42,72.77,6.96,1022.4,0
12/17/2006,Winter,17.14,63.41,6.54,988.65,1
12/18/2006,Winter,16.06,61.52,6.35,983.46,0
12/19/2006,Winter,13.97,69.15,9.47,1018.09,0
12/20/2006,Winter,18.27,65.1,6.36,983.83,0
12/21/2006,Winter,21.31,72.63,1.02,986.29,0
12/22/2006,Winter,16.53,69.46,9.2,1008.48,0
12/23/2006,Winter,22.11,70.77,6.85,1030.97,1
12/24/2006,Winter,20.48,63.02,9.54,989.86,0
12/25/2006,Winter,18.16,73.13,8.21,1010.86,0
12/26/2006,Winter,15.54,51.83,4.93,1000.37,0
12/27/2006,Winter,16.21,49.37,3.81,1002.86,0
12/28/2006,Winter,18.21,54.76,4.71,1012.85,1
12/29/2006,Winter,20.6,70.9,5.96,998.52,0
12/30/2006,Winter,17.74,61.69,8.47,1000.69,0
12/31/2006,Winter,21.83,80.13,2.9,1032.12,0
01/01/2007,Winter,16.17,65.39,5.47,1026.98,0
01/02/2007,Winter,18.95,51.38,8.24,1005.48,1
01/03/2007,Winter,19.01,65.04,5.21,1012.07,1
01/04/2007,Winter,15.63,66.28,6.17,1009.36,0
01/05/2007,Winter,19.05,67.09,8.51,1017.16,0
01/06/2007,Winter,18.7,56.71,8.28,1033.01,1
01/07/2007,Winter,17.24,80.22,6.41,995.23,0
01/08/2007,Winter,21.6,66.11,3.64,1000.58,0
01/09/2007,Winter,20.16,61.8,5.42,992.37,1
01/10/2007,Winter,17.01,69.54,6.91,988.93,0
01/11/2007,Winter,19.03,69.06,6.18,980.57,0
01/12/2007,Winter,18.19,69.12,6.58,987.75,1
01/13/2007,Winter,22.07,63.23,3.3,1014.43,0
01/14/2007,Winter,23.64,56.87,5.9,1029.54,0
01/15/2007,Winter,15.35,60.68,3.62,1011.88,1
01/16/2007,Winter,15.87,72.34,7.36,1022.42,0
01/17/2007,Winter,18.85,58.78,2.89,1011.98,0
01/18/2007,Winter,22.9,57.36,9.82,993.05,0
01/19/2007,Winter,20.57,69.5,2.57,993.69,0
01/20/2007,Winter,17.12,53.16,4.32,983.55,0
01/21/2007,Winter,23.19,53.52,4.39,996.22,0
01/22/2007,Winter,18.41,56.7,5.62,988.96,0
01/23/2007,Winter,21.01,86.41,2.12,1020.57,0
01/24/2007,Winter,21.9,78.68,1.32,1013.32,1
01/25/2007,Winter,24.05,49.08,1.6,1007.22,1
01/26/2007,Winter,21.37,68.64,5.68,1017.3,0
01/27/2007,Winter,20.23,75.92,1.95,1015.99,0
01/28/2007,Winter,19.08,83.8,1.47,981.06,0
01/29/2007,Winter,20.74,60.99,9.85,992.82,0
01/30/2007,Winter,20.0,50.61,2.54,1032.7,0
01/31/2007,Winter,13.83,59.56,8.36,1030.8,0
02/01/2007,Winter,22.57,60.97,9.1,1015.85,1
02/02/2007,Winter,19.93,58.87,6.81,1004.13,1
02/03/2007,Winter,19.28,48.01,2.65,1034.56,0
02/04/2007,Winter,19.26,69.9,8.96,1008.07,0
02/05/2007,Winter,18.54,67.61,9.49,1029.02,0
02/06/2007,Winter,23.22,55.66,5.73,1002.21,0
02/07/2007,Winter,17.95,66.25,8.16,1019.28,0
02/08/2007,Winter,19.06,61.41,1.1,1009.74,0
02/09/2007,Winter,20.83,53.67,6.44,997.11,0
02/10/2007,Winter,18.66,73.41,5.59,992.48,0
02/11/2007,Winter,19.24,61.08,7.9,980.87,0
02/12/2007,Winter,21.52,64.91,2.04,1020.57,0
02/13/2007,Winter,22.34,70.76,5.84,1034.73,0
02/14/2007,Winter,22.37,67.76,7.99,1006.3,0
02/15/2007,Winter,19.33,60.99,5.13,1018.27,0
02/16/2007,Winter,23.02,78.43,3.3,1001.92,0
02/17/2007,Winter,22.23,64.53,1.12,996.75,1
02/18/2007,Winter,18.71,65.15,5.03,1006.98,0
02/19/2007,Winter,19.75,73.0,9.79,1001.32,0
02/20/2007,Winter,23.27,83.81,9.52,1016.4,0
02/21/2007,Winter,22.05,40.86,7.97,987.07,0
02/22/2007,Winter,23.82,52.98,2.91,1014.13,0
02/23/2007,Winter,24.6,62.2,5.25,1009.63,0
02/24/2007,Winter,23.65,75.41,4.79,999.37,0
02/25/2007,Winter,26.06,70.97,1.62,1022.94,0
02/26/2007,Winter,22.95,63.66,4.3,1024.66,0
02/27/2007,Winter,23.33,82.56,3.91,1028.92,1
02/28/2007,Winter,27.36,84.81,2.68,1012.85,0
03/01/2007,Summer,22.6,50.51,6.47,1027.82,0
03/02/2007,Summer,23.3,73.06,9.58,996.62,0
03/03/2007,Summer,23.48,67.29,4.95,1021.4,0
03/04/2007,Summer,19.76,67.36,6.34,999.95,0
03/05/2007,Summer,23.99,71.6,2.87,1029.84,0
03/06/2007,Summer,21.41,56.05,1.31,1023.85,1
03/07/2007,Summer,24.51,60.51,1.17,1003.5,0
03/08/2007,Summer,25.06,49.04,7.19,1006.76,0
03/09/2007,Summer,24.06,61.17,5.79,990.25,0
03/10/2007,Summer,24.49,57.96,8.0,992.84,0
03/11/2007,Summer,23.04,63.66,4.96,982.26,0
03/12/2007,Summer,25.76,69.27,8.91,983.91,0
03/13/2007,Summer,25.35,70.8,4.66,999.73,0
03/14/2007,Summer,25.75,62.86,9.39,1011.48,0
03/15/2007,Summer,26.41,55.75,4.68,1020.44,1
03/16/2007,Summer,25.15,61.1,2.18,1023.69,0
03/17/2007,Summer,24.94,67.03,2.19,1013.52,0
03/18/2007,Summer,25.46,77.09,9.67,998.41,0
03/19/2007,Summer,24.67,53.68,7.9,989.81,0
03/20/2007,Summer,26.86,62.57,4.29,1016.26,0
03/21/2007,Summer,28.99,76.57,7.6,996.15,0
03/22/2007,Summer,27.14,71.68,4.47,990.36,0
03/23/2007,Summer,23.8,62.05,2.69,1001.1,0
03/24/2007,Summer,27.33,71.15,1.78,1022.88,0
03/25/2007,Summer,28.05,67.96,1.47,1033.81,0
03/26/2007,Summer,28.27,66.22,8.92,1000.69,0
03/27/2007,Summer,26.0,76.38,8.04,988.86,0
03/28/2007,Summer,26.69,79.58,8.99,1029.8,0
03/29/2007,Summer,28.84,74.26,9.83,1015.69,0
03/30/2007,Summer,27.61,51.06,2.58,997.78,0
03/31/2007,Summer,23.56,74.83,5.89,1003.85,0
04/01/2007,Summer,27.06,61.81,9.74,1031.48,0
04/02/2007,Summer,27.97,67.3,2.55,1022.58,0
04/03/2007,Summer,28.34,77.77,7.42,1026.91,1
04/04/2007,Summer,28.56,69.24,8.96,980.59,0
04/05/2007,Summer,27.46,69.28,3.22,1005.25,0
04/06/2007,Summer,31.37,53.59,4.53,1030.06,0
04/07/2007,Summer,28.01,71.77,1.6,995.11,0
04/08/2007,Summer,30.81,65.04,7.7,1027.9,1
04/09/2007,Summer,27.63,44.93,9.15,1003.98,0
04/10/2007,Summer,28.3,73.88,3.47,1003.72,0
04/11/2007,Summer,28.43,56.87,8.05,1034.01,0
04/12/2007,Summer,29.07,52.68,5.48,1018.68,0
04/13/2007,Summer,27.51,49.82,3.51,982.94,0
04/14/2007,Summer,28.05,60.88,5.52,1011.73,0
04/15/2007,Summer,28.41,72.78,5.23,1028.59,0
04/16/2007,Summer,31.24,66.77,7.68,1022.11,0
04/17/2007,Summer,32.45,52.86,5.55,1003.65,0
04/18/2007,Summer,29.05,63.11,4.34,1014.28,0
04/19/2007,Summer,28.99,81.49,6.55,1029.7,1
04/20/2007,Summer,30.88,76.31,9.02,1017.64,0
04/21/2007,Summer,30.43,57.98,9.99,1009.05,0
04/22/2007,Summer,28.16,74.89,3.31,1022.07,0
04/23/2007,Summer,30.63,78.0,5.08,1007.99,1
04/24/2007,Summer,26.8,64.36,3.85,992.37,0
04/25/2007,Summer,31.69,55.55,2.32,1024.67,0
04/26/2007,Summer,35.59,48.65,3.99,1006.91,1
04/27/2007,Summer,28.81,61.82,1.39,993.08,0
04/28/2007,Summer,30.28,54.2,8.85,998.4,0
04/29/2007,Summer,34.09,61.82,6.6,1005.67,1
04/30/2007,Summer,32.24,67.92,4.54,998.53,0
05/01/2007,Summer,26.92,50.38,2.35,1019.78,0
05/02/2007,Summer,29.17,61.5,4.35,980.51,0
05/03/2007,Summer,32.55,74.05,1.59,1010.34,1
05/04/2007,Summer,30.31,71.05,1.08,1028.25,0
05/05/2007,Summer,35.16,65.3,4.41,1026.39,0
05/06/2007,Summer,32.93,64.09,4.68,985.28,0
05/07/2007,Summer,30.89,51.91,6.43,1015.61,0
05/08/2007,Summer,31.52,49.79,8.06,1010.71,0
05/09/2007,Summer,33.41,79.5,8.42,1032.83,0
05/10/2007,Summer,36.4,58.69,1.31,1012.93,0
05/11/2007,Summer,33.41,59.47,2.32,1028.48,0
05/12/2007,Summer,32.56,62.93,6.15,987.92,0
05/13/2007,Summer,29.57,53.84,6.91,981.05,0
05/14/2007,Summer,32.23,83.21,5.1,1023.88,0
05/15/2007,Summer,30.85,41.89,8.03,987.54,1
05/16/2007,Summer,32.62,57.62,5.53,984.89,0
05/17/2007,Summer,35.1,72.89,3.22,985.31,0
05/18/2007,Summer,33.69,71.9,7.99,1021.86,0
05/19/2007,Summer,32.81,71.29,9.94,994.41,0
05/20/2007,Summer,35.5,74.18,8.7,1028.9,0
05/21/2007,Summer,33.21,70.1,6.57,992.43,0
05/22/2007,Summer,34.14,76.31,7.16,981.99,0
05/23/2007,Summer,30.7,52.95,3.93,990.54,0
05/24/2007,Summer,34.06,66.68,2.66,1027.19,0
05/25/2007,Summer,35.44,58.36,9.78,995.86,0
05/26/2007,Summer,34.28,64.29,4.86,994.85,0
05/27/2007,Summer,32.0,67.67,7.04,991.54,0
05/28/2007,Summer,30.68,70.83,7.52,988.1,0
05/29/2007,Summer,34.05,74.62,1.29,1017.59,0
05/30/2007,Summer,32.43,51.27,7.06,988.36,0
05/31/2007,Summer,33.49,56.67,9.63,980.73,0
06/01/2007,Monsoon,35.73,51.03,12.39,1014.24,1
06/02/2007,Monsoon,33.02,75.27,13.75,1013.96,1
06/03/2007,Monsoon,35.85,54.91,8.45,984.37,1
06/04/2007,Monsoon,34.97,74.44,13.23,996.93,1
06/05/2007,Monsoon,34.29,84.42,8.02,1029.74,0
06/06/2007,Monsoon,32.75,72.55,12.79,1029.83,0
06/07/2007,Monsoon,33.68,49.89,14.17,1017.32,1
06/08/2007,Monsoon,34.59,58.31,6.25,1012.16,0
06/09/2007,Monsoon,33.69,75.73,7.45,995.46,0
06/10/2007,Monsoon,34.58,63.54,7.93,1020.82,1
06/11/2007,Monsoon,32.61,53.08,6.37,993.87,1
06/12/2007,Monsoon,39.07,60.57,9.99,985.04,1
06/13/2007,Monsoon,31.8,71.83,9.44,1008.75,1
06/14/2007,Monsoon,36.38,66.3,14.42,1025.74,1
06/15/2007,Monsoon,35.82,67.02,13.9,991.67,0
06/16/2007,Monsoon,37.82,67.39,10.49,983.88,1
06/17/2007,Monsoon,35.23,69.64,12.14,1016.02,0
06/18/2007,Monsoon,32.69,67.63,14.42,981.48,1
06/19/2007,Monsoon,31.87,59.28,13.43,995.51,1
06/20/2007,Monsoon,35.45,66.26,13.03,991.88,1
06/21/2007,Monsoon,33.22,55.55,12.62,988.67,1
06/22/2007,Monsoon,35.26,79.26,5.91,994.57,1
06/23/2007,Monsoon,34.33,55.03,11.59,988.74,1
06/24/2007,Monsoon,36.78,51.08,8.96,986.2,1
06/25/2007,Monsoon,34.56,59.87,5.01,1028.61,0
06/26/2007,Monsoon,34.55,56.13,6.47,1032.42,1
06/27/2007,Monsoon,36.46,71.42,7.03,1023.65,1
06/28/2007,Monsoon,34.13,58.99,8.42,990.47,0
06/29/2007,Monsoon,35.7,55.7,8.11,997.84,0
06/30/2007,Monsoon,37.27,65.52,9.58,980.32,0
07/01/2007,Monsoon,34.36,76.91,10.83,992.02,1
07/02/2007,Monsoon,30.5,68.45,13.71,1030.36,1
07/03/2007,Monsoon,35.87,45.25,13.94,1013.6,0
07/04/2007,Monsoon,35.95,58.57,10.57,1029.58,1
07/05/2007,Monsoon,37.13,55.76,12.31,1025.76,0
07/06/2007,Monsoon,27.6,62.04,10.52,988.25,1
07/07/2007,Monsoon,33.9,67.71,14.89,1005.0,1
07/08/2007,Monsoon,31.29,61.83,13.03,996.55,1
07/09/2007,Monsoon,33.36,65.44,10.53,1004.22,0
07/10/2007,Monsoon,33.34,72.62,13.25,998.09,0
07/11/2007,Monsoon,35.24,65.47,10.84,982.64,1
07/12/2007,Monsoon,29.48,64.07,5.2,1028.58,1
07/13/2007,Monsoon,32.56,57.85,7.4,1014.62,0
07/14/2007,Monsoon,31.18,70.33,11.71,995.69,0
07/15/2007,Monsoon,33.08,66.18,5.99,1008.39,0
07/16/2007,Monsoon,29.64,70.19,7.42,984.6,0
07/17/2007,Monsoon,32.31,83.15,10.19,1019.48,1
07/18/2007,Monsoon,36.88,61.85,6.58,989.29,1
07/19/2007,Monsoon,31.45,62.25,8.31,1010.29,0
07/20/2007,Monsoon,34.66,74.39,8.18,984.77,1
07/21/2007,Monsoon,34.48,62.14,8.18,1000.03,0
07/22/2007,Monsoon,34.34,61.9,12.35,981.85,0
07/23/2007,Monsoon,30.6,73.8,5.46,998.78,0
07/24/2007,Monsoon,34.35,63.86,8.09,1025.23,1
07/25/2007,Monsoon,33.21,72.99,12.12,1002.3,0
07/26/2007,Monsoon,33.47,46.77,8.34,1014.42,1
07/27/2007,Monsoon,29.01,60.98,7.91,1008.48,1
07/28/2007,Monsoon,30.27,65.86,9.15,987.62,1
07/29/2007,Monsoon,30.32,62.05,14.9,1005.69,1
07/30/2007,Monsoon,34.24,53.64,13.75,1013.35,0
07/31/2007,Monsoon,27.8,67.02,5.69,1013.26,0
08/01/2007,Monsoon,34.6,69.71,9.48,1019.03,0
08/02/2007,Monsoon,32.95,90.79,9.0,1031.64,0
08/03/2007,Monsoon,28.26,67.2,13.47,1015.62,1
08/04/2007,Monsoon,28.53,63.8,5.35,1010.51,1
08/05/2007,Monsoon,32.87,70.5,13.64,1022.81,1
08/06/2007,Monsoon,30.12,56.98,11.32,1025.1,1
08/07/2007,Monsoon,30.08,58.15,10.22,994.34,1
08/08/2007,Monsoon,34.11,62.35,10.36,992.37,1
08/09/2007,Monsoon,28.71,65.56,7.32,1006.31,1
08/10/2007,Monsoon,31.06,63.78,13.39,991.81,1
08/11/2007,Monsoon,31.18,65.01,6.57,1005.61,0
08/12/2007,Monsoon,28.98,73.54,7.96,1010.39,1
08/13/2007,Monsoon,30.62,63.69,14.43,1020.16,1
08/14/2007,Monsoon,28.01,67.79,5.51,1034.22,1
08/15/2007,Monsoon,30.57,65.41,12.76,992.58,0
08/16/2007,Monsoon,30.86,57.75,8.49,1003.55,1
08/17/2007,Monsoon,31.3,50.7,7.55,1031.77,0
08/18/2007,Monsoon,30.22,60.66,6.39,1000.89,1
08/19/2007,Monsoon,30.44,74.86,13.91,1008.34,1
08/20/2007,Monsoon,30.38,72.2,7.62,1006.07,0
08/21/2007,Monsoon,30.01,54.12,7.1,1009.88,0
08/22/2007,Monsoon,30.84,66.31,6.88,1009.76,1
08/23/2007,Monsoon,32.07,67.17,13.51,989.77,0
08/24/2007,Monsoon,27.78,49.04,12.01,986.62,1
08/25/2007,Monsoon,28.88,55.81,6.49,1021.32,1
08/26/2007,Monsoon,27.97,74.58,8.9,991.54,0
08/27/2007,Monsoon,31.14,83.52,8.28,1001.13,1
08/28/2007,Monsoon,30.73,55.45,8.82,1017.67,1
08/29/2007,Monsoon,29.68,61.52,9.02,980.74,1
08/30/2007,Monsoon,28.23,67.75,9.03,1006.9,1
08/31/2007,Monsoon,31.97,76.63,14.88,998.15,1
09/01/2007,Monsoon,27.92,60.36,9.88,1031.07,1
09/02/2007,Monsoon,27.98,53.16,8.22,1004.46,1
09/03/2007,Monsoon,26.15,80.29,13.41,1032.65,1
09/04/2007,Monsoon,28.34,53.67,14.05,1022.14,1
09/05/2007,Monsoon,27.59,67.51,13.25,1004.19,0
09/06/2007,Monsoon,24.58,59.75,7.89,1003.76,1
09/07/2007,Monsoon,28.62,67.04,5.19,1008.98,1
09/08/2007,Monsoon,26.17,63.84,14.46,1019.42,1
09/09/2007,Monsoon,28.09,76.42,11.95,1028.38,0
09/10/2007,Monsoon,30.04,71.65,10.87,997.37,1
09/11/2007,Monsoon,25.36,75.97,9.73,1012.43,1
09/12/2007,Monsoon,26.91,73.09,14.52,1020.49,0
09/13/2007,Monsoon,24.97,64.05,13.69,984.87,0
09/14/2007,Monsoon,28.57,66.8,13.85,1015.96,0
09/15/2007,Monsoon,27.52,65.11,11.47,1034.81,0
09/16/2007,Monsoon,26.39,45.86,11.42,1004.62,1
09/17/2007,Monsoon,27.74,66.89,12.82,1025.85,1
09/18/2007,Monsoon,23.88,67.88,13.57,991.77,1
09/19/2007,Monsoon,26.5,49.05,12.75,994.78,1
09/20/2007,Monsoon,23.4,44.07,8.8,980.25,1
09/21/2007,Monsoon,25.14,57.96,5.99,989.72,0
09/22/2007,Monsoon,26.38,64.38,9.07,1013.63,0
09/23/2007,Monsoon,27.38,79.67,11.82,1011.57,1
09/24/2007,Monsoon,22.48,63.99,12.35,1011.61,1
09/25/2007,Monsoon,26.32,58.48,13.46,989.86,0
09/26/2007,Monsoon,25.06,67.26,14.58,1014.25,1
09/27/2007,Monsoon,24.1,82.05,7.65,1025.65,1
09/28/2007,Monsoon,21.16,80.58,13.96,1025.88,1
09/29/2007,Monsoon,24.34,67.7,13.93,1002.18,1
09/30/2007,Monsoon,27.02,55.48,10.73,999.06,0
10/01/2007,Autumn,22.09,63.45,6.19,1007.1,0
10/02/2007,Autumn,21.57,59.31,6.31,1018.34,0
10/03/2007,Autumn,26.18,63.42,7.07,1015.6,0
10/04/2007,Autumn,24.44,73.24,9.43,1011.82,0
10/05/2007,Autumn,23.32,61.28,5.02,992.82,0
10/06/2007,Autumn,27.08,66.43,8.69,1009.62,0
10/07/2007,Autumn,22.04,87.06,2.63,1020.32,0
10/08/2007,Autumn,24.65,75.43,8.04,1021.79,1
10/09/2007,Autumn,23.89,78.95,4.53,1026.23,0
10/10/2007,Autumn,22.25,60.23,6.02,1016.86,0
10/11/2007,Autumn,23.49,64.3,5.85,982.49,0
10/12/2007,Autumn,24.59,80.82,1.09,1003.65,0
10/13/2007,Autumn,21.21,60.48,5.2,1001.17,0
10/14/2007,Autumn,23.71,68.63,3.72,1022.38,0
10/15/2007,Autumn,20.51,59.4,4.38,1028.65,0
10/16/2007,Autumn,22.42,65.57,4.46,986.45,0
10/17/2007,Autumn,25.54,57.04,8.05,1031.67,0
10/18/2007,Autumn,25.04,76.05,2.0,1016.55,1
10/19/2007,Autumn,24.49,64.25,2.92,1017.32,0
10/20/2007,Autumn,25.14,58.48,1.68,1011.34,0
10/21/2007,Autumn,24.2,63.87,1.13,1017.08,0
10/22/2007,Autumn,20.6,51.73,1.17,1017.24,0
10/23/2007,Autumn,20.25,67.68,3.02,1029.87,0
10/24/2007,Autumn,20.27,74.97,8.59,991.8,0
10/25/2007,Autumn,20.04,59.78,7.47,994.55,0
10/26/2007,Autumn,21.68,70.05,8.38,1011.15,0
10/27/2007,Autumn,17.21,63.36,8.58,1024.7,0
10/28/2007,Autumn,20.24,75.48,8.17,1025.32,0
10/29/2007,Autumn,21.58,43.01,9.14,1009.64,0
10/30/2007,Autumn,21.42,78.96,9.26,1014.28,0
10/31/2007,Autumn,19.85,52.04,8.79,1016.72,1
11/01/2007,Autumn,20.53,73.84,9.2,1013.09,1
11/02/2007,Autumn,21.34,66.55,8.1,982.54,0
11/03/2007,Autumn,19.72,59.71,1.52,983.44,0
11/04/2007,Autumn,16.81,83.67,5.23,1023.63,1
11/05/2007,Autumn,17.65,50.94,1.09,1013.87,1
11/06/2007,Autumn,23.03,65.21,6.84,992.48,0
11/07/2007,Autumn,21.65,60.1,1.46,1003.2,0
11/08/2007,Autumn,20.88,61.32,4.15,991.85,1
11/09/2007,Autumn,19.58,54.99,1.66,999.45,1
11/10/2007,Autumn,18.57,69.17,9.64,1021.35,0
11/11/2007,Autumn,16.44,64.04,8.35,1033.89,0
11/12/2007,Autumn,18.6,68.85,8.33,1020.38,0
11/13/2007,Autumn,23.81,75.49,9.14,1010.55,0
11/14/2007,Autumn,19.66,75.5,5.33,1031.89,1
11/15/2007,Autumn,15.82,97.0,3.44,1019.82,1
11/16/2007,Autumn,20.94,51.05,9.26,1034.8,0
11/17/2007,Autumn,20.04,63.38,8.11,980.3,0
11/18/2007,Autumn,21.56,61.37,9.59,980.18,1
11/19/2007,Autumn,18.86,44.9,3.14,1018.02,0
11/20/2007,Autumn,17.18,65.96,7.0,1028.39,0
11/21/2007,Autumn,24.39,44.25,4.42,1026.14,0
11/22/2007,Autumn,19.4,73.06,6.33,1023.14,0
11/23/2007,Autumn,15.06,67.01,3.06,1012.31,0
11/24/2007,Autumn,20.33,78.3,7.51,980.68,0
11/25/2007,Autumn,18.57,65.89,4.0,1022.88,0
11/26/2007,Autumn,17.07,64.63,5.89,992.89,0
11/27/2007,Autumn,19.6,77.3,3.54,999.13,0
11/28/2007,Autumn,17.78,68.53,2.2,1023.25,0
11/29/2007,Autumn,17.95,81.1,7.11,1001.35,0
11/30/2007,Autumn,21.61,67.49,9.17,991.25,0
12/01/2007,Winter,20.06,62.05,7.5,1020.07,0
12/02/2007,Winter,17.24,57.07,1.5,1009.86,0
12/03/2007,Winter,19.14,62.95,3.77,1031.78,0
12/04/2007,Winter,15.64,65.35,1.07,984.26,0
12/05/2007,Winter,17.18,54.41,9.9,1000.66,0
12/06/2007,Winter,16.97,75.03,1.56,1017.89,0
12/07/2007,Winter,14.39,70.01,4.19,1020.53,1
12/08/2007,Winter,16.0,66.38,6.99,1006.24,0
12/09/2007,Winter,18.89,81.68,6.63,1020.88,0
12/10/2007,Winter,16.76,54.57,9.43,988.07,1
12/11/2007,Winter,21.08,85.46,4.07,1003.9,0
12/12/2007,Winter,16.76,67.49,8.86,995.05,0
12/13/2007,Winter,18.8,53.93,5.11,1016.6,0
12/14/2007,Winter,20.55,81.44,6.84,1004.82,1
12/15/2007,Winter,19.86,65.22,9.11,988.13,0
12/16/2007,Winter,14.79,62.44,4.92,1011.67,0
12/17/2007,Winter,15.17,50.28,2.89,988.23,0
12/18/2007,Winter,14.26,65.55,9.82,1016.79,0
12/19/2007,Winter,18.47,55.68,2.64,1007.54,0
12/20/2007,Winter,18.41,76.66,7.67,1025.83,0
12/21/2007,Winter,19.42,66.12,2.13,990.01,0
12/22/2007,Winter,14.55,56.04,3.26,1003.44,1
12/23/2007,Winter,16.3,61.3,1.71,996.29,0
12/24/2007,Winter,14.03,63.94,6.74,1004.58,0
12/25/2007,Winter,18.28,73.37,2.28,1009.53,0
12/26/2007,Winter,13.12,79.26,2.81,1025.49,0
12/27/2007,Winter,19.1,58.6,2.64,1015.26,0
12/28/2007,Winter,16.07,74.48,2.05,1015.11,0
12/29/2007,Winter,15.55,78.91,7.14,1029.86,0
12/30/2007,Winter,17.54,80.74,7.82,983.23,1
12/31/2007,Winter,15.84,60.66,7.75,999.81,1
01/01/2008,Winter,17.74,76.04,9.95,1024.0,0
01/02/2008,Winter,17.67,61.51,6.48,994.98,0
01/03/2008,Winter,20.11,52.42,8.97,1009.56,0
01/04/2008,Winter,19.66,58.88,9.97,1020.02,0
01/05/2008,Winter,21.75,44.53,3.57,1012.85,0
01/06/2008,Winter,16.54,53.19,1.48,1025.27,0
01/07/2008,Winter,18.97,60.29,5.24,995.31,0
01/08/2008,Winter,22.66,69.82,9.26,989.37,0
01/09/2008,Winter,14.88,56.49,3.09,1030.34,1
01/10/2008,Winter,15.44,59.23,3.14,988.77,0
01/11/2008,Winter,17.5,48.0,7.94,1018.66,0
01/12/2008,Winter,19.07,63.06,7.28,1031.0,1
01/13/2008,Winter,19.84,64.26,4.27,999.9,0
01/14/2008,Winter,16.65,56.4,9.67,1024.32,1
01/15/2008,Winter,21.24,81.12,3.56,987.67,0
01/16/2008,Winter,17.99,71.97,7.88,1014.37,0
01/17/2008,Winter,17.33,55.61,7.17,1011.16,0
01/18/2008,Winter,19.58,73.02,8.81,993.3,0
01/19/2008,Winter,23.42,69.48,5.98,991.74,0
01/20/2008,Winter,19.66,78.44,9.13,1020.14,0
01/21/2008,Winter,20.14,40.0,2.43,1005.43,0
01/22/2008,Winter,21.86,73.58,2.57,1023.49,0
01/23/2008,Winter,17.52,62.17,7.05,1031.96,0
01/24/2008,Winter,15.99,68.84,6.29,982.11,0
01/25/2008,Winter,17.02,64.61,7.4,1000.39,0
01/26/2008,Winter,23.27,47.47,2.43,1019.38,0
01/27/2008,Winter,20.39,58.82,5.85,1031.79,0
01/28/2008,Winter,18.59,74.53,7.11,981.05,0
01/29/2008,Winter,19.65,69.69,3.06,1007.73,0
01/30/2008,Winter,19.57,71.59,3.26,991.37,0
01/31/2008,Winter,19.1,57.92,8.9,1007.04,0
02/01/2008,Winter,18.74,85.14,2.8,1022.84,0
02/02/2008,Winter,21.22,70.26,1.0,1027.72,1
02/03/2008,Winter,20.71,61.71,7.87,1009.23,0
02/04/2008,Winter,22.07,73.89,5.33,984.38,0
02/05/2008,Winter,20.84,56.14,8.45,1030.85,1
02/06/2008,Winter,20.36,61.04,5.44,1023.91,0
02/07/2008,Winter,21.67,66.07,4.82,1001.4,0
02/08/2008,Winter,22.77,62.75,8.87,1000.21,0
02/09/2008,Winter,17.27,68.35,2.02,1003.21,0
02/10/2008,Winter,21.22,61.07,7.18,985.96,0
02/11/2008,Winter,21.18,79.1,8.97,1009.53,0
02/12/2008,Winter,20.62,62.04,7.71,982.52,1
02/13/2008,Winter,23.21,73.37,7.58,989.23,0
02/14/2008,Winter,22.49,67.1,6.12,1007.08,0
02/15/2008,Winter,20.13,62.88,5.94,1009.3,0
02/16/2008,Winter,18.5,88.46,7.9,1001.74,1
02/17/2008,Winter,23.41,64.03,2.74,1011.84,0
02/18/2008,Winter,22.46,64.53,2.3,1010.72,0
02/19/2008,Winter,21.1,62.3,8.07,1008.76,0
02/20/2008,Winter,23.65,76.52,3.82,1013.09,0
02/21/2008,Winter,22.05,54.06,1.51,984.86,0
02/22/2008,Winter,18.56,59.36,6.99,1002.0,1
02/23/2008,Winter,24.98,55.48,4.04,1014.37,0
02/24/2008,Winter,23.62,84.76,7.48,1027.7,1
02/25/2008,Winter,20.04,64.2,3.43,1019.43,0
02/26/2008,Winter,23.37,61.3,9.82,980.83,0
02/27/2008,Winter,18.89,57.5,1.97,1012.32,0
02/28/2008,Winter,20.17,58.21,3.19,982.28,0
02/29/2008,Winter,25.35,53.26,9.56,1021.39,0
03/01/2008,Summer,25.35,68.15,8.72,1018.06,0
03/02/2008,Summer,22.77,76.64,7.17,985.3,0
03/03/2008,Summer,23.12,78.4,1.78,1002.75,0
03/04/2008,Summer,24.04,63.71,8.89,1011.48,0
03/05/2008,Summer,23.65,57.76,6.97,992.0,0
03/06/2008,Summer,21.73,50.43,1.64,994.57,0
03/07/2008,Summer,21.98,63.91,9.2,989.37,0
03/08/2008,Summer,25.08,78.68,4.1,1020.33,0
03/09/2008,Summer,24.25,59.7,2.87,1019.99,0
03/10/2008,Summer,22.93,56.64,3.47,1015.45,0
03/11/2008,Summer,25.5,67.79,3.51,1018.25,0
03/12/2008,Summer,22.92,74.25,6.28,980.73,0
03/13/2008,Summer,24.91,81.63,5.56,1002.64,0
03/14/2008,Summer,25.14,65.27,3.52,1034.32,1
03/15/2008,Summer,26.36,79.9,8.77,1014.64,0
03/16/2008,Summer,26.43,69.78,7.56,999.19,0
03/17/2008,Summer,24.94,73.03,2.88,1015.88,1
03/18/2008,Summer,26.66,67.91,4.4,1002.82,0
03/19/2008,Summer,26.13,71.83,8.73,980.0,0
03/20/2008,Summer,25.52,51.62,9.53,1026.86,0
03/21/2008,Summer,25.97,61.51,9.83,1022.17,0
03/22/2008,Summer,26.26,71.68,8.34,1021.39,0
03/23/2008,Summer,26.37,63.98,6.3,1031.95,0
03/24/2008,Summer,26.37,63.75,6.78,1008.5,0
03/25/2008,Summer,23.34,43.29,7.12,994.04,0
03/26/2008,Summer,26.74,53.85,9.71,1031.13,0
03/27/2008,Summer,26.97,75.98,2.28,1010.42,0
03/28/2008,Summer,26.92,51.52,1.78,1006.74,0
03/29/2008,Summer,28.95,68.4,2.22,1002.78,0
03/30/2008,Summer,25.51,79.5,8.11,997.33,0
03/31/2008,Summer,25.52,64.68,7.15,1001.92,1
04/01/2008,Summer,29.68,63.9,2.18,1015.81,0
04/02/2008,Summer,32.83,77.51,9.82,996.32,0
04/03/2008,Summer,28.4,52.5,5.12,1015.83,0
04/04/2008,Summer,29.69,72.58,9.66,998.24,0
04/05/2008,Summer,29.01,67.0,2.47,981.19,0
04/06/2008,Summer,31.18,49.74,4.88,1019.64,0
04/07/2008,Summer,28.85,71.23,6.08,982.62,0
04/08/2008,Summer,28.6,87.51,9.68,998.69,0
04/09/2008,Summer,25.34,92.88,4.8,1002.95,0
04/10/2008,Summer,26.96,73.49,3.69,1029.53,0
04/11/2008,Summer,26.48,74.84,7.53,984.68,0
04/12/2008,Summer,27.36,75.76,9.14,1018.52,0
04/13/2008,Summer,31.51,53.14,6.45,1022.18,0
04/14/2008,Summer,30.31,56.47,6.31,1018.21,0
04/15/2008,Summer,32.94,69.48,9.35,1032.58,0
04/16/2008,Summer,29.91,75.67,9.66,1028.73,0
04/17/2008,Summer,27.1,76.33,1.65,1006.07,1
04/18/2008,Summer,28.75,69.87,7.81,997.73,0
04/19/2008,Summer,29.13,48.61,8.59,997.96,0
04/20/2008,Summer,31.85,50.55,7.51,1007.11,0
04/21/2008,Summer,31.57,48.45,3.38,1022.9,0
04/22/2008,Summer,30.32,61.16,2.49,990.34,0
04/23/2008,Summer,28.06,53.31,4.43,1001.18,1
04/24/2008,Summer,28.93,71.2,6.24,1030.59,0
04/25/2008,Summer,31.49,64.05,9.73,1014.88,0
04/26/2008,Summer,30.77,61.05,7.01,1008.97,1
04/27/2008,Summer,29.84,76.33,6.37,1034.41,1
04/28/2008,Summer,33.37,63.99,6.55,984.77,0
04/29/2008,Summer,31.51,78.2,2.94,1017.91,0
04/30/2008,Summer,28.84,66.94,5.95,1032.05,0
05/01/2008,Summer,31.65,74.62,2.99,1031.32,0
05/02/2008,Summer,32.05,60.19,9.66,1001.43,1
05/03/2008,Summer,32.17,56.03,6.32,1011.5,0
05/04/2008,Summer,32.22,51.21,1.99,991.06,0
05/05/2008,Summer,31.48,69.15,2.59,982.88,1
05/06/2008,Summer,31.53,48.79,6.41,1030.59,0
05/07/2008,Summer,27.17,84.18,8.68,1005.2,0
05/08/2008,Summer,34.56,86.83,7.9,1003.98,0
05/09/2008,Summer,31.2,67.97,4.56,1029.25,0
05/10/2008,Summer,36.12,63.41,6.15,985.36,0
05/11/2008,Summer,30.26,59.77,8.98,1022.18,0
05/12/2008,Summer,31.48,58.65,3.54,1018.54,1
05/13/2008,Summer,28.07,53.82,2.92,1025.55,0
05/14/2008,Summer,32.2,54.6,1.74,981.71,0
05/15/2008,Summer,30.06,53.05,3.22,1002.01,0
05/16/2008,Summer,33.06,65.29,8.89,1025.19,0
05/17/2008,Summer,34.06,60.49,9.74,1002.48,0
05/18/2008,Summer,32.94,76.39,9.37,997.3,0
05/19/2008,Summer,35.46,62.58,2.55,1034.26,0
05/20/2008,Summer,35.93,58.1,6.55,1027.87,0
05/21/2008,Summer,34.24,45.56,5.97,1024.96,0
05/22/2008,Summer,30.34,71.28,2.25,1007.91,0
05/23/2008,Summer,34.06,58.08,4.34,998.12,0
05/24/2008,Summer,32.42,66.02,4.19,1011.11,0
05/25/2008,Summer,39.4,64.9,2.67,981.11,0
05/26/2008,Summer,31.11,51.89,6.4,1029.03,1
05/27/2008,Summer,34.14,58.42,4.21,983.37,0
05/28/2008,Summer,30.29,52.45,3.52,982.42,1
05/29/2008,Summer,33.49,41.79,8.85,1007.86,0
05/30/2008,Summer,33.1,70.85,2.81,1024.34,1
05/31/2008,Summer,35.17,83.93,5.88,996.3,0
06/01/2008,Monsoon,34.51,64.95,12.62,998.37,1
06/02/2008,Monsoon,29.69,78.2,6.24,999.28,1
06/03/2008,Monsoon,34.75,77.15,14.05,982.95,1
06/04/2008,Monsoon,35.72,73.78,14.19,1001.56,1
06/05/2008,Monsoon,34.87,77.17,12.26,1001.31,1
06/06/2008,Monsoon,32.3,76.37,7.25,998.04,0
06/07/2008,Monsoon,36.52,50.76,9.52,1005.12,1
06/08/2008,Monsoon,33.38,65.67,9.83,1003.73,1
06/09/2008,Monsoon,31.86,66.05,10.08,981.42,1
06/10/2008,Monsoon,32.79,61.64,11.96,1024.02,1
06/11/2008,Monsoon,32.32,66.94,11.05,1003.82,0
06/12/2008,Monsoon,34.46,83.63,10.55,1033.65,0
06/13/2008,Monsoon,33.15,57.38,14.75,993.19,1
06/14/2008,Monsoon,33.05,67.21,8.56,1027.29,1
06/15/2008,Monsoon,35.59,74.16,6.72,1014.82,1
06/16/2008,Monsoon,29.57,62.39,10.93,1012.1,1
06/17/2008,Monsoon,34.52,51.29,14.74,989.96,1
06/18/2008,Monsoon,30.79,77.87,8.55,1010.51,1
06/19/2008,Monsoon,36.92,69.2,14.72,998.79,1
06/20/2008,Monsoon,32.55,60.53,8.48,985.72,1
06/21/2008,Monsoon,34.57,61.63,8.95,996.5,0
06/22/2008,Monsoon,32.4,77.05,11.67,997.1,1
06/23/2008,Monsoon,36.02,56.43,5.95,1033.73,1
06/24/2008,Monsoon,34.0,82.19,5.65,1018.88,1
06/25/2008,Monsoon,33.27,75.72,14.58,1030.42,0
06/26/2008,Monsoon,32.79,61.03,12.66,984.19,1
06/27/2008,Monsoon,34.36,73.77,14.69,993.13,0
06/28/2008,Monsoon,32.66,55.7,7.52,1026.66,1
06/29/2008,Monsoon,33.16,70.94,7.86,1032.69,1
06/30/2008,Monsoon,36.6,70.12,6.79,1011.74,1
07/01/2008,Monsoon,30.43,66.9,9.53,1029.49,0
07/02/2008,Monsoon,35.36,65.3,5.39,1002.86,1
07/03/2008,Monsoon,36.21,47.87,5.97,1007.69,1
07/04/2008,Monsoon,34.25,64.53,12.04,991.42,1
07/05/2008,Monsoon,33.63,68.26,7.97,1017.62,1
07/06/2008,Monsoon,34.05,49.69,14.04,994.58,1
07/07/2008,Monsoon,29.72,68.78,10.14,1029.95,1
07/08/2008,Monsoon,35.23,50.8,11.59,1013.41,0
07/09/2008,Monsoon,33.03,77.1,9.99,1005.72,1
07/10/2008,Monsoon,30.26,70.56,13.23,1010.93,1
07/11/2008,Monsoon,31.07,58.35,7.64,1005.57,1
07/12/2008,Monsoon,34.44,67.21,6.33,1012.3,1
07/13/2008,Monsoon,34.53,63.54,13.84,990.14,1
07/14/2008,Monsoon,28.99,71.17,5.39,984.69,1
07/15/2008,Monsoon,31.73,85.48,9.41,1028.07,1
07/16/2008,Monsoon,32.27,73.46,13.05,1016.53,0
07/17/2008,Monsoon,34.72,75.31,8.61,991.76,0
07/18/2008,Monsoon,35.04,54.63,7.79,1010.18,1
07/19/2008,Monsoon,35.85,60.94,9.9,996.12,1
07/20/2008,Monsoon,32.64,54.29,10.99,1010.4,1
07/21/2008,Monsoon,27.23,55.71,11.14,1000.02,1
07/22/2008,Monsoon,30.11,59.57,13.26,1033.04,1
07/23/2008,Monsoon,34.47,80.41,6.31,984.0,1
07/24/2008,Monsoon,29.91,65.4,5.95,1019.3,1
07/25/2008,Monsoon,36.3,72.25,6.05,1028.18,0
07/26/2008,Monsoon,28.31,66.51,8.94,990.12,1
07/27/2008,Monsoon,31.03,76.6,14.22,997.51,1
07/28/2008,Monsoon,34.04,68.02,5.33,1009.86,1
07/29/2008,Monsoon,33.84,71.38,10.46,986.38,0
07/30/2008,Monsoon,32.5,74.79,14.67,1030.52,0
07/31/2008,Monsoon,32.03,56.84,11.77,1024.43,1
08/01/2008,Monsoon,28.45,70.69,5.96,1011.87,1
08/02/2008,Monsoon,33.38,56.5,10.1,1013.52,1
08/03/2008,Monsoon,30.79,54.67,10.66,990.75,1
08/04/2008,Monsoon,30.05,73.43,12.36,1017.06,1
08/05/2008,Monsoon,32.72,78.98,7.81,1013.8,1
08/06/2008,Monsoon,30.71,65.77,8.96,1028.55,1
08/07/2008,Monsoon,32.25,47.44,7.66,982.82,1
08/08/2008,Monsoon,31.21,63.66,6.35,1004.23,1
08/09/2008,Monsoon,30.01,74.04,6.92,1013.36,1
08/10/2008,Monsoon,31.77,66.28,10.09,1024.45,0
08/11/2008,Monsoon,31.96,69.09,9.86,1018.1,1
08/12/2008,Monsoon,31.47,44.38,13.58,1024.23,1
08/13/2008,Monsoon,30.94,60.19,6.85,1028.06,1
08/14/2008,Monsoon,30.34,63.71,7.31,989.99,0
08/15/2008,Monsoon,27.32,53.26,6.14,1000.56,1
08/16/2008,Monsoon,28.34,72.51,11.68,980.65,0
08/17/2008,Monsoon,29.0,74.27,9.18,994.22,0
08/18/2008,Monsoon,31.78,62.46,12.23,1029.61,1
08/19/2008,Monsoon,32.01,73.75,10.05,1034.16,1
08/20/2008,Monsoon,27.74,46.71,8.99,1003.76,0
08/21/2008,Monsoon,27.86,76.47,12.46,991.32,1
08/22/2008,Monsoon,30.39,77.96,6.58,1014.75,0
08/23/2008,Monsoon,30.91,72.86,13.43,1030.45,1
08/24/2008,Monsoon,31.89,59.22,8.95,1027.08,0
08/25/2008,Monsoon,32.16,64.85,7.93,1002.35,1
08/26/2008,Monsoon,27.44,69.95,6.73,1018.8,1
08/27/2008,Monsoon,30.96,53.01,9.66,981.62,1
08/28/2008,Monsoon,30.38,53.87,7.54,1031.39,1
08/29/2008,Monsoon,31.15,72.98,9.43,1002.32,0
08/30/2008,Monsoon,27.13,64.44,11.8,1024.72,0
08/31/2008,Monsoon,29.22,74.5,9.54,1015.98,1
09/01/2008,Monsoon,30.46,50.96,10.6,999.05,0
09/02/2008,Monsoon,25.8,52.78,5.78,994.67,1
09/03/2008,Monsoon,31.2,75.33,13.25,989.82,1
09/04/2008,Monsoon,29.02,64.42,6.21,1001.42,1
09/05/2008,Monsoon,32.71,68.97,12.4,990.58,1
09/06/2008,Monsoon,27.72,64.93,10.14,993.29,0
09/07/2008,Monsoon,31.41,82.43,12.73,992.22,1
09/08/2008,Monsoon,25.13,61.7,8.56,990.62,1
09/09/2008,Monsoon,31.0,78.52,14.3,986.65,1
09/10/2008,Monsoon,25.4,52.27,13.39,1019.53,1
09/11/2008,Monsoon,28.87,65.19,12.27,983.69,1
09/12/2008,Monsoon,23.8,70.37,6.07,1017.7,1
09/13/2008,Monsoon,27.6,50.8,9.57,1011.97,1
09/14/2008,Monsoon,26.76,62.68,6.37,1021.5,1
09/15/2008,Monsoon,23.27,62.14,14.24,999.01,1
09/16/2008,Monsoon,26.08,67.29,12.82,996.58,1
09/17/2008,Monsoon,26.25,57.01,5.87,982.58,1
09/18/2008,Monsoon,25.12,58.48,6.79,1013.75,1
09/19/2008,Monsoon,24.93,65.2,9.06,1008.5,1
09/20/2008,Monsoon,25.11,69.55,13.34,1001.06,1
09/21/2008,Monsoon,27.04,65.3,6.47,1019.51,0
09/22/2008,Monsoon,25.55,81.64,14.84,1004.41,0
09/23/2008,Monsoon,24.32,58.05,7.29,981.46,0
09/24/2008,Monsoon,20.74,51.97,7.77,984.7,1
09/25/2008,Monsoon,23.5,73.11,10.94,1033.99,0
09/26/2008,Monsoon,27.2,74.05,9.1,985.64,0
09/27/2008,Monsoon,22.7,79.41,7.86,982.23,0
09/28/2008,Monsoon,29.83,54.61,5.46,1018.35,1
09/29/2008,Monsoon,22.72,57.08,12.43,1009.11,1
09/30/2008,Monsoon,24.73,73.48,6.87,1014.61,1
10/01/2008,Autumn,25.33,73.53,5.07,986.2,0
10/02/2008,Autumn,24.6,51.11,1.9,987.71,0
10/03/2008,Autumn,25.12,85.35,5.19,1026.74,0
10/04/2008,Autumn,25.96,69.22,2.78,997.05,0
10/05/2008,Autumn,28.8,61.08,2.3,994.4,0
10/06/2008,Autumn,21.31,67.94,4.12,1011.88,1
10/07/2008,Autumn,23.2,54.35,8.0,1021.48,0
10/08/2008,Autumn,22.26,65.7,9.92,1018.56,0
10/09/2008,Autumn,23.17,68.3,5.86,1026.6,0
10/10/2008,Autumn,23.38,71.41,2.57,1018.56,0
10/11/2008,Autumn,19.65,58.96,8.12,995.23,0
10/12/2008,Autumn,22.85,63.85,2.45,1020.0,0
10/13/2008,Autumn,26.43,55.28,7.54,1017.5,0
10/14/2008,Autumn,20.49,54.05,3.73,986.53,0
10/15/2008,Autumn,22.78,79.12,7.92,1015.78,0
10/16/2008,Autumn,21.03,55.14,7.12,1030.69,0
10/17/2008,Autumn,21.67,62.38,3.36,1006.69,0
10/18/2008,Autumn,18.83,76.58,7.96,1022.57,0
10/19/2008,Autumn,21.71,77.49,9.49,1003.51,0
10/20/2008,Autumn,24.91,67.18,5.13,1032.17,0
10/21/2008,Autumn,23.56,55.09,3.5,985.21,0
10/22/2008,Autumn,21.29,67.47,7.5,1004.47,0
10/23/2008,Autumn,21.02,72.94,2.04,1024.94,0
10/24/2008,Autumn,23.47,64.27,6.88,1000.18,0
10/25/2008,Autumn,24.08,76.91,9.96,999.78,0
10/26/2008,Autumn,20.25,60.46,5.9,1004.0,1
10/27/2008,Autumn,23.74,73.1,9.55,1015.28,0
10/28/2008,Autumn,19.45,42.25,3.82,982.77,0
10/29/2008,Autumn,19.59,56.68,6.61,992.78,0
10/30/2008,Autumn,19.13,80.97,5.21,1026.2,0
10/31/2008,Autumn,21.43,71.04,8.8,994.79,1
11/01/2008,Autumn,23.05,60.88,9.22,1000.17,0
11/02/2008,Autumn,18.48,58.7,8.65,1005.84,0
11/03/2008,Autumn,22.52,82.73,5.92,995.7,0
11/04/2008,Autumn,18.43,54.86,2.62,1018.82,1
11/05/2008,Autumn,19.16,83.67,1.59,1031.2,1
11/06/2008,Autumn,22.53,75.18,3.81,1028.55,0
11/07/2008,Autumn,20.86,80.6,7.53,1012.57,0
11/08/2008,Autumn,22.45,77.48,4.85,1031.93,0
11/09/2008,Autumn,16.11,84.18,1.11,1019.69,1
11/10/2008,Autumn,18.78,78.13,5.86,1010.54,0
11/11/2008,Autumn,21.43,58.48,8.98,1033.78,0
11/12/2008,Autumn,18.44,62.55,7.99,1025.58,0
11/13/2008,Autumn,22.27,69.2,3.75,996.37,0
11/14/2008,Autumn,19.42,47.61,4.28,1025.18,0
11/15/2008,Autumn,17.39,74.39,6.77,1016.63,0
11/16/2008,Autumn,16.0,52.24,6.15,1028.59,0
11/17/2008,Autumn,19.39,74.28,2.2,986.73,0
11/18/2008,Autumn,22.98,57.57,4.74,996.61,0
11/19/2008,Autumn,21.28,52.57,7.98,1014.99,0
11/20/2008,Autumn,18.59,68.21,1.5,1001.43,1
11/21/2008,Autumn,24.31,46.83,7.2,1024.17,1
11/22/2008,Autumn,19.82,73.06,7.83,1018.44,0
11/23/2008,Autumn,19.76,72.08,6.67,987.4,1
11/24/2008,Autumn,20.94,52.99,8.23,1032.31,0
11/25/2008,Autumn,15.99,69.1,9.7,1006.07,0
11/26/2008,Autumn,15.47,60.54,4.07,1028.64,0
11/27/2008,Autumn,18.9,60.17,6.18,983.35,0
11/28/2008,Autumn,19.9,83.46,1.8,987.42,1
11/29/2008,Autumn,22.52,76.61,1.81,1009.17,0
11/30/2008,Autumn,19.66,64.31,2.51,1033.36,0
12/01/2008,Winter,18.02,77.78,2.26,1025.75,0
12/02/2008,Winter,16.89,53.94,7.78,1006.14,0
12/03/2008,Winter,18.27,59.37,4.98,1029.32,0
12/04/2008,Winter,18.03,70.41,5.47,989.57,1
12/05/2008,Winter,14.99,60.92,6.97,993.64,0
12/06/2008,Winter,19.01,44.27,9.47,1010.67,1
12/07/2008,Winter,19.79,58.85,2.84,981.2,0
12/08/2008,Winter,20.27,64.67,9.24,980.49,1
12/09/2008,Winter,16.82,42.98,6.83,1030.77,0
12/10/2008,Winter,16.43,69.01,8.32,981.51,0
12/11/2008,Winter,18.31,66.23,8.55,998.09,0
12/12/2008,Winter,17.17,66.74,7.14,1031.75,0
12/13/2008,Winter,20.44,77.68,7.08,997.7,0
12/14/2008,Winter,17.87,58.5,1.38,998.31,0
12/15/2008,Winter,17.88,67.24,6.73,1028.59,0
12/16/2008,Winter,17.53,67.57,6.9,1030.27,1
12/17/2008,Winter,18.52,62.95,1.14,1023.0,1
12/18/2008,Winter,18.8,78.85,4.93,1013.84,0
12/19/2008,Winter,20.08,81.97,3.05,1030.37,0
12/20/2008,Winter,15.53,68.23,4.09,998.57,0
12/21/2008,Winter,20.33,66.2,8.01,995.13,0
12/22/2008,Winter,15.8,60.8,1.9,1022.36,0
12/23/2008,Winter,17.63,68.37,5.71,1015.98,0
12/24/2008,Winter,20.39,47.64,4.85,1007.93,0
12/25/2008,Winter,17.43,65.09,8.53,995.16,0
12/26/2008,Winter,16.1,79.6,2.1,990.1,0
12/27/2008,Winter,15.33,61.66,5.86,980.52,1
12/28/2008,Winter,16.0,75.07,7.97,1026.42,0
12/29/2008,Winter,22.93,83.96,5.38,1026.63,0
12/30/2008,Winter,19.88,59.45,1.44,984.39,0
12/31/2008,Winter,21.77,84.55,2.13,1011.2,0
01/01/2009,Winter,17.05,80.73,4.23,997.79,0
01/02/2009,Winter,21.92,68.79,2.46,985.96,0
01/03/2009,Winter,21.98,55.06,3.5,1013.04,0
01/04/2009,Winter,19.35,65.28,5.33,1014.3,0
01/05/2009,Winter,14.57,48.98,6.45,1003.54,0
01/06/2009,Winter,18.3,53.24,9.28,1002.15,0
01/07/2009,Winter,16.64,67.73,7.85,1000.66,0
01/08/2009,Winter,20.17,80.61,9.35,1032.17,0
01/09/2009,Winter,19.11,67.63,8.13,1023.09,0
01/10/2009,Winter,17.15,64.35,5.6,1020.12,1
01/11/2009,Winter,17.4,51.37,5.95,1005.99,0
01/12/2009,Winter,19.9,69.95,7.83,1012.57,1
01/13/2009,Winter,19.8,63.1,5.78,1011.6,0
01/14/2009,Winter,21.23,58.9,1.08,1014.46,0
01/15/2009,Winter,17.95,65.09,8.53,1004.11,0
01/16/2009,Winter,19.45,64.61,1.29,1025.57,0
01/17/2009,Winter,17.01,68.57,5.63,984.3,0
01/18/2009,Winter,20.59,65.83,9.61,1024.0,0
01/19/2009,Winter,20.64,65.6,6.15,1022.1,0
01/20/2009,Winter,17.67,76.44,9.63,992.71,0
01/21/2009,Winter,18.0,60.21,9.19,1023.16,0
01/22/2009,Winter,18.27,64.86,4.0,1017.95,1
01/23/2009,Winter,20.1,70.35,3.01,982.91,1
01/24/2009,Winter,19.84,79.66,4.61,1011.46,0
01/25/2009,Winter,18.14,47.71,2.65,990.08,0
01/26/2009,Winter,16.19,63.38,9.83,986.16,1
01/27/2009,Winter,24.7,58.05,4.44,1008.62,1
01/28/2009,Winter,21.35,57.25,6.87,1001.37,0
01/29/2009,Winter,18.84,51.51,2.18,997.66,0
01/30/2009,Winter,24.01,48.3,5.23,988.46,1
01/31/2009,Winter,19.98,59.85,6.37,993.15,1
02/01/2009,Winter,22.35,60.74,6.0,998.85,0
02/02/2009,Winter,17.97,63.94,4.88,1025.63,0
02/03/2009,Winter,23.64,64.96,2.59,1000.23,0
02/04/2009,Winter,21.96,53.57,2.4,989.2,0
02/05/2009,Winter,21.31,70.13,6.89,1006.08,0
02/06/2009,Winter,18.13,62.51,3.71,1021.93,1
02/07/2009,Winter,20.35,46.26,2.67,1010.69,0
02/08/2009,Winter,22.49,66.68,7.68,992.93,0
02/09/2009,Winter,19.56,78.25,6.55,1032.55,1
02/10/2009,Winter,20.6,67.41,4.98,1005.71,0
02/11/2009,Winter,21.89,61.42,9.29,1030.89,0
02/12/2009,Winter,21.01,57.79,8.05,1022.14,1
02/13/2009,Winter,20.67,80.12,2.7,1020.57,0
02/14/2009,Winter,20.38,61.91,1.66,999.48,0
02/15/2009,Winter,23.46,65.67,1.54,991.83,1
02/16/2009,Winter,23.61,64.1,3.42,992.17,0
02/17/2009,Winter,20.01,68.22,6.8,995.82,0
02/18/2009,Winter,24.84,42.92,9.49,1032.86,0
02/19/2009,Winter,20.67,67.77,2.1,1012.05,1
02/20/2009,Winter,20.67,73.84,9.55,1033.58,0
02/21/2009,Winter,20.14,67.18,9.3,1034.27,0
02/22/2009,Winter,22.78,57.01,7.11,998.09,0
02/23/2009,Winter,23.37,62.69,9.79,1030.64,0
02/24/2009,Winter,23.86,57.09,3.07,1018.98,0
02/25/2009,Winter,23.55,74.63,5.13,1024.12,1
02/26/2009,Winter,20.88,61.93,6.84,1026.29,0
02/27/2009,Winter,23.99,57.75,7.16,1025.28,0
02/28/2009,Winter,19.51,74.69,7.12,1011.76,0
03/01/2009,Summer,20.59,70.96,6.05,990.32,0
03/02/2009,Summer,21.92,67.78,3.83,980.15,0
03/03/2009,Summer,26.71,63.27,2.04,991.04,0
03/04/2009,Summer,22.53,75.04,1.28,986.58,0
03/05/2009,Summer,21.44,59.87,9.49,985.38,0
03/06/2009,Summer,23.04,70.51,4.57,997.3,0
03/07/2009,Summer,23.24,59.71,8.09,1015.59,0
03/08/2009,Summer,26.2,69.36,9.29,987.74,0
03/09/2009,Summer,24.26,65.04,4.65,988.92,0
03/10/2009,Summer,23.34,42.62,4.44,1018.76,1
03/11/2009,Summer,26.16,59.55,6.93,985.95,0
03/12/2009,Summer,21.84,81.73,7.02,993.61,0
03/13/2009,Summer,21.52,80.84,5.59,989.94,1
03/14/2009,Summer,20.43,74.27,6.03,1019.3,0
03/15/2009,Summer,24.34,74.72,8.97,1003.52,1
03/16/2009,Summer,25.17,67.4,9.29,982.85,0
03/17/2009,Summer,25.7,69.59,7.08,1026.21,0
03/18/2009,Summer,26.14,63.15,2.27,1028.39,0
03/19/2009,Summer,24.29,72.74,6.74,981.6,0
03/20/2009,Summer,26.51,73.62,1.63,1005.94,0
03/21/2009,Summer,24.93,71.47,3.6,1028.22,0
03/22/2009,Summer,26.27,69.39,9.94,987.12,0
03/23/2009,Summer,26.06,66.5,7.39,980.45,0
03/24/2009,Summer,26.5,58.73,6.97,1014.64,0
03/25/2009,Summer,29.73,73.34,9.97,982.72,0
03/26/2009,Summer,28.79,66.29,2.46,1031.76,1
03/27/2009,Summer,30.91,65.43,5.23,1014.61,0
03/28/2009,Summer,25.87,47.39,5.45,1027.37,1
03/29/2009,Summer,25.04,47.55,7.49,1003.36,0
03/30/2009,Summer,25.4,83.56,7.79,985.76,0
03/31/2009,Summer,25.41,69.49,7.11,1014.98,1
04/01/2009,Summer,26.13,61.57,8.4,983.1,1
04/02/2009,Summer,27.49,67.2,5.34,1005.77,0
04/03/2009,Summer,27.15,62.09,7.42,1004.63,0
04/04/2009,Summer,24.89,70.19,2.48,1017.08,0
04/05/2009,Summer,28.01,57.28,1.69,1012.74,0
04/06/2009,Summer,27.7,84.82,6.11,992.15,0
04/07/2009,Summer,30.31,60.8,9.44,1017.07,1
04/08/2009,Summer,27.73,75.27,7.1,1006.99,0
04/09/2009,Summer,30.4,69.67,3.54,997.17,0
04/10/2009,Summer,33.13,70.13,4.8,1030.31,0
04/11/2009,Summer,29.48,61.83,6.38,987.12,0
04/12/2009,Summer,30.68,68.99,6.57,1032.06,0
04/13/2009,Summer,30.26,47.33,4.54,1017.75,0
04/14/2009,Summer,27.62,67.83,7.92,997.86,0
04/15/2009,Summer,31.42,76.51,7.28,993.26,1
04/16/2009,Summer,30.12,61.85,10.0,1030.74,0
04/17/2009,Summer,27.75,71.34,9.0,982.08,0
04/18/2009,Summer,32.26,93.72,2.06,994.18,0
04/19/2009,Summer,32.86,62.31,6.46,1012.75,0
04/20/2009,Summer,28.65,69.17,6.27,1008.36,1
04/21/2009,Summer,28.42,50.07,8.31,1014.37,0
04/22/2009,Summer,30.64,64.96,1.13,1015.78,0
04/23/2009,Summer,28.67,61.53,4.8,1019.28,1
04/24/2009,Summer,30.85,74.06,4.76,981.98,1
04/25/2009,Summer,29.3,63.06,3.37,1015.76,0
04/26/2009,Summer,28.89,53.31,8.64,1028.21,0
04/27/2009,Summer,32.1,73.56,1.5,985.33,1
04/28/2009,Summer,33.0,54.64,4.21,989.4,0
04/29/2009,Summer,34.68,67.35,7.54,1022.69,1
04/30/2009,Summer,29.92,81.59,8.27,1024.05,0
05/01/2009,Summer,31.69,49.12,8.58,1027.86,0
05/02/2009,Summer,30.85,70.28,4.01,992.6,0
05/03/2009,Summer,33.11,76.83,8.03,987.63,1
05/04/2009,Summer,34.26,81.96,4.93,1007.17,0
05/05/2009,Summer,33.73,57.57,2.32,1029.73,0
05/06/2009,Summer,32.78,61.67,1.97,982.17,1
05/07/2009,Summer,32.14,44.32,6.33,988.96,0
05/08/2009,Summer,31.21,56.43,8.4,1016.1,1
05/09/2009,Summer,30.71,67.31,7.73,999.75,1
05/10/2009,Summer,32.96,71.01,5.47,985.85,0
05/11/2009,Summer,32.96,54.42,1.93,1023.66,1
05/12/2009,Summer,32.62,54.99,5.03,1007.72,0
05/13/2009,Summer,34.77,66.53,4.23,1034.12,1
05/14/2009,Summer,32.84,65.37,8.59,1022.04,0
05/15/2009,Summer,31.32,65.19,4.36,997.91,1
05/16/2009,Summer,30.84,59.44,6.99,1001.94,0
05/17/2009,Summer,30.31,70.17,2.44,983.36,0
05/18/2009,Summer,28.38,69.08,5.25,990.89,0
05/19/2009,Summer,32.44,59.02,6.51,1028.13,1
05/20/2009,Summer,34.15,81.3,9.72,1006.74,0
05/21/2009,Summer,33.23,72.34,1.84,1008.88,0
05/22/2009,Summer,34.38,70.18,1.25,1024.63,1
05/23/2009,Summer,31.8,62.17,5.41,997.35,0
05/24/2009,Summer,32.07,66.7,6.42,994.73,0
05/25/2009,Summer,33.72,59.98,3.46,1034.54,0
05/26/2009,Summer,31.07,60.01,6.51,1006.92,1
05/27/2009,Summer,34.08,69.16,6.31,996.54,1
05/28/2009,Summer,35.25,83.22,6.15,1017.1,0
05/29/2009,Summer,30.66,51.53,4.14,1007.78,0
05/30/2009,Summer,33.58,84.21,1.1,994.31,0
05/31/2009,Summer,35.91,48.23,7.04,1030.24,0
06/01/2009,Monsoon,31.98,58.21,11.85,998.88,1
06/02/2009,Monsoon,32.47,44.81,6.98,1032.15,1
06/03/2009,Monsoon,32.87,79.98,9.75,986.52,1
06/04/2009,Monsoon,32.56,59.54,6.54,1015.09,1
06/05/2009,Monsoon,34.22,86.41,12.42,1007.27,1
06/06/2009,Monsoon,34.3,69.37,7.57,1017.52,0
06/07/2009,Monsoon,33.18,76.99,11.21,1033.73,0
06/08/2009,Monsoon,33.5,50.13,14.25,1024.32,1
06/09/2009,Monsoon,35.46,62.15,12.97,1008.22,1
06/10/2009,Monsoon,31.29,80.15,14.11,1034.01,1
06/11/2009,Monsoon,33.97,59.45,9.4,1003.25,0
06/12/2009,Monsoon,34.39,56.08,14.14,984.29,1
06/13/2009,Monsoon,34.36,75.66,8.73,981.46,0
06/14/2009,Monsoon,32.8,57.61,5.42,1019.12,1
06/15/2009,Monsoon,33.43,55.41,7.04,997.87,1
06/16/2009,Monsoon,29.73,73.38,5.28,993.62,1
06/17/2009,Monsoon,33.9,66.42,10.52,1010.45,0
06/18/2009,Monsoon,36.84,72.56,12.8,1006.99,0
06/19/2009,Monsoon,33.54,66.34,14.17,1032.18,1
06/20/2009,Monsoon,36.87,62.19,11.26,1001.46,0
06/21/2009,Monsoon,34.57,51.78,6.2,998.76,1
06/22/2009,Monsoon,35.79,78.32,6.53,989.06,1
06/23/2009,Monsoon,32.49,56.48,7.27,1008.54,0
06/24/2009,Monsoon,32.24,76.47,5.32,1031.21,0
06/25/2009,Monsoon,28.57,68.08,13.63,986.79,1
06/26/2009,Monsoon,31.51,71.35,10.6,1015.37,1
06/27/2009,Monsoon,32.57,47.19,5.08,1010.33,1
06/28/2009,Monsoon,37.01,64.61,13.11,1015.36,1
06/29/2009,Monsoon,33.8,94.1,7.71,999.99,1
06/30/2009,Monsoon,31.88,50.84,12.5,1017.69,1
07/01/2009,Monsoon,32.81,76.96,10.72,1005.52,0
07/02/2009,Monsoon,36.48,84.0,7.38,985.58,1
07/03/2009,Monsoon,32.27,68.47,8.59,1002.28,1
07/04/2009,Monsoon,35.3,73.41,7.98,1018.9,1
07/05/2009,Monsoon,33.58,84.36,13.92,981.66,0
07/06/2009,Monsoon,36.59,49.64,11.94,1030.67,1
07/07/2009,Monsoon,34.75,47.43,8.85,988.78,1
07/08/2009,Monsoon,31.63,59.02,11.87,1023.59,0
07/09/2009,Monsoon,29.89,56.95,6.54,986.07,1
07/10/2009,Monsoon,31.38,84.91,13.05,1011.32,1
07/11/2009,Monsoon,35.21,55.02,12.8,1023.94,1
07/12/2009,Monsoon,31.09,69.55,14.84,1004.3,1
07/13/2009,Monsoon,35.85,68.66,12.32,1023.73,1
07/14/2009,Monsoon,35.41,74.47,8.43,1021.09,1
07/15/2009,Monsoon,30.56,56.34,12.43,1021.61,1
07/16/2009,Monsoon,31.1,88.77,14.79,981.14,1
07/17/2009,Monsoon,34.25,73.46,13.25,988.05,1
07/18/2009,Monsoon,32.25,56.67,12.55,1004.08,1
07/19/2009,Monsoon,33.7,51.78,8.35,985.73,1
07/20/2009,Monsoon,34.89,56.1,11.59,1019.12,1
07/21/2009,Monsoon,35.7,66.66,10.27,1018.0,0
07/22/2009,Monsoon,33.16,65.74,5.14,1021.92,0
07/23/2009,Monsoon,29.83,57.49,14.62,1025.85,0
07/24/2009,Monsoon,34.08,65.06,11.5,987.02,1
07/25/2009,Monsoon,30.15,70.04,6.41,1033.29,1
07/26/2009,Monsoon,29.03,54.43,5.33,1016.01,0
07/27/2009,Monsoon,29.87,66.82,11.19,987.16,0
07/28/2009,Monsoon,33.18,75.46,12.54,989.14,1
07/29/2009,Monsoon,31.11,61.1,7.22,1025.39,1
07/30/2009,Monsoon,30.96,56.18,14.36,1001.25,1
07/31/2009,Monsoon,27.99,50.56,9.18,1028.33,1
08/01/2009,Monsoon,32.7,51.5,12.07,982.61,1
08/02/2009,Monsoon,31.39,69.82,13.17,1013.66,1
08/03/2009,Monsoon,31.3,50.5,12.13,991.78,0
08/04/2009,Monsoon,30.38,60.77,5.13,1004.86,1
08/05/2009,Monsoon,30.53,63.55,11.59,1016.7,0
08/06/2009,Monsoon,32.43,82.42,11.2,989.92,1
08/07/2009,Monsoon,32.55,63.45,12.18,1006.82,1
08/08/2009,Monsoon,30.32,49.82,14.95,989.4,1
08/09/2009,Monsoon,29.5,56.53,6.04,1010.22,1
08/10/2009,Monsoon,32.13,66.79,12.4,1006.91,1
08/11/2009,Monsoon,32.58,72.12,10.46,1020.68,1
08/12/2009,Monsoon,31.97,77.13,9.45,1028.44,1
08/13/2009,Monsoon,29.09,58.7,13.24,997.91,0
08/14/2009,Monsoon,27.47,71.57,7.61,994.36,0
08/15/2009,Monsoon,30.69,74.76,11.7,992.7,1
08/16/2009,Monsoon,33.88,44.21,10.19,1024.07,1
08/17/2009,Monsoon,30.29,49.59,14.03,1025.63,1
08/18/2009,Monsoon,30.86,52.6,9.11,1006.52,0
08/19/2009,Monsoon,29.84,44.64,11.36,1020.07,0
08/20/2009,Monsoon,27.21,57.2,6.22,1018.84,1
08/21/2009,Monsoon,29.64,66.83,9.07,998.11,0
08/22/2009,Monsoon,35.77,52.47,7.64,998.29,1
08/23/2009,Monsoon,26.51,52.33,5.91,993.57,1
08/24/2009,Monsoon,30.41,61.06,13.81,1013.01,1
08/25/2009,Monsoon,31.59,62.78,11.72,990.35,1
08/26/2009,Monsoon,28.23,66.04,12.52,1008.86,1
08/27/2009,Monsoon,30.81,57.15,10.3,1009.48,0
08/28/2009,Monsoon,26.17,68.35,7.83,1012.5,1
08/29/2009,Monsoon,31.79,66.3,11.32,998.2,1
08/30/2009,Monsoon,29.78,62.55,9.71,999.07,0
08/31/2009,Monsoon,27.52,52.09,9.33,1028.52,0
09/01/2009,Monsoon,29.3,69.23,14.27,987.62,1
09/02/2009,Monsoon,25.94,69.62,11.88,1011.59,1
09/03/2009,Monsoon,28.83,54.26,9.39,1024.86,1
09/04/2009,Monsoon,29.39,69.2,6.14,982.19,1
09/05/2009,Monsoon,28.02,71.71,10.47,1011.8,0
09/06/2009,Monsoon,28.14,56.36,11.38,1024.34,0
09/07/2009,Monsoon,29.11,70.13,9.36,1030.48,1
09/08/2009,Monsoon,25.73,62.56,9.44,1032.86,1
09/09/2009,Monsoon,27.53,61.22,8.55,1011.87,0
09/10/2009,Monsoon,24.61,77.23,9.1,982.69,1
09/11/2009,Monsoon,24.67,65.34,9.93,1010.27,1
09/12/2009,Monsoon,23.95,64.84,6.52,1033.35,1
09/13/2009,Monsoon,28.08,57.51,5.48,1000.19,1
09/14/2009,Monsoon,26.76,85.15,10.07,983.58,1
09/15/2009,Monsoon,31.47,72.87,9.01,1032.85,1
09/16/2009,Monsoon,26.66,53.84,5.34,1014.59,1
09/17/2009,Monsoon,29.31,55.18,11.08,1026.13,0
09/18/2009,Monsoon,24.51,70.81,7.38,985.36,1
09/19/2009,Monsoon,21.54,81.87,7.91,983.99,1
09/20/2009,Monsoon,24.17,68.83,7.62,1011.38,1
09/21/2009,Monsoon,25.74,77.64,8.94,997.06,1
09/22/2009,Monsoon,24.84,64.61,10.45,1020.46,1
09/23/2009,Monsoon,23.76,60.4,12.58,1004.32,0
09/24/2009,Monsoon,26.89,60.05,12.86,999.96,1
09/25/2009,Monsoon,23.36,70.72,10.12,997.92,1
09/26/2009,Monsoon,25.44,50.54,10.69,1007.14,1
09/27/2009,Monsoon,24.73,63.03,8.08,985.73,1
09/28/2009,Monsoon,22.0,74.41,8.37,997.57,1
09/29/2009,Monsoon,26.43,66.7,5.51,994.57,1
09/30/2009,Monsoon,27.81,45.52,5.1,1023.74,0
10/01/2009,Autumn,22.31,68.28,3.84,1005.52,0
10/02/2009,Autumn,20.18,78.2,6.08,981.54,0
10/03/2009,Autumn,27.6,54.4,9.15,1031.78,0
10/04/2009,Autumn,23.27,58.42,7.32,995.72,0
10/05/2009,Autumn,21.94,79.91,4.9,984.51,0
10/06/2009,Autumn,24.33,72.84,6.52,1015.81,0
10/07/2009,Autumn,23.27,66.31,8.49,1001.47,0
10/08/2009,Autumn,20.77,69.54,1.06,1001.76,0
10/09/2009,Autumn,23.31,58.35,5.76,990.5,1
10/10/2009,Autumn,24.18,62.14,6.65,1030.77,0
10/11/2009,Autumn,21.86,64.84,5.31,986.82,1
10/12/2009,Autumn,25.39,64.14,1.22,1000.71,0
10/13/2009,Autumn,23.26,59.14,1.13,1004.38,0
10/14/2009,Autumn,24.76,62.44,7.69,986.26,0
10/15/2009,Autumn,21.6,72.56,1.16,981.88,0
10/16/2009,Autumn,20.8,86.96,3.98,989.08,0
10/17/2009,Autumn,24.28,56.57,3.62,1034.35,0
10/18/2009,Autumn,23.4,62.41,5.98,1002.04,0
10/19/2009,Autumn,25.25,67.48,6.9,980.51,0
10/20/2009,Autumn,20.79,68.17,6.27,1018.86,0
10/21/2009,Autumn,19.99,62.77,6.36,1018.25,0
10/22/2009,Autumn,25.14,51.63,8.65,1032.02,0
10/23/2009,Autumn,18.39,70.09,7.38,989.32,1
10/24/2009,Autumn,19.3,75.09,6.96,997.27,0
10/25/2009,Autumn,22.97,78.24,2.29,991.39,0
10/26/2009,Autumn,20.67,66.8,1.08,993.4,1
10/27/2009,Autumn,24.3,45.19,8.31,982.32,1
10/28/2009,Autumn,17.22,66.35,6.81,985.36,0
10/29/2009,Autumn,19.19,53.72,7.75,999.17,0
10/30/2009,Autumn,18.37,66.54,8.78,1007.12,1
10/31/2009,Autumn,21.95,77.76,5.04,1010.73,0
11/01/2009,Autumn,20.54,73.51,1.61,994.04,0
11/02/2009,Autumn,22.79,51.1,1.79,998.78,0
11/03/2009,Autumn,20.34,41.19,4.07,1031.3,0
11/04/2009,Autumn,21.48,71.79,2.72,1029.03,0
11/05/2009,Autumn,19.0,71.87,9.46,1012.65,0
11/06/2009,Autumn,19.18,64.32,9.44,1016.64,0
11/07/2009,Autumn,23.29,89.46,6.14,1004.53,0
11/08/2009,Autumn,19.5,84.14,2.92,981.45,0
11/09/2009,Autumn,18.91,65.24,1.2,1010.67,0
11/10/2009,Autumn,18.99,55.22,4.9,1008.22,1
11/11/2009,Autumn,17.23,59.83,5.84,1017.52,1
11/12/2009,Autumn,19.44,62.27,7.22,1011.37,0
11/13/2009,Autumn,17.56,57.82,9.27,1026.12,0
11/14/2009,Autumn,20.68,66.8,7.96,980.45,0
11/15/2009,Autumn,21.19,72.19,8.09,980.8,0
11/16/2009,Autumn,21.17,64.9,3.1,984.25,0
11/17/2009,Autumn,19.89,68.77,5.89,1001.35,0
11/18/2009,Autumn,18.62,65.49,4.54,1016.42,0
11/19/2009,Autumn,21.85,54.46,9.04,1000.12,1
11/20/2009,Autumn,16.32,75.04,9.62,1006.92,0
11/21/2009,Autumn,18.35,66.45,7.31,1001.07,1
11/22/2009,Autumn,18.77,77.41,4.11,983.21,0
11/23/2009,Autumn,18.78,66.52,3.76,989.51,0
11/24/2009,Autumn,18.75,70.88,7.32,1007.48,0
11/25/2009,Autumn,19.85,68.56,8.9,1000.64,0
11/26/2009,Autumn,18.86,60.32,2.22,1011.42,0
11/27/2009,Autumn,14.26,66.94,5.5,1020.76,0
11/28/2009,Autumn,19.57,86.35,7.47,1015.8,0
11/29/2009,Autumn,19.94,62.81,8.38,999.22,0
11/30/2009,Autumn,19.74,86.24,6.58,1009.1,1
12/01/2009,Winter,20.48,58.86,9.77,1029.73,0
12/02/2009,Winter,16.47,65.49,5.8,1014.93,0
12/03/2009,Winter,20.1,72.28,1.33,1004.39,0
12/04/2009,Winter,20.27,44.04,5.95,1011.89,0
12/05/2009,Winter,14.28,73.65,6.08,997.65,0
12/06/2009,Winter,17.77,76.24,7.07,981.13,0
12/07/2009,Winter,18.71,51.38,2.93,1023.43,0
12/08/2009,Winter,19.72,62.89,2.32,1018.17,0
12/09/2009,Winter,17.95,77.67,4.33,1030.38,1
12/10/2009,Winter,20.55,41.3,5.98,1020.6,0
12/11/2009,Winter,14.4,67.16,9.72,991.97,1
12/12/2009,Winter,20.72,67.93,4.51,990.71,0
12/13/2009,Winter,18.41,65.97,6.97,1002.23,0
12/14/2009,Winter,18.65,72.67,8.35,994.87,1
12/15/2009,Winter,15.33,73.87,6.31,987.85,1
12/16/2009,Winter,19.13,71.77,6.37,995.16,0
12/17/2009,Winter,19.75,54.66,3.74,1000.69,0
12/18/2009,Winter,15.04,50.03,7.97,1014.72,0
12/19/2009,Winter,15.63,71.29,7.47,1029.06,1
12/20/2009,Winter,16.65,65.84,6.94,1005.4,0
12/21/2009,Winter,17.2,66.99,8.22,987.15,0
12/22/2009,Winter,17.15,53.17,6.13,992.37,0
12/23/2009,Winter,17.09,56.09,5.94,998.44,0
12/24/2009,Winter,16.11,71.71,5.17,1019.47,0
12/25/2009,Winter,19.47,82.17,7.75,1025.9,0
12/26/2009,Winter,21.13,74.34,9.44,995.64,0
12/27/2009,Winter,16.71,53.98,4.69,1017.85,0
12/28/2009,Winter,17.7,56.3,4.52,1024.34,0
12/29/2009,Winter,17.34,69.45,3.5,1015.96,0
12/30/2009,Winter,13.67,76.89,4.64,1030.8,0
12/31/2009,Winter,18.46,62.5,1.53,1021.96,0
01/01/2010,Winter,16.36,63.6,9.75,1030.7,0
01/02/2010,Winter,22.01,70.99,4.49,1021.46,1
01/03/2010,Winter,18.45,70.96,1.31,1033.11,0
01/04/2010,Winter,15.78,70.03,9.11,996.54,0
01/05/2010,Winter,13.65,69.35,9.97,1033.83,0
01/06/2010,Winter,15.3,42.41,3.36,986.68,0
01/07/2010,Winter,17.16,81.9,9.27,1024.37,0
01/08/2010,Winter,20.23,71.78,3.11,1008.51,0
01/09/2010,Winter,20.69,66.36,4.58,996.91,1
01/10/2010,Winter,18.11,77.94,9.68,987.11,0
01/11/2010,Winter,15.86,69.46,6.81,995.07,1
01/12/2010,Winter,17.92,65.4,7.62,999.82,0
01/13/2010,Winter,21.05,56.45,7.93,1021.16,0
01/14/2010,Winter,16.72,63.28,8.16,1011.81,0
01/15/2010,Winter,17.56,69.93,8.51,1016.28,0
01/16/2010,Winter,19.47,71.03,2.01,1032.62,0
01/17/2010,Winter,17.93,61.97,1.31,984.14,0
01/18/2010,Winter,20.72,59.65,6.21,1024.16,0
01/19/2010,Winter,18.89,74.5,6.48,998.15,0
01/20/2010,Winter,16.95,51.68,2.28,1032.63,0
01/21/2010,Winter,20.5,48.16,7.47,1020.33,0
01/22/2010,Winter,18.65,74.23,5.03,1006.45,1
01/23/2010,Winter,18.59,66.09,2.96,1016.16,1
01/24/2010,Winter,21.91,73.78,2.57,1002.3,0
01/25/2010,Winter,18.47,60.41,7.29,1029.49,0
01/26/2010,Winter,19.13,53.9,2.97,1023.26,0
01/27/2010,Winter,19.64,62.13,2.56,1021.45,0
01/28/2010,Winter,20.09,68.72,7.49,990.24,1
01/29/2010,Winter,16.89,71.09,6.98,1002.6,0
01/30/2010,Winter,20.02,64.0,8.95,999.17,0
01/31/2010,Winter,17.0,69.78,6.45,1012.75,1
02/01/2010,Winter,19.57,65.26,1.69,1002.46,0
02/02/2010,Winter,18.83,61.84,2.38,986.59,0
02/03/2010,Winter,19.24,76.25,2.89,1021.35,0
02/04/2010,Winter,20.04,67.08,9.98,1029.27,0
02/05/2010,Winter,16.42,60.77,3.48,1012.0,0
02/06/2010,Winter,17.4,40.0,8.56,1014.49,1
02/07/2010,Winter,22.18,63.8,5.65,1028.01,0
02/08/2010,Winter,19.53,73.93,3.85,1024.08,0
02/09/2010,Winter,18.52,63.94,1.63,1001.77,0
02/10/2010,Winter,21.91,72.6,7.29,991.67,1
02/11/2010,Winter,19.77,65.33,3.01,1030.36,0
02/12/2010,Winter,23.16,58.38,2.42,1026.54,0
02/13/2010,Winter,22.48,62.4,9.96,1013.16,0
02/14/2010,Winter,21.18,64.11,4.25,981.94,0
02/15/2010,Winter,21.9,73.45,5.41,989.21,0
02/16/2010,Winter,22.58,65.94,3.98,999.13,0
02/17/2010,Winter,21.78,57.04,1.61,1031.18,0
02/18/2010,Winter,22.33,66.0,5.73,1009.66,1
02/19/2010,Winter,19.41,62.32,1.86,1032.54,0
02/20/2010,Winter,24.03,67.16,8.31,1016.84,0
02/21/2010,Winter,25.41,58.03,1.09,1027.1,0
02/22/2010,Winter,26.16,75.42,6.88,1024.95,0
02/23/2010,Winter,22.87,66.67,9.29,1034.88,1
02/24/2010,Winter,21.42,59.9,6.23,1015.69,1
02/25/2010,Winter,23.8,66.3,7.32,1010.08,0
02/26/2010,Winter,24.1,60.13,6.42,983.79,0
02/27/2010,Winter,24.72,83.86,2.5,994.21,0
02/28/2010,Winter,25.79,64.0,2.31,1003.81,0
03/01/2010,Summer,24.29,76.28,7.56,1020.2,0
03/02/2010,Summer,26.52,72.63,4.94,981.91,0
03/03/2010,Summer,27.1,70.33,8.2,1034.79,1
03/04/2010,Summer,23.4,68.22,2.34,1021.31,0
03/05/2010,Summer,23.61,67.92,3.06,981.43,0
03/06/2010,Summer,24.51,59.18,3.06,1015.04,0
03/07/2010,Summer,26.16,68.93,2.81,1025.78,1
03/08/2010,Summer,22.82,75.29,5.45,981.71,0
03/09/2010,Summer,28.7,63.05,4.78,1005.49,0
03/10/2010,Summer,23.41,58.9,5.38,1028.63,0
03/11/2010,Summer,25.66,77.2,7.32,1034.9,1
03/12/2010,Summer,22.28,62.9,2.98,987.53,1
03/13/2010,Summer,24.73,53.29,6.39,997.43,0
03/14/2010,Summer,24.87,53.91,3.8,1015.37,1
03/15/2010,Summer,21.9,68.31,4.78,1014.17,0
03/16/2010,Summer,26.59,56.7,9.75,989.59,0
03/17/2010,Summer,25.19,57.16,8.41,980.65,0
03/18/2010,Summer,25.26,57.18,7.77,1032.68,0
03/19/2010,Summer,25.24,57.99,8.67,1000.04,0
03/20/2010,Summer,24.51,65.87,6.41,992.49,0
03/21/2010,Summer,27.05,53.47,5.62,1006.52,0
03/22/2010,Summer,30.27,77.23,5.19,1009.2,0
03/23/2010,Summer,27.37,65.8,8.77,1005.14,1
03/24/2010,Summer,30.04,69.13,6.95,995.57,0
03/25/2010,Summer,22.58,51.08,4.15,1033.83,0
03/26/2010,Summer,22.83,77.05,2.97,992.49,1
03/27/2010,Summer,26.75,71.73,9.91,1022.46,0
03/28/2010,Summer,28.28,64.34,6.23,989.79,0
03/29/2010,Summer,28.57,66.99,4.41,1018.61,0
03/30/2010,Summer,26.7,74.05,7.32,1020.54,0
03/31/2010,Summer,25.2,65.04,8.84,1014.56,0
04/01/2010,Summer,28.59,93.58,7.7,990.62,0
04/02/2010,Summer,29.82,56.97,5.16,1025.66,1
04/03/2010,Summer,23.52,74.66,4.62,983.12,0
04/04/2010,Summer,27.16,62.52,8.67,980.09,0
04/05/2010,Summer,29.92,62.88,3.56,997.84,0
04/06/2010,Summer,33.16,71.52,9.56,1006.97,0
04/07/2010,Summer,28.93,62.02,8.76,998.47,0
04/08/2010,Summer,26.23,70.45,7.81,982.21,0
04/09/2010,Summer,25.17,70.73,5.93,1021.35,0
04/10/2010,Summer,33.06,55.28,3.18,1009.75,0
04/11/2010,Summer,29.34,60.69,4.51,1014.26,1
04/12/2010,Summer,29.37,67.77,2.7,986.64,0
04/13/2010,Summer,27.97,61.7,7.3,1003.2,0
04/14/2010,Summer,29.84,71.06,9.48,980.11,0
04/15/2010,Summer,27.88,78.32,8.55,1004.62,1
04/16/2010,Summer,29.87,68.81,3.66,1006.19,0
04/17/2010,Summer,30.82,66.5,7.76,1026.4,0
04/18/2010,Summer,30.58,57.17,2.56,1029.26,0
04/19/2010,Summer,30.58,75.7,9.87,997.19,0
04/20/2010,Summer,31.12,58.63,9.89,1001.74,0
04/21/2010,Summer,30.43,55.57,4.3,1005.42,1
04/22/2010,Summer,28.66,73.65,4.99,1008.77,0
04/23/2010,Summer,29.07,52.07,1.94,990.98,0
04/24/2010,Summer,31.85,61.95,2.21,1022.55,0
04/25/2010,Summer,28.67,51.99,6.15,984.41,1
04/26/2010,Summer,31.67,73.63,7.75,994.64,0
04/27/2010,Summer,34.07,64.6,6.13,994.19,0
04/28/2010,Summer,31.05,54.74,3.19,989.91,0
04/29/2010,Summer,31.24,83.27,3.29,1006.54,1
04/30/2010,Summer,31.33,65.89,5.38,1009.78,1
05/01/2010,Summer,29.36,70.04,4.04,993.1,0
05/02/2010,Summer,30.06,63.89,5.34,1031.67,0
05/03/2010,Summer,28.9,59.77,4.29,990.06,0
05/04/2010,Summer,32.14,88.42,8.44,1024.94,0
05/05/2010,Summer,32.88,64.16,2.41,1017.88,0
05/06/2010,Summer,33.39,67.96,1.48,1011.28,1
05/07/2010,Summer,30.25,41.42,8.73,1007.0,0
05/08/2010,Summer,33.65,52.06,5.32,1025.39,0
05/09/2010,Summer,32.45,77.26,6.65,1026.63,0
05/10/2010,Summer,31.54,60.14,5.46,993.9,0
05/11/2010,Summer,33.61,64.48,1.74,996.42,0
05/12/2010,Summer,27.55,68.37,4.02,984.75,0
05/13/2010,Summer,33.94,58.66,7.13,1030.96,1
05/14/2010,Summer,32.12,83.7,7.0,1030.22,0
05/15/2010,Summer,32.11,65.45,3.71,989.63,0
05/16/2010,Summer,33.79,65.43,1.25,1028.79,0
05/17/2010,Summer,30.67,64.49,2.64,982.47,0
05/18/2010,Summer,35.41,59.94,2.54,983.44,0
05/19/2010,Summer,33.67,65.14,8.72,984.07,0
05/20/2010,Summer,32.89,47.96,9.17,1014.12,0
05/21/2010,Summer,32.07,82.76,5.23,991.77,0
05/22/2010,Summer,30.62,74.56,9.66,1002.72,0
05/23/2010,Summer,31.37,63.04,1.23,997.75,0
05/24/2010,Summer,37.67,72.86,3.98,1030.36,0
05/25/2010,Summer,31.34,56.96,2.57,999.66,1
05/26/2010,Summer,32.42,72.08,5.49,988.04,0
05/27/2010,Summer,34.25,55.69,9.26,1003.66,0
05/28/2010,Summer,36.4,73.3,3.78,995.93,0
05/29/2010,Summer,32.58,53.26,4.48,1018.21,0
05/30/2010,Summer,33.22,68.51,3.36,986.7,0
05/31/2010,Summer,35.54,72.56,9.47,1000.79,0
06/01/2010,Monsoon,31.3,45.57,6.37,985.06,1
06/02/2010,Monsoon,34.3,70.66,5.43,1014.41,1
06/03/2010,Monsoon,35.94,62.4,6.75,985.2,0
06/04/2010,Monsoon,33.89,73.44,8.77,997.1,1
06/05/2010,Monsoon,30.68,74.58,5.12,1025.89,1
06/06/2010,Monsoon,29.14,62.95,6.56,997.48,1
06/07/2010,Monsoon,33.15,54.43,11.88,981.4,1
06/08/2010,Monsoon,34.69,74.57,5.55,1007.65,1
06/09/2010,Monsoon,32.87,70.38,6.36,997.92,0
06/10/2010,Monsoon,33.77,82.77,8.26,1013.85,1
06/11/2010,Monsoon,31.2,47.88,12.95,998.49,0
06/12/2010,Monsoon,33.96,70.37,9.5,1028.4,1
06/13/2010,Monsoon,32.0,70.35,14.31,1026.72,1
06/14/2010,Monsoon,34.58,65.11,9.51,988.9,1
06/15/2010,Monsoon,34.17,75.32,8.65,1005.38,0
06/16/2010,Monsoon,39.01,52.01,14.29,1017.13,1
06/17/2010,Monsoon,31.45,65.79,12.39,999.2,1
06/18/2010,Monsoon,36.33,69.52,13.37,1018.61,1
06/19/2010,Monsoon,34.69,66.1,14.86,1034.46,1
06/20/2010,Monsoon,35.3,62.76,6.38,1023.08,1
06/21/2010,Monsoon,35.04,69.07,7.35,1008.17,1
06/22/2010,Monsoon,32.2,51.2,14.03,1021.07,1
06/23/2010,Monsoon,29.69,51.35,10.5,984.51,0
06/24/2010,Monsoon,31.59,66.71,9.89,1030.09,0
06/25/2010,Monsoon,32.77,53.03,12.69,981.3,1
06/26/2010,Monsoon,32.71,40.81,6.04,1006.21,1
06/27/2010,Monsoon,28.71,58.11,7.86,1018.46,0
06/28/2010,Monsoon,35.81,81.31,11.23,1021.0,0
06/29/2010,Monsoon,33.01,74.34,10.33,1023.35,0
06/30/2010,Monsoon,35.69,72.76,14.58,990.62,1
07/01/2010,Monsoon,33.21,78.36,13.82,990.27,1
07/02/2010,Monsoon,34.68,49.92,10.66,1005.56,0
07/03/2010,Monsoon,31.72,56.0,14.88,1026.7,1
07/04/2010,Monsoon,35.94,63.18,14.49,998.46,0
07/05/2010,Monsoon,33.36,57.35,7.19,1002.86,1
07/06/2010,Monsoon,30.46,71.99,6.09,1002.87,1
07/07/2010,Monsoon,33.77,64.55,5.58,1015.73,1
07/08/2010,Monsoon,32.46,60.62,5.15,1009.7,1
07/09/2010,Monsoon,34.01,61.02,10.77,1021.75,1
07/10/2010,Monsoon,32.26,60.48,10.01,987.2,0
07/11/2010,Monsoon,37.08,65.78,7.05,997.12,1
07/12/2010,Monsoon,34.47,68.55,14.63,1001.54,1
07/13/2010,Monsoon,32.84,58.34,5.15,986.94,0
07/14/2010,Monsoon,31.99,49.16,12.79,998.35,1
07/15/2010,Monsoon,31.73,85.74,11.17,1022.8,1
07/16/2010,Monsoon,30.08,49.7,10.1,998.01,0
07/17/2010,Monsoon,36.98,70.81,7.77,1027.92,1
07/18/2010,Monsoon,32.87,56.58,8.74,996.12,1
07/19/2010,Monsoon,36.46,66.85,8.96,1015.72,1
07/20/2010,Monsoon,33.57,75.01,7.0,1006.61,1
07/21/2010,Monsoon,33.98,57.65,7.26,1026.95,1
07/22/2010,Monsoon,34.74,58.69,8.35,1028.46,1
07/23/2010,Monsoon,31.25,48.31,10.81,986.24,0
07/24/2010,Monsoon,37.08,70.22,8.2,1027.46,1
07/25/2010,Monsoon,33.67,45.44,5.04,1010.18,0
07/26/2010,Monsoon,33.36,63.19,10.97,1020.32,0
07/27/2010,Monsoon,33.26,54.95,11.78,1017.58,0
07/28/2010,Monsoon,31.43,70.46,8.22,994.06,1
07/29/2010,Monsoon,30.19,67.85,6.4,980.25,1
07/30/2010,Monsoon,28.25,74.89,12.96,1013.15,1
07/31/2010,Monsoon,30.88,54.18,6.72,1025.55,0
08/01/2010,Monsoon,34.77,82.33,11.63,1021.91,1
08/02/2010,Monsoon,29.18,56.24,7.95,1030.34,0
08/03/2010,Monsoon,33.53,62.03,12.6,1004.04,0
08/04/2010,Monsoon,27.18,59.25,14.09,1002.75,1
08/05/2010,Monsoon,31.17,74.27,14.65,1027.76,1
08/06/2010,Monsoon,31.6,40.0,13.39,1001.02,1
08/07/2010,Monsoon,30.61,71.35,5.56,1027.39,1
08/08/2010,Monsoon,31.36,68.96,14.47,1028.06,0
08/09/2010,Monsoon,28.31,64.48,5.13,999.64,1
08/10/2010,Monsoon,29.72,67.56,13.18,1033.41,1
08/11/2010,Monsoon,30.96,63.11,9.91,1027.51,1
08/12/2010,Monsoon,29.92,68.02,6.12,1014.32,0
08/13/2010,Monsoon,32.85,56.11,13.27,1004.44,1
08/14/2010,Monsoon,30.47,69.44,11.04,1019.83,0
08/15/2010,Monsoon,31.32,65.62,5.76,996.47,0
08/16/2010,Monsoon,29.64,71.36,8.56,1024.19,0
08/17/2010,Monsoon,30.96,58.84,13.54,1018.81,1
08/18/2010,Monsoon,30.66,66.29,9.7,984.79,1
08/19/2010,Monsoon,28.88,54.64,7.89,1025.94,1
08/20/2010,Monsoon,28.4,73.49,6.29,1008.0,1
08/21/2010,Monsoon,26.92,55.97,8.8,1032.79,1
08/22/2010,Monsoon,27.88,50.97,13.75,984.65,0
08/23/2010,Monsoon,28.28,73.45,10.01,1016.7,0
08/24/2010,Monsoon,27.43,63.9,7.48,1033.5,1
08/25/2010,Monsoon,27.96,57.64,9.84,1030.89,1
08/26/2010,Monsoon,30.55,71.6,7.58,1009.07,1
08/27/2010,Monsoon,30.52,65.83,12.07,996.25,0
08/28/2010,Monsoon,30.35,51.73,6.56,1005.81,1
08/29/2010,Monsoon,28.93,55.89,9.12,981.4,1
08/30/2010,Monsoon,26.31,63.32,5.84,980.47,1
08/31/2010,Monsoon,28.1,62.28,8.24,997.11,1
09/01/2010,Monsoon,28.96,82.38,8.69,1017.05,1
09/02/2010,Monsoon,30.79,47.13,12.69,1019.82,1
09/03/2010,Monsoon,29.73,63.95,14.93,1011.38,1
09/04/2010,Monsoon,28.0,62.18,6.7,984.23,1
09/05/2010,Monsoon,33.09,58.35,13.04,1006.24,0
09/06/2010,Monsoon,27.48,57.98,12.63,984.91,1
09/07/2010,Monsoon,27.31,47.37,11.48,994.74,0
09/08/2010,Monsoon,29.94,67.32,7.15,1021.22,0
09/09/2010,Monsoon,29.53,66.6,14.23,997.92,0
09/10/2010,Monsoon,28.0,75.65,7.05,989.95,0
09/11/2010,Monsoon,28.91,72.22,6.93,989.67,1
09/12/2010,Monsoon,24.66,48.55,5.48,1009.03,1
09/13/2010,Monsoon,28.62,84.1,9.47,981.97,1
09/14/2010,Monsoon,23.55,49.35,8.41,984.16,1
09/15/2010,Monsoon,26.41,62.04,5.29,985.61,1
09/16/2010,Monsoon,28.46,42.53,8.08,1033.06,0
09/17/2010,Monsoon,27.91,69.6,7.11,1033.96,1
09/18/2010,Monsoon,25.68,68.94,5.14,984.87,1
09/19/2010,Monsoon,26.83,61.66,7.58,1001.87,1
09/20/2010,Monsoon,23.51,65.8,10.28,1024.73,1
09/21/2010,Monsoon,25.27,49.23,11.24,1032.35,0
09/22/2010,Monsoon,22.46,45.86,12.1,1009.2,1
09/23/2010,Monsoon,28.27,46.74,11.74,993.44,1
09/24/2010,Monsoon,24.56,63.7,7.25,1006.79,1
09/25/2010,Monsoon,21.89,80.9,6.67,988.75,1
09/26/2010,Monsoon,24.72,61.83,14.36,1021.44,0
09/27/2010,Monsoon,24.44,73.68,5.41,983.17,0
09/28/2010,Monsoon,24.24,86.45,8.42,988.61,1
09/29/2010,Monsoon,26.87,57.78,13.09,1021.31,0
09/30/2010,Monsoon,23.98,52.1,7.66,1015.76,1
10/01/2010,Autumn,26.59,80.12,3.92,1010.64,0
10/02/2010,Autumn,23.24,58.15,2.01,1022.86,0
10/03/2010,Autumn,23.36,61.57,9.03,1030.48,0
10/04/2010,Autumn,23.45,56.92,8.63,989.44,0
10/05/2010,Autumn,23.15,58.98,7.37,1022.12,0
10/06/2010,Autumn,22.86,57.3,5.58,1000.25,0
10/07/2010,Autumn,26.44,59.55,6.05,991.58,0
10/08/2010,Autumn,23.72,56.09,5.92,1008.92,0
10/09/2010,Autumn,24.03,70.4,1.68,1004.98,0
10/10/2010,Autumn,21.87,62.82,1.52,1016.76,1
10/11/2010,Autumn,18.28,80.72,3.51,1002.06,0
10/12/2010,Autumn,22.05,81.68,2.19,994.07,1
10/13/2010,Autumn,24.39,86.79,10.0,1015.04,0
10/14/2010,Autumn,20.32,60.09,3.62,990.68,0
10/15/2010,Autumn,21.02,57.99,9.82,980.91,0
10/16/2010,Autumn,26.46,63.95,6.79,981.23,1
10/17/2010,Autumn,25.38,71.4,4.63,1020.76,0
10/18/2010,Autumn,22.97,66.66,6.93,1001.0,0
10/19/2010,Autumn,21.98,59.28,3.87,996.09,0
10/20/2010,Autumn,21.43,47.31,1.21,980.01,1
10/21/2010,Autumn,23.27,57.98,3.78,987.03,0
10/22/2010,Autumn,22.22,65.03,1.46,988.89,0
10/23/2010,Autumn,16.07,61.43,4.86,1010.83,0
10/24/2010,Autumn,22.09,54.51,7.39,1034.61,0
10/25/2010,Autumn,24.93,60.59,1.99,982.65,1
10/26/2010,Autumn,21.19,59.05,1.2,991.54,0
10/27/2010,Autumn,22.35,63.18,8.91,1003.69,0
10/28/2010,Autumn,21.6,61.86,3.6,990.0,0
10/29/2010,Autumn,21.44,55.41,4.28,1016.66,0
10/30/2010,Autumn,18.81,48.08,5.36,989.87,1
10/31/2010,Autumn,21.65,63.25,5.16,1018.53,0
11/01/2010,Autumn,19.59,59.15,9.29,998.31,0
11/02/2010,Autumn,19.21,61.19,2.35,988.29,1
11/03/2010,Autumn,22.68,66.9,9.73,998.56,0
11/04/2010,Autumn,18.83,63.19,6.05,995.75,0
11/05/2010,Autumn,22.11,68.84,5.33,1010.32,0
11/06/2010,Autumn,20.55,63.04,8.68,1010.76,0
11/07/2010,Autumn,19.99,67.01,3.62,1028.8,1
11/08/2010,Autumn,18.5,57.55,1.01,1025.58,0
11/09/2010,Autumn,17.63,45.21,5.86,1033.95,1
11/10/2010,Autumn,19.74,65.53,9.32,987.89,0
11/11/2010,Autumn,22.72,59.63,1.64,1011.57,0
11/12/2010,Autumn,21.37,65.87,3.29,992.66,0
11/13/2010,Autumn,19.16,67.27,4.07,1011.04,0
11/14/2010,Autumn,15.91,66.15,8.61,992.91,0
11/15/2010,Autumn,17.53,85.28,1.49,1008.11,0
11/16/2010,Autumn,21.16,68.48,9.27,1023.73,1
11/17/2010,Autumn,16.23,70.12,5.75,987.58,0
11/18/2010,Autumn,19.08,75.56,7.19,1030.43,0
11/19/2010,Autumn,18.4,57.55,9.61,1014.91,1
11/20/2010,Autumn,17.9,83.43,6.91,999.63,0
11/21/2010,Autumn,19.55,51.19,3.32,1002.67,0
11/22/2010,Autumn,22.61,63.61,3.06,1034.54,0
11/23/2010,Autumn,19.3,75.0,9.74,1034.3,0
11/24/2010,Autumn,18.57,68.48,6.27,1028.53,0
11/25/2010,Autumn,18.33,54.66,9.73,1009.31,0
11/26/2010,Autumn,18.21,63.91,8.86,1014.56,0
11/27/2010,Autumn,18.22,66.88,2.99,1022.29,1
11/28/2010,Autumn,16.33,61.79,7.29,981.18,0
11/29/2010,Autumn,19.49,86.31,1.89,1026.69,0
11/30/2010,Autumn,16.61,60.21,1.28,993.84,0
12/01/2010,Winter,17.41,52.93,9.22,998.0,1
12/02/2010,Winter,23.07,64.37,6.3,1027.52,0
12/03/2010,Winter,16.39,81.65,4.0,1016.63,0
12/04/2010,Winter,18.47,93.65,5.8,985.58,0
12/05/2010,Winter,15.19,69.5,2.08,987.91,0
12/06/2010,Winter,16.33,69.41,1.07,1005.47,0
12/07/2010,Winter,19.85,75.77,5.43,1013.18,1
12/08/2010,Winter,16.06,60.24,6.91,1015.41,1
12/09/2010,Winter,14.95,73.19,9.82,1001.23,1
12/10/2010,Winter,17.39,61.22,7.97,1003.55,0
12/11/2010,Winter,17.49,58.81,3.7,1032.69,0
12/12/2010,Winter,19.83,73.27,6.71,987.95,1
12/13/2010,Winter,19.87,64.79,8.65,1013.72,0
12/14/2010,Winter,17.57,58.48,4.82,1027.56,0
12/15/2010,Winter,19.92,62.41,1.85,989.89,0
12/16/2010,Winter,20.26,67.1,4.92,1030.18,1
12/17/2010,Winter,19.54,60.55,3.96,1027.92,0
12/18/2010,Winter,16.84,61.48,9.46,999.24,0
12/19/2010,Winter,16.36,51.88,4.37,1017.8,0
12/20/2010,Winter,17.31,70.67,5.98,1015.51,0
12/21/2010,Winter,21.32,78.56,7.3,982.03,0
12/22/2010,Winter,19.88,68.9,9.24,1028.02,0
12/23/2010,Winter,17.92,75.62,6.03,1005.63,1
12/24/2010,Winter,18.59,62.31,7.36,991.47,1
12/25/2010,Winter,14.3,71.47,7.29,998.96,0
12/26/2010,Winter,18.81,70.4,3.2,997.83,0
12/27/2010,Winter,19.8,47.65,1.38,1034.23,0
12/28/2010,Winter,18.48,58.16,6.33,989.59,1
12/29/2010,Winter,18.38,61.33,2.01,992.06,1
12/30/2010,Winter,18.03,75.63,6.58,1006.5,1
12/31/2010,Winter,16.89,69.8,6.69,999.86,1
01/01/2011,Winter,18.16,74.04,8.18,996.16,0
01/02/2011,Winter,19.48,66.92,3.54,984.94,0
01/03/2011,Winter,17.92,59.75,8.1,1013.81,1
01/04/2011,Winter,20.05,44.69,7.09,993.38,1
01/05/2011,Winter,17.52,84.28,8.02,1026.43,0
01/06/2011,Winter,21.06,78.02,7.36,985.78,0
01/07/2011,Winter,19.38,72.52,8.27,992.44,0
01/08/2011,Winter,17.96,61.02,3.54,1025.53,1
01/09/2011,Winter,18.57,72.09,3.52,1005.17,0
01/10/2011,Winter,19.85,65.32,5.74,1008.56,0
01/11/2011,Winter,19.77,69.72,1.53,1016.13,0
01/12/2011,Winter,13.74,73.47,6.64,1006.35,1
01/13/2011,Winter,15.06,62.94,2.66,1023.44,1
01/14/2011,Winter,22.85,64.47,5.86,1004.8,0
01/15/2011,Winter,18.13,69.43,4.49,1004.38,0
01/16/2011,Winter,20.82,77.52,7.82,992.85,0
01/17/2011,Winter,17.22,49.96,6.78,1001.01,0
01/18/2011,Winter,19.26,71.08,1.74,985.12,0
01/19/2011,Winter,17.56,66.64,5.46,1016.44,1
01/20/2011,Winter,19.3,69.79,2.26,1027.11,0
01/21/2011,Winter,19.3,78.63,9.28,1031.68,1
01/22/2011,Winter,18.19,58.45,7.13,1029.97,0
01/23/2011,Winter,19.15,56.62,3.41,995.81,0
01/24/2011,Winter,19.95,67.6,3.34,1012.6,0
01/25/2011,Winter,19.3,63.19,3.72,998.37,1
01/26/2011,Winter,16.8,63.14,4.3,1006.7,0
01/27/2011,Winter,18.7,48.11,4.07,999.92,0
01/28/2011,Winter,17.87,78.07,3.72,981.07,0
01/29/2011,Winter,21.42,75.52,9.56,1033.99,0
01/30/2011,Winter,19.49,46.23,4.39,987.63,0
01/31/2011,Winter,18.66,54.75,4.75,1025.88,1
02/01/2011,Winter,21.85,73.35,6.5,998.23,0
02/02/2011,Winter,22.12,62.63,9.9,1030.92,0
02/03/2011,Winter,19.24,50.36,7.64,992.73,1
02/04/2011,Winter,21.08,51.93,5.55,995.61,0
02/05/2011,Winter,17.03,74.17,5.48,1017.66,0
02/06/2011,Winter,21.43,43.1,7.54,990.96,0
02/07/2011,Winter,19.68,73.02,9.65,1023.77,0
02/08/2011,Winter,18.69,65.87,3.16,997.47,0
02/09/2011,Winter,18.14,73.52,5.86,1005.88,1
02/10/2011,Winter,22.73,68.9,4.41,984.55,0
02/11/2011,Winter,18.37,49.78,2.12,987.35,1
02/12/2011,Winter,21.47,61.04,5.93,1026.12,1
02/13/2011,Winter,18.28,80.89,3.15,1018.8,0
02/14/2011,Winter,22.72,58.78,4.21,1034.72,0
02/15/2011,Winter,18.55,63.3,2.16,1031.35,0
02/16/2011,Winter,23.23,61.98,4.73,998.58,0
02/17/2011,Winter,21.59,68.19,9.62,1013.58,0
02/18/2011,Winter,22.8,65.43,8.64,1027.75,0
02/19/2011,Winter,17.94,80.69,6.12,997.52,0
02/20/2011,Winter,22.2,64.53,1.33,990.48,1
02/21/2011,Winter,20.3,59.08,8.27,999.98,1
02/22/2011,Winter,20.38,57.79,7.57,1010.26,0
02/23/2011,Winter,22.48,62.81,6.06,1011.85,0
02/24/2011,Winter,22.4,60.64,4.2,986.13,0
02/25/2011,Winter,22.56,64.14,2.86,1025.88,0
02/26/2011,Winter,21.62,69.37,5.22,1025.29,0
02/27/2011,Winter,27.58,51.67,2.03,1020.57,0
02/28/2011,Winter,23.1,49.87,3.03,1027.24,0
03/01/2011,Summer,20.07,78.61,9.21,996.83,0
03/02/2011,Summer,22.24,57.81,7.88,992.09,0
03/03/2011,Summer,25.27,66.74,6.24,999.34,0
03/04/2011,Summer,22.77,67.84,2.07,994.84,0
03/05/2011,Summer,19.21,64.09,5.63,1000.75,1
03/06/2011,Summer,23.12,69.24,9.91,998.66,0
03/07/2011,Summer,26.65,56.12,4.9,982.74,0
03/08/2011,Summer,23.77,63.55,5.58,1005.49,1
03/09/2011,Summer,19.69,48.49,3.34,992.03,0
03/10/2011,Summer,21.76,71.84,3.24,1034.04,0
03/11/2011,Summer,23.79,56.77,3.89,996.13,0
03/12/2011,Summer,20.95,57.55,3.84,1012.04,0
03/13/2011,Summer,23.7,69.31,2.74,1012.48,0
03/14/2011,Summer,22.72,66.99,7.53,995.03,1
03/15/2011,Summer,27.19,59.6,9.68,1005.06,1
03/16/2011,Summer,26.01,71.96,1.91,984.69,1
03/17/2011,Summer,24.74,67.98,4.43,1025.5,0
03/18/2011,Summer,27.65,57.3,7.8,1029.33,0
03/19/2011,Summer,30.08,62.67,4.08,981.62,1
03/20/2011,Summer,24.95,63.89,4.17,1018.56,0
03/21/2011,Summer,25.85,59.06,4.91,1026.13,0
03/22/2011,Summer,28.04,67.61,7.6,1008.21,0
03/23/2011,Summer,27.78,59.37,4.42,1025.2,0
03/24/2011,Summer,25.57,64.25,5.36,980.6,0
03/25/2011,Summer,28.15,77.49,7.1,1019.02,0
03/26/2011,Summer,28.47,59.64,7.31,1006.81,1
03/27/2011,Summer,28.82,71.02,8.57,1028.74,0
03/28/2011,Summer,28.55,72.99,9.61,991.69,1
03/29/2011,Summer,24.9,63.94,9.67,1028.13,0
03/30/2011,Summer,27.92,70.48,9.25,1025.91,1
03/31/2011,Summer,30.42,76.79,2.89,990.24,0
04/01/2011,Summer,28.5,67.69,5.85,1010.94,0
04/02/2011,Summer,30.78,57.29,8.13,1013.93,0
04/03/2011,Summer,26.25,69.03,8.25,995.23,0
04/04/2011,Summer,27.05,66.71,5.54,1019.21,1
04/05/2011,Summer,26.85,59.62,8.06,992.31,0
04/06/2011,Summer,27.1,78.86,7.97,1034.45,1
04/07/2011,Summer,31.03,56.42,2.46,984.47,0
04/08/2011,Summer,28.19,59.58,1.81,997.01,0
04/09/2011,Summer,27.36,58.97,1.49,993.08,1
04/10/2011,Summer,29.9,69.33,4.75,1003.82,1
04/11/2011,Summer,29.51,74.21,9.5,982.45,0
04/12/2011,Summer,25.55,69.18,2.83,1031.9,0
04/13/2011,Summer,26.44,56.75,4.38,1002.67,0
04/14/2011,Summer,30.0,70.56,1.53,1002.84,1
04/15/2011,Summer,30.07,73.01,5.3,1027.71,0
04/16/2011,Summer,30.74,74.88,6.27,1007.52,0
04/17/2011,Summer,28.22,65.34,8.52,981.82,0
04/18/2011,Summer,30.22,53.06,9.76,1018.68,0
04/19/2011,Summer,33.65,73.97,7.25,987.89,0
04/20/2011,Summer,32.12,62.23,7.84,987.97,0
04/21/2011,Summer,26.18,73.68,1.78,1030.35,0
04/22/2011,Summer,30.45,79.21,9.24,1006.14,0
04/23/2011,Summer,28.93,77.02,6.46,1028.88,0
04/24/2011,Summer,28.18,76.7,7.66,999.69,0
04/25/2011,Summer,29.93,56.97,9.93,1031.12,0
04/26/2011,Summer,32.41,66.58,8.64,1021.31,0
04/27/2011,Summer,30.06,58.36,2.37,1009.79,0
04/28/2011,Summer,31.48,54.98,9.52,989.85,0
04/29/2011,Summer,31.04,56.66,6.01,1017.56,1
04/30/2011,Summer,32.18,63.41,1.56,1031.31,0
05/01/2011,Summer,31.03,78.8,7.72,987.82,0
05/02/2011,Summer,30.41,62.75,8.54,1008.32,0
05/03/2011,Summer,33.62,49.01,6.98,1021.78,0
05/04/2011,Summer,27.17,77.32,8.45,983.15,0
05/05/2011,Summer,32.84,68.62,7.3,1008.05,0
05/06/2011,Summer,31.67,77.48,4.06,997.3,1
05/07/2011,Summer,29.43,59.37,7.7,1027.57,0
05/08/2011,Summer,31.65,81.67,5.47,986.3,1
05/09/2011,Summer,33.9,71.11,4.2,985.38,0
05/10/2011,Summer,30.21,71.68,5.51,1007.85,0
05/11/2011,Summer,32.38,76.28,5.9,990.79,0
05/12/2011,Summer,30.64,68.41,8.61,998.7,0
05/13/2011,Summer,34.29,67.11,6.71,1010.55,1
05/14/2011,Summer,32.14,58.41,3.47,1026.96,0
05/15/2011,Summer,31.37,58.45,3.27,1025.01,0
05/16/2011,Summer,34.46,62.86,9.9,1008.97,0
05/17/2011,Summer,33.06,65.26,3.72,1020.46,1
05/18/2011,Summer,32.41,63.29,2.37,996.14,0
05/19/2011,Summer,31.89,74.6,8.75,1011.25,0
05/20/2011,Summer,31.31,68.98,9.54,1007.42,0
05/21/2011,Summer,31.81,81.2,8.9,1001.61,0
05/22/2011,Summer,35.1,43.74,6.28,1004.59,0
05/23/2011,Summer,29.31,46.33,8.46,982.67,0
05/24/2011,Summer,33.63,73.87,6.44,995.7,0
05/25/2011,Summer,35.46,58.31,1.64,1026.73,0
05/26/2011,Summer,30.89,76.23,4.29,982.13,0
05/27/2011,Summer,31.91,67.66,7.67,1034.59,1
05/28/2011,Summer,33.79,83.97,5.22,1004.9,0
05/29/2011,Summer,34.75,67.64,2.14,986.06,0
05/30/2011,Summer,31.77,51.47,1.05,1012.02,0
05/31/2011,Summer,34.46,46.67,3.29,993.8,0
06/01/2011,Monsoon,34.18,58.53,6.45,1005.27,1
06/02/2011,Monsoon,35.69,46.47,6.86,1000.92,0
06/03/2011,Monsoon,36.6,70.71,6.53,983.67,1
06/04/2011,Monsoon,35.02,59.62,14.93,1005.81,1
06/05/2011,Monsoon,39.13,65.78,13.2,994.94,1
06/06/2011,Monsoon,33.95,56.69,9.88,986.13,1
06/07/2011,Monsoon,30.93,66.69,14.4,1027.24,1
06/08/2011,Monsoon,35.47,54.53,10.28,1018.98,0
06/09/2011,Monsoon,31.1,52.93,10.53,1007.33,1
06/10/2011,Monsoon,24.84,66.83,11.46,981.16,1
06/11/2011,Monsoon,33.57,74.95,9.47,1011.11,1
06/12/2011,Monsoon,36.79,52.56,9.44,1034.06,0
06/13/2011,Monsoon,34.19,74.7,11.12,1029.94,1
06/14/2011,Monsoon,34.32,58.08,12.47,995.85,1
06/15/2011,Monsoon,34.07,77.97,6.37,982.66,1
06/16/2011,Monsoon,36.15,62.39,5.37,1022.22,1
06/17/2011,Monsoon,35.15,56.79,8.31,1021.36,0
06/18/2011,Monsoon,32.8,68.11,6.69,997.17,1
06/19/2011,Monsoon,31.91,51.99,7.79,989.13,1
06/20/2011,Monsoon,33.72,64.74,5.71,988.35,1
06/21/2011,Monsoon,33.07,57.21,6.67,982.13,1
06/22/2011,Monsoon,39.83,53.25,5.28,1030.16,1
06/23/2011,Monsoon,33.43,75.33,11.86,1010.29,1
06/24/2011,Monsoon,36.47,66.83,5.07,1024.7,1
06/25/2011,Monsoon,36.38,75.79,9.99,1031.43,1
06/26/2011,Monsoon,31.15,58.65,13.31,1026.61,1
06/27/2011,Monsoon,29.99,60.22,9.57,1012.64,1
06/28/2011,Monsoon,33.74,63.83,12.21,1005.39,1
06/29/2011,Monsoon,33.19,68.45,9.54,990.14,1
06/30/2011,Monsoon,33.57,63.3,5.78,1001.25,1
07/01/2011,Monsoon,34.13,65.27,7.56,1017.8,1
07/02/2011,Monsoon,33.91,64.4,7.86,984.04,0
07/03/2011,Monsoon,33.96,69.07,10.62,1005.06,1
07/04/2011,Monsoon,33.15,70.86,12.81,1017.28,1
07/05/2011,Monsoon,35.47,51.64,11.84,1033.68,1
07/06/2011,Monsoon,34.11,76.62,6.56,1021.76,0
07/07/2011,Monsoon,33.1,82.88,8.6,984.5,1
07/08/2011,Monsoon,32.28,59.03,8.92,982.17,0
07/09/2011,Monsoon,34.18,58.07,7.34,988.92,1
07/10/2011,Monsoon,30.98,87.1,14.01,984.51,0
07/11/2011,Monsoon,27.9,71.01,5.38,1020.4,1
07/12/2011,Monsoon,32.76,56.59,12.33,1015.88,0
07/13/2011,Monsoon,30.93,76.66,11.23,1027.01,1
07/14/2011,Monsoon,34.84,52.66,7.3,1034.11,1
07/15/2011,Monsoon,34.68,64.99,6.42,1018.85,1
07/16/2011,Monsoon,33.49,76.76,12.97,1001.32,0
07/17/2011,Monsoon,35.7,66.11,13.13,1001.38,0
07/18/2011,Monsoon,33.77,70.53,8.16,1010.77,1
07/19/2011,Monsoon,35.4,67.6,13.09,988.81,1
07/20/2011,Monsoon,33.01,80.51,6.02,1027.43,0
07/21/2011,Monsoon,34.28,54.74,12.51,1025.21,1
07/22/2011,Monsoon,31.57,83.15,6.01,986.34,0
07/23/2011,Monsoon,33.01,67.76,14.88,1007.55,1
07/24/2011,Monsoon,32.02,77.67,7.61,1025.24,1
07/25/2011,Monsoon,30.87,53.57,13.26,1033.46,1
07/26/2011,Monsoon,33.15,69.19,9.28,1013.91,1
07/27/2011,Monsoon,29.07,91.52,10.15,998.31,1
07/28/2011,Monsoon,32.51,79.46,13.86,985.85,1
07/29/2011,Monsoon,34.38,58.67,13.02,992.0,1
07/30/2011,Monsoon,33.6,63.92,14.71,1022.13,1
07/31/2011,Monsoon,33.85,58.95,5.12,995.53,1
08/01/2011,Monsoon,30.26,57.7,8.94,1005.12,1
08/02/2011,Monsoon,33.64,71.87,8.69,999.38,1
08/03/2011,Monsoon,32.66,47.21,8.83,1026.3,1
08/04/2011,Monsoon,32.96,61.11,14.61,1011.99,1
08/05/2011,Monsoon,37.69,87.95,10.4,1014.14,0
08/06/2011,Monsoon,30.56,63.34,11.46,1018.09,0
08/07/2011,Monsoon,32.03,65.14,8.99,1011.69,1
08/08/2011,Monsoon,30.51,80.11,7.08,987.26,1
08/09/2011,Monsoon,28.36,73.91,8.69,1021.54,1
08/10/2011,Monsoon,32.38,73.94,13.62,1006.17,0
08/11/2011,Monsoon,35.12,63.69,9.13,1009.94,1
08/12/2011,Monsoon,34.11,75.93,11.15,985.69,1
08/13/2011,Monsoon,31.21,56.85,14.41,1034.6,0
08/14/2011,Monsoon,29.7,65.94,10.49,1017.08,0
08/15/2011,Monsoon,32.06,58.56,5.51,1009.02,0
08/16/2011,Monsoon,31.51,63.17,13.93,1033.34,1
08/17/2011,Monsoon,31.3,69.36,9.52,987.4,0
08/18/2011,Monsoon,27.17,54.35,8.96,1021.86,1
08/19/2011,Monsoon,32.86,61.48,11.36,988.76,0
08/20/2011,Monsoon,28.17,59.97,7.89,1026.22,0
08/21/2011,Monsoon,29.24,61.3,7.71,997.18,0
08/22/2011,Monsoon,30.32,67.29,9.24,1007.4,1
08/23/2011,Monsoon,30.91,88.69,8.62,994.77,1
08/24/2011,Monsoon,29.95,71.28,5.19,1017.85,1
08/25/2011,Monsoon,31.7,63.22,13.3,1011.86,1
08/26/2011,Monsoon,30.61,81.38,7.92,1034.2,1
08/27/2011,Monsoon,27.77,55.68,14.22,1033.67,1
08/28/2011,Monsoon,30.66,60.16,10.99,1023.02,0
08/29/2011,Monsoon,27.56,56.88,12.19,1030.48,0
08/30/2011,Monsoon,28.4,56.25,14.82,989.5,1
08/31/2011,Monsoon,27.77,49.19,9.19,1012.73,0
09/01/2011,Monsoon,27.95,67.92,8.96,1013.5,1
09/02/2011,Monsoon,25.41,73.03,8.79,991.48,0
09/03/2011,Monsoon,22.87,64.97,9.66,984.06,1
09/04/2011,Monsoon,28.18,51.59,10.18,1000.28,1
09/05/2011,Monsoon,27.51,69.74,7.28,985.84,1
09/06/2011,Monsoon,28.01,70.08,5.9,1026.48,1
09/07/2011,Monsoon,24.55,64.8,5.05,1014.14,0
09/08/2011,Monsoon,28.88,64.63,10.6,984.22,0
09/09/2011,Monsoon,28.48,72.22,8.56,990.79,1
09/10/2011,Monsoon,26.3,62.29,7.19,996.52,1
09/11/2011,Monsoon,27.64,66.72,13.37,1028.9,1
09/12/2011,Monsoon,27.57,94.86,11.12,1030.8,0
09/13/2011,Monsoon,29.37,75.56,13.82,989.09,0
09/14/2011,Monsoon,28.16,83.67,14.32,1002.77,0
09/15/2011,Monsoon,30.79,69.4,10.75,1010.89,0
09/16/2011,Monsoon,27.81,70.43,13.49,1027.77,1
09/17/2011,Monsoon,27.44,67.54,5.33,989.95,0
09/18/2011,Monsoon,25.75,64.39,12.31,1001.96,1
09/19/2011,Monsoon,27.96,75.94,9.23,1014.21,1
09/20/2011,Monsoon,26.61,74.53,13.11,1015.61,1
09/21/2011,Monsoon,24.09,68.92,6.2,990.67,1
09/22/2011,Monsoon,22.99,67.02,6.94,1003.68,1
09/23/2011,Monsoon,27.8,70.49,8.49,1005.72,1
09/24/2011,Monsoon,28.29,62.68,5.26,1014.21,1
09/25/2011,Monsoon,25.06,77.74,11.69,1003.23,1
09/26/2011,Monsoon,26.35,67.87,14.7,1025.82,1
09/27/2011,Monsoon,23.87,48.19,12.44,984.99,1
09/28/2011,Monsoon,24.56,65.2,13.38,1027.79,1
09/29/2011,Monsoon,22.54,60.93,9.65,1017.71,0
09/30/2011,Monsoon,22.63,77.94,12.08,997.73,1
10/01/2011,Autumn,25.22,43.64,6.36,995.44,0
10/02/2011,Autumn,25.36,59.93,7.62,1030.07,1
10/03/2011,Autumn,22.42,62.63,8.85,1023.17,0
10/04/2011,Autumn,27.43,69.26,4.25,992.92,1
10/05/2011,Autumn,22.9,55.2,6.21,1006.64,0
10/06/2011,Autumn,24.91,62.44,2.05,982.52,0
10/07/2011,Autumn,26.3,47.81,2.88,1007.81,0
10/08/2011,Autumn,21.8,57.1,3.51,989.24,0
10/09/2011,Autumn,25.2,46.38,5.98,1025.61,0
10/10/2011,Autumn,21.97,51.62,5.82,994.74,0
10/11/2011,Autumn,22.56,66.38,8.97,981.91,0
10/12/2011,Autumn,23.22,44.97,4.4,992.4,0
10/13/2011,Autumn,23.47,63.72,7.95,1002.52,0
10/14/2011,Autumn,19.62,81.96,4.1,992.69,0
10/15/2011,Autumn,22.52,78.37,4.29,1008.88,0
10/16/2011,Autumn,22.92,78.57,1.66,982.71,0
10/17/2011,Autumn,20.68,60.21,9.34,980.39,0
10/18/2011,Autumn,18.51,61.21,2.87,1024.1,1
10/19/2011,Autumn,24.34,67.56,9.56,1009.05,1
10/20/2011,Autumn,21.13,62.75,9.13,996.78,0
10/21/2011,Autumn,19.94,65.77,9.41,987.8,0
10/22/2011,Autumn,25.13,71.15,5.25,1021.09,1
10/23/2011,Autumn,21.4,65.94,9.07,1025.09,0
10/24/2011,Autumn,20.57,47.71,3.57,1030.34,0
10/25/2011,Autumn,25.39,73.11,5.25,1016.1,0
10/26/2011,Autumn,19.59,40.18,5.02,1006.16,0
10/27/2011,Autumn,23.06,57.08,6.65,985.49,0
10/28/2011,Autumn,20.72,72.14,8.68,1024.85,0
10/29/2011,Autumn,19.72,62.03,6.07,982.99,0
10/30/2011,Autumn,22.56,49.25,4.06,1013.07,0
10/31/2011,Autumn,23.23,77.5,6.01,1010.24,0
11/01/2011,Autumn,18.68,54.05,9.65,1025.13,0
11/02/2011,Autumn,20.66,67.89,1.57,1032.62,1
11/03/2011,Autumn,23.53,64.66,2.24,1018.99,0
11/04/2011,Autumn,19.79,61.6,7.76,982.98,0
11/05/2011,Autumn,19.98,54.18,8.56,1017.31,0
11/06/2011,Autumn,16.44,77.83,8.06,1016.65,0
11/07/2011,Autumn,23.68,89.11,2.2,996.1,0
11/08/2011,Autumn,19.97,65.09,5.56,1015.43,0
11/09/2011,Autumn,15.61,84.74,4.14,1022.03,0
11/10/2011,Autumn,19.11,57.9,7.16,1030.65,0
11/11/2011,Autumn,17.59,57.19,6.47,983.37,0
11/12/2011,Autumn,17.26,58.66,4.54,998.58,0
11/13/2011,Autumn,21.18,72.25,8.58,997.76,0
11/14/2011,Autumn,17.61,63.21,3.39,1015.79,0
11/15/2011,Autumn,19.02,69.71,5.85,1030.88,1
11/16/2011,Autumn,17.61,68.55,4.12,1017.59,0
11/17/2011,Autumn,19.71,76.04,4.46,1009.76,0
11/18/2011,Autumn,21.87,76.07,5.83,1007.48,0
11/19/2011,Autumn,17.67,59.27,9.97,1017.89,0
11/20/2011,Autumn,17.16,62.83,8.06,1023.43,0
11/21/2011,Autumn,19.13,49.97,8.96,1019.76,0
11/22/2011,Autumn,17.72,63.35,6.01,1020.8,1
11/23/2011,Autumn,19.05,81.55,5.48,1013.61,0
11/24/2011,Autumn,16.78,65.66,8.98,1025.32,0
11/25/2011,Autumn,21.71,71.62,9.46,1020.82,0
11/26/2011,Autumn,15.26,61.38,1.34,995.97,0
11/27/2011,Autumn,21.13,75.67,8.2,1024.57,0
11/28/2011,Autumn,14.69,73.43,7.36,1029.64,0
11/29/2011,Autumn,20.31,77.04,1.65,1012.6,0
11/30/2011,Autumn,15.75,55.56,4.96,1022.07,0
12/01/2011,Winter,16.57,67.45,5.62,1029.5,1
12/02/2011,Winter,17.34,71.03,3.86,993.07,0
12/03/2011,Winter,13.72,79.34,9.11,1006.97,1
12/04/2011,Winter,16.49,66.29,6.57,1018.42,0
12/05/2011,Winter,18.61,58.69,3.09,1011.9,0
12/06/2011,Winter,18.61,62.39,7.08,1034.04,0
12/07/2011,Winter,17.06,71.91,3.72,1027.34,1
12/08/2011,Winter,21.74,53.63,8.17,1003.78,0
12/09/2011,Winter,17.94,59.83,3.51,992.91,0
12/10/2011,Winter,20.3,49.59,9.86,1018.24,0
12/11/2011,Winter,22.92,61.16,4.08,995.67,0
12/12/2011,Winter,17.43,57.99,8.7,1026.93,0
12/13/2011,Winter,17.99,50.53,4.54,999.66,0
12/14/2011,Winter,16.89,63.8,8.95,1028.28,1
12/15/2011,Winter,16.38,63.52,6.1,1008.57,1
12/16/2011,Winter,17.14,74.83,3.01,996.78,0
12/17/2011,Winter,15.54,46.64,6.69,1020.45,0
12/18/2011,Winter,20.39,80.28,1.57,997.61,0
12/19/2011,Winter,17.67,55.06,5.86,1000.43,1
12/20/2011,Winter,13.76,67.27,4.45,1009.4,0
12/21/2011,Winter,13.7,54.68,6.66,1029.45,1
12/22/2011,Winter,19.38,43.38,5.28,1015.65,1
12/23/2011,Winter,19.54,58.47,6.9,985.07,0
12/24/2011,Winter,13.96,78.6,7.07,987.19,0
12/25/2011,Winter,18.18,71.27,4.83,1009.53,0
12/26/2011,Winter,19.05,64.2,3.38,988.94,1
12/27/2011,Winter,18.99,69.06,1.11,1007.13,0
12/28/2011,Winter,16.85,82.68,8.12,1033.26,1
12/29/2011,Winter,16.96,56.52,1.29,1030.47,0
12/30/2011,Winter,16.77,54.53,6.43,1010.39,0
12/31/2011,Winter,17.54,74.43,8.92,1021.85,0
01/01/2012,Winter,16.88,67.3,8.52,998.31,0
01/02/2012,Winter,19.96,69.45,4.06,1014.9,0
01/03/2012,Winter,19.17,70.78,4.36,985.39,0
01/04/2012,Winter,18.12,64.92,8.13,1029.97,0
01/05/2012,Winter,21.85,57.89,6.39,1007.51,0
01/06/2012,Winter,18.77,70.22,2.59,1007.56,0
01/07/2012,Winter,21.99,46.63,3.2,988.9,0
01/08/2012,Winter,14.02,68.07,5.08,998.83,0
01/09/2012,Winter,18.93,53.7,3.25,1020.66,0
01/10/2012,Winter,21.1,57.31,4.88,1001.31,0
01/11/2012,Winter,15.96,89.15,8.08,1005.04,0
01/12/2012,Winter,18.33,69.13,3.04,1027.58,0
01/13/2012,Winter,16.19,64.95,7.15,992.45,0
01/14/2012,Winter,18.66,72.81,7.44,1032.31,1
01/15/2012,Winter,20.75,61.17,9.84,1024.74,0
01/16/2012,Winter,16.61,72.98,6.95,1017.93,0
01/17/2012,Winter,19.17,79.11,1.16,1003.83,1
01/18/2012,Winter,19.02,66.92,2.54,1031.46,0
01/19/2012,Winter,14.82,65.45,5.64,982.44,1
01/20/2012,Winter,19.85,66.25,5.43,1032.83,0
01/21/2012,Winter,16.85,66.25,6.7,997.26,1
01/22/2012,Winter,18.48,58.62,7.61,988.4,0
01/23/2012,Winter,18.72,67.7,6.74,1018.24,0
01/24/2012,Winter,16.52,67.4,4.48,1010.44,0
01/25/2012,Winter,17.36,59.65,4.28,1009.47,1
01/26/2012,Winter,20.79,57.62,7.01,989.32,0
01/27/2012,Winter,16.67,75.16,7.48,1008.08,1
01/28/2012,Winter,19.56,59.68,7.75,1008.73,0
01/29/2012,Winter,17.87,85.2,4.22,995.76,0
01/30/2012,Winter,20.76,69.3,5.4,1007.25,0
01/31/2012,Winter,21.84,81.13,3.06,999.9,0
02/01/2012,Winter,19.06,60.25,6.44,1028.7,1
02/02/2012,Winter,19.92,63.51,1.03,980.65,0
02/03/2012,Winter,19.22,60.5,3.07,1008.67,0
02/04/2012,Winter,19.33,50.22,5.65,1032.79,0
02/05/2012,Winter,18.29,65.22,1.9,981.84,1
02/06/2012,Winter,20.49,55.58,9.48,1019.35,0
02/07/2012,Winter,21.25,56.98,7.32,1023.22,0
02/08/2012,Winter,22.42,68.1,6.16,983.88,0
02/09/2012,Winter,21.82,73.55,6.17,1032.92,0
02/10/2012,Winter,21.26,64.13,4.76,1014.13,0
02/11/2012,Winter,24.21,72.72,9.0,1032.07,0
02/12/2012,Winter,19.7,70.11,6.2,1022.45,0
02/13/2012,Winter,22.41,47.67,3.97,1004.36,0
02/14/2012,Winter,21.12,62.06,3.4,1033.04,0
02/15/2012,Winter,18.94,90.62,1.06,992.53,0
02/16/2012,Winter,21.76,70.39,1.61,1012.82,1
02/17/2012,Winter,20.75,55.43,7.64,999.78,1
02/18/2012,Winter,23.87,84.32,4.28,1000.25,0
02/19/2012,Winter,19.85,63.94,1.09,1028.24,0
02/20/2012,Winter,22.22,64.41,7.7,1027.56,0
02/21/2012,Winter,22.99,63.13,3.66,1012.66,0
02/22/2012,Winter,19.67,58.29,8.54,1019.0,1
02/23/2012,Winter,24.22,72.49,7.01,1009.74,0
02/24/2012,Winter,20.06,65.88,8.52,1020.65,0
02/25/2012,Winter,21.53,53.96,3.13,990.08,0
02/26/2012,Winter,18.18,81.75,8.54,1030.69,0
02/27/2012,Winter,24.12,66.35,1.31,994.93,0
02/28/2012,Winter,23.75,49.5,3.62,988.47,0
02/29/2012,Winter,24.22,64.66,5.29,1005.83,1
03/01/2012,Summer,22.17,74.4,9.48,991.97,0
03/02/2012,Summer,26.11,62.19,3.33,1033.56,0
03/03/2012,Summer,26.35,52.3,1.17,1030.79,0
03/04/2012,Summer,23.02,78.61,5.75,995.74,1
03/05/2012,Summer,24.48,57.83,2.8,1002.07,0
03/06/2012,Summer,25.56,52.98,5.96,1005.19,0
03/07/2012,Summer,26.35,65.0,9.73,1021.01,1
03/08/2012,Summer,25.31,83.4,2.9,1018.57,1
03/09/2012,Summer,29.19,66.63,5.67,998.51,1
03/10/2012,Summer,25.35,61.54,8.85,985.77,0
03/11/2012,Summer,23.42,59.92,8.05,983.32,0
03/12/2012,Summer,24.32,52.63,8.39,996.89,1
03/13/2012,Summer,28.62,63.91,4.89,985.84,0
03/14/2012,Summer,25.36,60.38,2.63,1012.71,0
03/15/2012,Summer,24.4,47.98,8.18,995.7,0
03/16/2012,Summer,29.27,66.58,5.97,1027.79,1
03/17/2012,Summer,26.32,61.54,9.83,1031.51,0
03/18/2012,Summer,28.15,62.46,3.81,1032.85,0
03/19/2012,Summer,27.48,58.72,4.48,1019.46,0
03/20/2012,Summer,23.08,60.11,7.25,992.82,0
03/21/2012,Summer,23.77,51.13,5.76,1020.75,0
03/22/2012,Summer,27.56,52.04,6.01,1028.28,0
03/23/2012,Summer,26.54,67.59,6.11,1013.32,0
03/24/2012,Summer,27.8,79.49,7.01,989.8,0
03/25/2012,Summer,25.81,54.18,1.8,996.78,0
03/26/2012,Summer,30.27,67.31,8.76,988.6,0
03/27/2012,Summer,26.81,60.19,5.21,1031.91,0
03/28/2012,Summer,28.93,60.0,4.86,1031.94,1
03/29/2012,Summer,24.62,58.19,4.2,1033.77,0
03/30/2012,Summer,25.48,49.06,8.35,1016.22,0
03/31/2012,Summer,26.89,69.03,3.89,1027.75,0
04/01/2012,Summer,26.85,78.87,9.1,980.76,1
04/02/2012,Summer,27.32,67.39,1.16,993.6,0
04/03/2012,Summer,27.94,76.93,4.65,1002.22,0
04/04/2012,Summer,28.9,55.88,4.88,1013.3,0
04/05/2012,Summer,28.99,51.78,3.16,989.86,0
04/06/2012,Summer,24.5,68.36,8.0,1006.95,0
04/07/2012,Summer,27.67,62.57,8.23,989.19,0
04/08/2012,Summer,27.32,63.06,5.18,997.32,0
04/09/2012,Summer,29.13,59.88,2.64,1002.23,1
04/10/2012,Summer,27.33,54.39,8.72,1019.95,0
04/11/2012,Summer,29.19,49.89,9.68,1009.85,0
04/12/2012,Summer,28.03,72.83,6.11,997.21,0
04/13/2012,Summer,31.62,59.8,4.35,1019.04,0
04/14/2012,Summer,28.85,64.73,3.89,983.22,0
04/15/2012,Summer,29.89,74.4,4.71,981.11,0
04/16/2012,Summer,32.59,66.57,4.34,988.82,1
04/17/2012,Summer,27.98,67.84,2.43,991.84,0
04/18/2012,Summer,28.95,62.66,3.75,1001.01,0
04/19/2012,Summer,29.4,66.21,5.8,987.76,0
04/20/2012,Summer,32.98,81.52,2.55,982.17,0
04/21/2012,Summer,29.71,73.04,5.05,984.29,0
04/22/2012,Summer,30.92,54.61,2.18,988.37,1
04/23/2012,Summer,31.58,43.34,4.46,1030.96,0
04/24/2012,Summer,25.25,81.27,6.06,987.67,0
04/25/2012,Summer,27.21,51.97,1.26,1011.89,0
04/26/2012,Summer,29.38,70.01,9.18,1022.51,1
04/27/2012,Summer,29.42,60.88,1.9,1028.48,0
04/28/2012,Summer,32.62,76.67,1.61,981.75,0
04/29/2012,Summer,29.34,74.14,5.22,1022.23,0
04/30/2012,Summer,29.31,68.17,2.19,994.81,0
05/01/2012,Summer,31.44,81.13,2.51,1022.83,0
05/02/2012,Summer,30.21,58.68,6.96,981.5,0
05/03/2012,Summer,32.98,63.34,4.28,1008.4,0
05/04/2012,Summer,29.72,64.49,2.73,1015.81,1
05/05/2012,Summer,27.86,44.27,7.15,1027.05,1
05/06/2012,Summer,37.43,63.75,5.11,1019.5,1
05/07/2012,Summer,30.96,62.55,8.82,995.22,1
05/08/2012,Summer,31.1,49.23,8.32,993.47,0
05/09/2012,Summer,36.15,52.44,4.47,1013.91,0
05/10/2012,Summer,31.87,60.36,4.13,1022.39,1
05/11/2012,Summer,31.07,51.1,3.71,1020.45,0
05/12/2012,Summer,31.84,68.49,1.42,1017.09,1
05/13/2012,Summer,31.41,59.81,9.52,998.12,1
05/14/2012,Summer,30.72,54.61,5.01,995.2,0
05/15/2012,Summer,31.91,74.32,8.32,1021.92,0
05/16/2012,Summer,32.68,59.86,2.15,1003.65,0
05/17/2012,Summer,31.31,60.31,9.24,1029.47,0
05/18/2012,Summer,30.76,45.95,2.27,1013.35,0
05/19/2012,Summer,31.74,72.55,9.26,1008.72,0
05/20/2012,Summer,35.65,68.53,5.74,990.27,1
05/21/2012,Summer,33.63,60.83,2.92,980.69,0
05/22/2012,Summer,37.85,74.66,4.85,1002.52,1
05/23/2012,Summer,30.65,71.56,6.69,1024.98,0
05/24/2012,Summer,29.15,68.09,7.05,1029.75,0
05/25/2012,Summer,32.85,66.13,1.94,1004.67,1
05/26/2012,Summer,37.43,57.54,4.15,992.6,1
05/27/2012,Summer,33.87,58.98,7.62,1017.88,0
05/28/2012,Summer,34.44,58.9,6.72,1030.84,0
05/29/2012,Summer,31.42,59.61,9.1,987.45,0
05/30/2012,Summer,35.05,84.71,6.74,981.95,0
05/31/2012,Summer,33.98,65.32,8.24,994.44,0
06/01/2012,Monsoon,31.88,81.5,5.4,985.21,1
06/02/2012,Monsoon,35.46,63.73,9.65,993.34,1
06/03/2012,Monsoon,34.85,67.07,6.69,1034.08,1
06/04/2012,Monsoon,33.87,80.33,12.03,993.49,1
06/05/2012,Monsoon,34.86,48.05,12.74,1012.15,1
06/06/2012,Monsoon,34.07,53.12,7.88,1027.91,1
06/07/2012,Monsoon,32.69,73.38,13.04,1016.42,1
06/08/2012,Monsoon,38.64,52.1,14.13,981.56,0
06/09/2012,Monsoon,36.37,65.98,9.45,1018.38,0
06/10/2012,Monsoon,36.23,58.97,5.28,1008.85,0
06/11/2012,Monsoon,33.64,60.71,12.8,1012.37,1
06/12/2012,Monsoon,38.07,56.94,7.2,1015.9,1
06/13/2012,Monsoon,32.69,78.42,14.44,983.99,1
06/14/2012,Monsoon,32.18,60.89,11.57,1018.34,0
06/15/2012,Monsoon,34.41,68.08,6.88,1009.42,1
06/16/2012,Monsoon,36.68,66.72,13.08,982.04,1
06/17/2012,Monsoon,32.55,72.99,8.34,1015.58,0
06/18/2012,Monsoon,36.74,79.75,7.65,994.41,1
06/19/2012,Monsoon,30.44,54.73,5.52,1020.53,1
06/20/2012,Monsoon,34.12,54.05,5.91,1027.49,1
06/21/2012,Monsoon,30.14,68.02,11.62,1015.37,1
06/22/2012,Monsoon,36.12,76.89,13.79,991.27,1
06/23/2012,Monsoon,39.33,66.94,14.21,991.83,1
06/24/2012,Monsoon,32.72,73.09,12.32,1016.2,1
06/25/2012,Monsoon,35.25,55.13,12.79,1029.91,1
06/26/2012,Monsoon,34.72,48.49,12.61,1011.86,1
06/27/2012,Monsoon,33.31,67.85,10.02,1005.97,1
06/28/2012,Monsoon,35.68,54.56,6.63,1007.24,1
06/29/2012,Monsoon,29.81,66.0,5.8,1029.23,1
06/30/2012,Monsoon,35.91,73.66,6.99,999.78,1
07/01/2012,Monsoon,37.29,64.01,10.52,1021.07,1
07/02/2012,Monsoon,33.46,65.98,10.05,1030.26,0
07/03/2012,Monsoon,36.15,69.46,9.84,980.78,1
07/04/2012,Monsoon,32.63,67.51,14.51,1003.79,1
07/05/2012,Monsoon,34.98,69.96,5.33,983.55,0
07/06/2012,Monsoon,33.56,52.97,8.44,1016.01,1
07/07/2012,Monsoon,33.1,49.99,11.68,1024.27,1
07/08/2012,Monsoon,31.45,80.3,5.47,980.09,0
07/09/2012,Monsoon,31.31,62.97,6.5,1000.94,1
07/10/2012,Monsoon,32.23,73.55,12.06,997.29,0
07/11/2012,Monsoon,34.67,73.07,8.65,1014.72,1
07/12/2012,Monsoon,34.0,69.18,9.64,1000.52,0
07/13/2012,Monsoon,31.38,57.75,9.99,989.42,1
07/14/2012,Monsoon,34.37,67.53,6.29,994.52,0
07/15/2012,Monsoon,30.77,53.75,11.81,1008.05,1
07/16/2012,Monsoon,34.5,70.08,14.51,1011.38,1
07/17/2012,Monsoon,33.49,66.26,12.58,980.61,1
07/18/2012,Monsoon,33.23,67.95,14.87,1021.09,0
07/19/2012,Monsoon,32.05,58.78,6.06,1031.55,1
07/20/2012,Monsoon,33.39,51.46,5.34,995.99,1
07/21/2012,Monsoon,31.13,46.83,11.83,989.2,1
07/22/2012,Monsoon,31.17,67.12,13.12,980.98,1
07/23/2012,Monsoon,29.78,85.22,9.72,1022.31,1
07/24/2012,Monsoon,34.79,58.49,5.66,995.56,1
07/25/2012,Monsoon,32.87,54.28,14.57,1032.42,0
07/26/2012,Monsoon,30.08,44.73,5.99,990.98,1
07/27/2012,Monsoon,34.32,49.57,14.79,998.38,1
07/28/2012,Monsoon,30.98,67.1,11.09,1001.55,1
07/29/2012,Monsoon,33.35,69.33,6.13,991.73,0
07/30/2012,Monsoon,31.51,68.37,8.26,989.84,1
07/31/2012,Monsoon,32.45,63.64,9.14,982.82,0
08/01/2012,Monsoon,33.38,72.66,10.46,998.03,0
08/02/2012,Monsoon,30.13,59.29,11.57,1031.33,1
08/03/2012,Monsoon,31.43,65.93,9.19,1001.95,1
08/04/2012,Monsoon,33.77,78.82,5.51,991.41,1
08/05/2012,Monsoon,32.23,65.66,13.95,1029.33,1
08/06/2012,Monsoon,32.19,58.33,6.83,1009.77,1
08/07/2012,Monsoon,32.58,66.37,9.05,1033.06,1
08/08/2012,Monsoon,29.78,58.68,5.82,1016.41,0
08/09/2012,Monsoon,28.43,67.31,12.62,1022.67,0
08/10/2012,Monsoon,31.04,50.34,8.62,1003.26,0
08/11/2012,Monsoon,30.68,86.16,10.9,982.31,0
08/12/2012,Monsoon,31.48,65.58,12.01,1015.62,1
08/13/2012,Monsoon,30.53,66.6,5.05,1001.41,0
08/14/2012,Monsoon,30.58,57.67,12.04,989.26,1
08/15/2012,Monsoon,29.43,53.29,8.04,1022.59,1
08/16/2012,Monsoon,30.18,58.12,7.18,1020.06,1
08/17/2012,Monsoon,26.76,64.34,13.88,983.54,1
08/18/2012,Monsoon,35.37,54.79,9.66,987.54,0
08/19/2012,Monsoon,33.13,60.4,13.12,1017.85,1
08/20/2012,Monsoon,31.44,90.84,12.47,982.94,1
08/21/2012,Monsoon,30.09,61.43,10.51,1019.73,1
08/22/2012,Monsoon,29.76,51.0,10.67,986.71,1
08/23/2012,Monsoon,24.97,54.55,8.09,1025.67,1
08/24/2012,Monsoon,30.1,73.49,7.84,987.22,1
08/25/2012,Monsoon,29.06,62.94,13.44,990.8,1
08/26/2012,Monsoon,29.75,54.51,11.19,985.18,0
08/27/2012,Monsoon,27.03,69.99,12.14,1030.12,1
08/28/2012,Monsoon,26.69,62.77,14.78,993.91,1
08/29/2012,Monsoon,26.68,74.81,13.17,985.98,1
08/30/2012,Monsoon,30.21,86.67,14.86,994.24,1
08/31/2012,Monsoon,28.75,74.97,13.57,1008.01,1
09/01/2012,Monsoon,27.47,64.61,10.79,1032.16,1
09/02/2012,Monsoon,29.26,78.9,14.37,1034.59,1
09/03/2012,Monsoon,28.83,68.54,9.85,981.68,1
09/04/2012,Monsoon,26.43,72.85,11.56,989.31,1
09/05/2012,Monsoon,28.17,70.18,10.2,1005.87,1
09/06/2012,Monsoon,27.83,57.13,12.46,1023.66,1
09/07/2012,Monsoon,23.89,64.07,14.93,988.98,1
09/08/2012,Monsoon,25.13,64.62,6.16,998.09,0
09/09/2012,Monsoon,25.94,62.27,9.22,992.25,1
09/10/2012,Monsoon,26.26,72.21,11.5,996.95,0
09/11/2012,Monsoon,25.88,69.12,12.08,1033.58,0
09/12/2012,Monsoon,26.11,71.64,11.21,1013.14,1
09/13/2012,Monsoon,24.6,48.58,6.02,998.85,1
09/14/2012,Monsoon,24.06,56.04,10.16,985.14,1
09/15/2012,Monsoon,31.73,81.07,6.86,1019.72,1
09/16/2012,Monsoon,25.21,66.85,14.58,1016.64,0
09/17/2012,Monsoon,26.66,77.86,9.68,980.3,1
09/18/2012,Monsoon,25.56,74.39,9.18,981.2,1
09/19/2012,Monsoon,25.3,74.88,5.75,1009.42,1
09/20/2012,Monsoon,22.51,57.2,10.29,981.33,0
09/21/2012,Monsoon,27.1,49.62,10.57,983.12,0
09/22/2012,Monsoon,27.42,66.94,12.94,988.67,1
09/23/2012,Monsoon,25.58,66.21,6.84,1015.41,0
09/24/2012,Monsoon,29.18,59.21,12.38,1018.17,0
09/25/2012,Monsoon,27.58,63.23,7.44,1020.73,1
09/26/2012,Monsoon,26.49,58.76,9.46,1003.73,0
09/27/2012,Monsoon,25.71,45.56,7.83,1015.59,0
09/28/2012,Monsoon,23.49,71.22,12.16,1001.56,0
09/29/2012,Monsoon,24.49,75.54,10.4,996.35,0
09/30/2012,Monsoon,25.36,75.82,6.11,1003.57,1
10/01/2012,Autumn,22.5,51.5,5.86,1027.23,0
10/02/2012,Autumn,21.6,76.02,1.07,987.11,0
10/03/2012,Autumn,23.21,51.09,2.5,1011.17,0
10/04/2012,Autumn,22.38,71.46,6.49,986.46,0
10/05/2012,Autumn,24.81,52.96,7.2,1002.89,0
10/06/2012,Autumn,24.88,58.11,2.58,986.9,0
10/07/2012,Autumn,23.78,48.2,2.59,989.91,0
10/08/2012,Autumn,26.55,72.46,7.29,983.15,1
10/09/2012,Autumn,23.2,65.76,3.17,999.97,1
10/10/2012,Autumn,25.58,71.14,3.41,1020.33,0
10/11/2012,Autumn,23.77,59.81,1.79,1008.97,0
10/12/2012,Autumn,20.64,85.72,6.4,980.67,0
10/13/2012,Autumn,20.99,46.66,4.3,1002.44,1
10/14/2012,Autumn,23.39,44.66,9.55,1007.07,1
10/15/2012,Autumn,22.96,69.31,6.45,1004.26,0
10/16/2012,Autumn,22.63,73.34,9.74,1005.21,0
10/17/2012,Autumn,24.68,76.63,8.78,1033.84,0
10/18/2012,Autumn,18.03,68.04,3.64,1011.7,1
10/19/2012,Autumn,21.99,41.58,7.22,1028.52,0
10/20/2012,Autumn,20.95,80.33,1.06,1018.87,1
10/21/2012,Autumn,22.6,60.73,3.34,1007.3,1
10/22/2012,Autumn,19.15,64.3,7.53,1026.26,0
10/23/2012,Autumn,21.79,74.45,3.82,1010.54,0
10/24/2012,Autumn,24.68,61.86,2.88,1026.74,1
10/25/2012,Autumn,21.36,63.75,3.62,1012.59,0
10/26/2012,Autumn,18.4,63.15,5.11,990.78,0
10/27/2012,Autumn,18.56,56.43,5.41,986.03,0
10/28/2012,Autumn,20.87,61.87,9.79,1018.75,0
10/29/2012,Autumn,21.59,70.79,1.27,988.42,1
10/30/2012,Autumn,22.14,59.09,3.8,1012.69,0
10/31/2012,Autumn,21.71,73.58,7.25,992.69,0
11/01/2012,Autumn,19.28,63.36,8.91,1002.62,0
11/02/2012,Autumn,18.68,71.87,7.44,1033.69,0
11/03/2012,Autumn,17.29,65.06,1.42,995.73,0
11/04/2012,Autumn,24.31,66.5,6.04,1030.82,0
11/05/2012,Autumn,21.05,74.77,8.56,1016.34,0
11/06/2012,Autumn,19.63,58.45,5.47,997.06,1
11/07/2012,Autumn,19.15,50.34,8.45,1026.78,0
11/08/2012,Autumn,19.89,89.75,9.25,985.72,0
11/09/2012,Autumn,18.96,48.51,3.08,1021.81,0
11/10/2012,Autumn,21.93,64.57,3.11,1011.44,0
11/11/2012,Autumn,18.74,52.04,1.33,1006.64,1
11/12/2012,Autumn,13.65,56.57,9.39,1009.45,1
11/13/2012,Autumn,19.96,61.61,8.74,1034.84,0
11/14/2012,Autumn,21.58,62.97,6.51,988.04,0
11/15/2012,Autumn,20.75,63.97,6.04,1013.45,0
11/16/2012,Autumn,21.07,70.6,1.84,1029.56,0
11/17/2012,Autumn,18.66,67.87,3.73,1003.88,0
11/18/2012,Autumn,18.58,57.95,7.71,1004.49,0
11/19/2012,Autumn,18.34,71.64,2.48,992.39,1
11/20/2012,Autumn,18.91,41.7,2.61,1007.16,0
11/21/2012,Autumn,20.78,54.51,5.38,1020.66,0
11/22/2012,Autumn,17.72,63.96,8.25,982.91,1
11/23/2012,Autumn,18.08,69.16,5.27,984.22,0
11/24/2012,Autumn,17.45,64.23,1.88,1020.39,0
11/25/2012,Autumn,20.96,58.33,5.16,990.93,0
11/26/2012,Autumn,16.79,56.55,6.69,1034.65,1
11/27/2012,Autumn,19.69,84.82,9.86,986.64,0
11/28/2012,Autumn,20.81,48.37,5.68,1009.22,0
11/29/2012,Autumn,15.9,71.27,3.28,1017.09,1
11/30/2012,Autumn,17.76,80.0,2.5,988.54,0
12/01/2012,Winter,19.27,70.1,3.18,1021.48,1
12/02/2012,Winter,22.97,60.78,6.4,1022.51,0
12/03/2012,Winter,16.04,44.34,2.56,1013.44,0
12/04/2012,Winter,18.87,71.49,7.22,1028.43,0
12/05/2012,Winter,16.23,46.26,3.53,1024.51,0
12/06/2012,Winter,17.33,62.29,4.1,980.18,0
12/07/2012,Winter,21.65,61.52,9.81,985.97,0
12/08/2012,Winter,14.31,60.98,6.13,984.4,0
12/09/2012,Winter,19.76,50.11,1.43,983.83,0
12/10/2012,Winter,19.96,70.63,2.87,984.05,0
12/11/2012,Winter,19.07,63.22,9.88,1009.76,0
12/12/2012,Winter,14.3,76.8,7.15,1012.17,0
12/13/2012,Winter,15.84,66.85,1.08,1020.55,0
12/14/2012,Winter,15.78,62.95,5.73,1003.81,0
12/15/2012,Winter,20.32,88.88,9.59,1011.77,0
12/16/2012,Winter,21.76,91.77,9.4,1002.79,0
12/17/2012,Winter,19.59,56.87,8.7,1022.51,1
12/18/2012,Winter,20.44,73.65,6.09,1032.68,0
12/19/2012,Winter,17.12,63.42,5.42,1032.96,0
12/20/2012,Winter,17.15,60.05,6.74,1007.7,0
12/21/2012,Winter,18.98,53.9,6.82,1022.01,0
12/22/2012,Winter,14.54,80.19,4.47,1021.59,0
12/23/2012,Winter,19.12,51.41,9.55,990.9,0
12/24/2012,Winter,16.27,64.49,5.81,1008.12,0
12/25/2012,Winter,16.35,65.31,3.44,1000.82,0
12/26/2012,Winter,18.6,46.01,5.3,1006.62,0
12/27/2012,Winter,17.26,66.31,4.59,1015.17,0
12/28/2012,Winter,20.87,52.52,3.71,994.01,1
12/29/2012,Winter,17.71,76.69,2.39,984.31,0
12/30/2012,Winter,17.5,68.74,4.92,1024.29,0
12/31/2012,Winter,15.31,62.52,4.6,1012.22,0
01/01/2013,Winter,18.95,61.29,7.23,1019.61,0
01/02/2013,Winter,20.19,79.04,9.06,1005.45,0
01/03/2013,Winter,15.94,72.52,8.31,1002.09,0
01/04/2013,Winter,17.57,75.88,5.83,1001.21,1
01/05/2013,Winter,22.53,64.01,3.45,1007.62,0
01/06/2013,Winter,19.2,55.57,7.47,1031.0,0
01/07/2013,Winter,19.53,58.33,3.0,1021.92,0
01/08/2013,Winter,20.45,55.05,2.08,1034.79,0
01/09/2013,Winter,19.57,77.06,6.78,1022.11,1
01/10/2013,Winter,17.18,59.06,2.15,1020.41,0
01/11/2013,Winter,18.44,81.34,1.36,1032.16,0
01/12/2013,Winter,19.26,62.59,4.74,1008.22,0
01/13/2013,Winter,20.25,76.63,2.37,992.09,0
01/14/2013,Winter,18.99,56.0,6.82,1002.58,0
01/15/2013,Winter,18.55,73.45,7.94,1020.84,1
01/16/2013,Winter,15.95,46.87,7.74,1006.29,0
01/17/2013,Winter,19.88,71.73,9.07,1002.49,0
01/18/2013,Winter,22.52,65.63,6.0,983.4,0
01/19/2013,Winter,18.12,66.16,3.02,1004.48,0
01/20/2013,Winter,17.3,50.51,9.36,994.26,0
01/21/2013,Winter,15.53,59.11,5.53,989.5,1
01/22/2013,Winter,18.22,57.83,9.78,1028.74,0
01/23/2013,Winter,18.78,73.18,2.44,985.13,0
01/24/2013,Winter,21.47,68.52,6.58,1003.38,1
01/25/2013,Winter,20.95,66.41,2.02,1025.17,0
01/26/2013,Winter,16.6,59.56,9.83,996.98,0
01/27/2013,Winter,18.61,63.89,2.84,1012.58,0
01/28/2013,Winter,18.62,63.91,4.92,1015.07,0
01/29/2013,Winter,19.24,58.12,8.16,1024.68,1
01/30/2013,Winter,20.47,63.27,1.79,1031.28,0
01/31/2013,Winter,21.79,77.83,1.61,1019.58,0
02/01/2013,Winter,17.37,55.81,6.58,1010.81,1
02/02/2013,Winter,16.63,63.47,2.24,996.65,0
02/03/2013,Winter,20.8,70.74,1.41,985.84,0
02/04/2013,Winter,21.74,65.13,6.71,1028.87,0
02/05/2013,Winter,22.08,77.69,7.96,1023.74,0
02/06/2013,Winter,21.39,56.02,8.74,1001.28,0
02/07/2013,Winter,17.68,72.24,3.66,1031.13,0
02/08/2013,Winter,20.04,57.25,8.9,995.74,1
02/09/2013,Winter,26.72,50.84,4.87,1012.18,0
02/10/2013,Winter,19.68,58.8,4.74,980.25,0
02/11/2013,Winter,21.72,68.08,8.37,1001.74,0
02/12/2013,Winter,19.87,66.93,7.57,997.8,0
02/13/2013,Winter,19.53,52.94,9.65,1033.48,0
02/14/2013,Winter,22.46,58.89,2.31,994.79,0
02/15/2013,Winter,24.67,66.89,4.04,1003.96,0
02/16/2013,Winter,22.05,70.93,7.94,1032.84,0
02/17/2013,Winter,23.21,57.76,4.38,1019.4,0
02/18/2013,Winter,22.71,54.68,1.74,1009.67,0
02/19/2013,Winter,20.03,65.57,6.08,996.85,1
02/20/2013,Winter,22.63,66.76,6.54,995.01,0
02/21/2013,Winter,23.49,61.32,7.3,1010.74,0
02/22/2013,Winter,24.52,60.29,4.9,993.0,1
02/23/2013,Winter,24.45,57.37,7.77,1015.71,0
02/24/2013,Winter,22.64,63.79,1.97,1006.79,1
02/25/2013,Winter,24.81,64.02,8.68,1024.57,0
02/26/2013,Winter,23.26,75.76,3.99,1012.11,0
02/27/2013,Winter,23.21,65.13,6.03,998.79,0
02/28/2013,Winter,23.93,58.58,8.27,1034.93,0
03/01/2013,Summer,25.54,71.72,5.8,1032.22,0
03/02/2013,Summer,23.44,74.72,6.77,1013.29,0
03/03/2013,Summer,19.89,77.19,1.87,991.57,0
03/04/2013,Summer,22.54,64.01,1.95,1009.62,0
03/05/2013,Summer,24.51,58.95,9.91,1013.6,1
03/06/2013,Summer,25.15,64.97,6.86,987.38,0
03/07/2013,Summer,21.74,58.89,1.23,1003.55,0
03/08/2013,Summer,25.31,44.62,1.03,1018.15,1
03/09/2013,Summer,23.02,49.88,3.08,989.21,1
03/10/2013,Summer,24.82,63.18,8.0,1022.98,0
03/11/2013,Summer,25.24,77.77,6.12,1011.95,0
03/12/2013,Summer,25.57,54.26,1.82,1025.44,1
03/13/2013,Summer,25.47,57.43,7.44,1013.64,0
03/14/2013,Summer,25.59,79.25,2.39,1013.44,0
03/15/2013,Summer,28.07,57.82,9.2,1017.96,0
03/16/2013,Summer,24.68,73.24,5.07,1018.96,0
03/17/2013,Summer,28.87,58.65,1.94,1001.66,0
03/18/2013,Summer,26.84,70.01,5.78,1002.63,1
03/19/2013,Summer,21.36,53.05,9.05,1023.48,0
03/20/2013,Summer,28.14,49.63,8.91,1028.23,0
03/21/2013,Summer,30.28,67.69,6.84,1029.68,0
03/22/2013,Summer,24.58,61.42,1.59,990.56,0
03/23/2013,Summer,20.95,58.18,7.99,994.79,0
03/24/2013,Summer,26.98,74.5,9.73,1022.36,0
03/25/2013,Summer,26.0,77.32,3.23,1028.4,0
03/26/2013,Summer,26.44,66.58,7.97,1005.64,0
03/27/2013,Summer,23.39,62.49,6.51,1024.81,0
03/28/2013,Summer,25.24,62.2,4.04,1023.09,0
03/29/2013,Summer,26.14,72.21,2.99,995.88,0
03/30/2013,Summer,26.55,46.56,4.94,1012.3,0
03/31/2013,Summer,27.87,71.51,9.42,1022.27,0
04/01/2013,Summer,30.08,82.58,3.23,1005.5,0
04/02/2013,Summer,27.43,72.62,1.38,1007.7,0
04/03/2013,Summer,26.08,72.17,3.59,990.38,0
04/04/2013,Summer,30.85,57.21,8.78,1033.1,0
04/05/2013,Summer,27.54,63.89,9.9,1014.41,1
04/06/2013,Summer,31.1,55.01,5.79,1022.01,0
04/07/2013,Summer,29.22,55.37,4.65,1008.28,0
04/08/2013,Summer,31.1,48.58,1.58,985.77,0
04/09/2013,Summer,25.41,70.72,1.64,994.54,1
04/10/2013,Summer,28.22,62.95,4.93,999.66,0
04/11/2013,Summer,29.65,69.11,8.27,1011.92,0
04/12/2013,Summer,29.5,69.19,6.07,986.19,0
04/13/2013,Summer,27.59,67.66,7.29,1003.23,0
04/14/2013,Summer,25.36,45.38,9.54,1016.93,0
04/15/2013,Summer,30.43,79.68,4.18,1006.66,0
04/16/2013,Summer,26.86,83.91,8.7,1031.49,0
04/17/2013,Summer,31.35,64.02,5.03,993.32,0
04/18/2013,Summer,31.34,63.18,5.35,984.78,1
04/19/2013,Summer,31.66,80.2,9.94,1027.06,0
04/20/2013,Summer,29.58,63.1,6.62,1030.02,0
04/21/2013,Summer,30.09,42.25,8.92,1005.29,0
04/22/2013,Summer,31.09,69.57,1.77,1022.61,0
04/23/2013,Summer,29.51,83.05,2.57,1004.65,0
04/24/2013,Summer,28.28,59.33,5.28,1012.62,0
04/25/2013,Summer,31.15,58.21,3.2,992.33,0
04/26/2013,Summer,30.29,63.45,7.44,980.68,0
04/27/2013,Summer,29.27,60.84,4.34,981.88,0
04/28/2013,Summer,32.36,50.55,1.59,997.78,0
04/29/2013,Summer,31.44,59.96,8.43,1028.93,1
04/30/2013,Summer,32.6,57.65,2.19,999.58,0
05/01/2013,Summer,32.52,54.44,3.09,1027.82,1
05/02/2013,Summer,32.75,65.82,4.81,987.81,1
05/03/2013,Summer,31.87,81.93,4.58,995.21,0
05/04/2013,Summer,30.96,70.73,4.02,1009.39,1
05/05/2013,Summer,30.53,61.99,6.71,982.53,0
05/06/2013,Summer,30.39,88.99,9.36,1034.7,1
05/07/2013,Summer,31.94,65.19,5.76,1028.13,0
05/08/2013,Summer,31.4,58.27,8.78,1006.44,1
05/09/2013,Summer,32.47,68.55,5.75,1020.79,0
05/10/2013,Summer,34.75,73.55,1.81,985.48,0
05/11/2013,Summer,33.25,67.53,5.19,989.99,1
05/12/2013,Summer,29.73,57.79,6.04,982.88,0
05/13/2013,Summer,33.16,69.87,7.33,994.73,0
05/14/2013,Summer,32.8,76.03,9.22,1025.15,0
05/15/2013,Summer,36.1,65.77,6.99,1009.04,0
05/16/2013,Summer,33.28,71.48,5.26,1007.34,0
05/17/2013,Summer,33.76,71.01,7.49,980.73,0
05/18/2013,Summer,29.82,56.56,2.32,1022.27,1
05/19/2013,Summer,29.64,72.88,3.04,982.2,0
05/20/2013,Summer,31.45,75.32,4.84,1026.78,0
05/21/2013,Summer,31.75,75.09,8.26,982.53,0
05/22/2013,Summer,33.28,82.9,1.51,1006.69,0
05/23/2013,Summer,35.39,56.15,8.22,990.54,0
05/24/2013,Summer,32.92,59.1,1.22,1006.57,1
05/25/2013,Summer,32.59,45.95,9.06,1023.96,0
05/26/2013,Summer,34.7,67.54,6.42,998.46,1
05/27/2013,Summer,32.23,61.84,9.43,1003.63,0
05/28/2013,Summer,30.64,65.19,9.68,1019.75,1
05/29/2013,Summer,32.33,49.94,2.7,987.73,0
05/30/2013,Summer,34.06,77.36,6.97,1030.05,0
05/31/2013,Summer,37.41,77.6,7.96,983.36,1
06/01/2013,Monsoon,37.78,73.78,12.5,1006.95,0
06/02/2013,Monsoon,35.95,70.83,12.35,1018.42,0
06/03/2013,Monsoon,28.71,57.24,12.41,992.85,1
06/04/2013,Monsoon,32.83,67.85,9.43,1002.12,1
06/05/2013,Monsoon,33.16,47.13,10.7,993.0,1
06/06/2013,Monsoon,34.33,63.88,9.98,993.65,1
06/07/2013,Monsoon,34.03,65.86,10.12,1006.94,0
06/08/2013,Monsoon,34.04,89.02,13.4,981.06,1
06/09/2013,Monsoon,32.6,60.05,5.46,1012.43,1
06/10/2013,Monsoon,33.31,55.21,9.58,1019.75,0
06/11/2013,Monsoon,36.71,73.96,10.75,1008.71,0
06/12/2013,Monsoon,33.35,56.74,12.78,994.78,1
06/13/2013,Monsoon,36.73,63.4,8.73,990.35,0
06/14/2013,Monsoon,33.28,65.6,12.14,998.44,1
06/15/2013,Monsoon,31.47,45.23,11.86,992.82,0
06/16/2013,Monsoon,33.13,73.77,9.53,1027.09,1
06/17/2013,Monsoon,34.13,66.12,11.72,990.41,0
06/18/2013,Monsoon,34.03,56.88,13.99,1007.83,0
06/19/2013,Monsoon,34.41,72.37,11.01,995.14,1
06/20/2013,Monsoon,31.96,66.52,10.64,992.31,1
06/21/2013,Monsoon,33.42,74.29,8.23,1030.57,1
06/22/2013,Monsoon,33.87,59.06,8.65,1010.16,0
06/23/2013,Monsoon,32.41,66.76,9.07,997.16,0
06/24/2013,Monsoon,34.6,73.52,7.88,990.59,0
06/25/2013,Monsoon,34.66,52.83,8.44,1005.91,1
06/26/2013,Monsoon,32.78,54.27,12.08,1025.08,1
06/27/2013,Monsoon,37.35,63.52,12.91,1032.81,0
06/28/2013,Monsoon,33.97,62.6,8.32,1001.0,1
06/29/2013,Monsoon,31.43,73.6,10.18,1025.23,1
06/30/2013,Monsoon,33.73,87.3,6.49,1015.69,1
07/01/2013,Monsoon,31.85,56.74,8.81,1026.06,1
07/02/2013,Monsoon,34.71,64.3,10.74,995.56,1
07/03/2013,Monsoon,36.32,64.54,5.41,986.07,1
07/04/2013,Monsoon,33.62,66.58,7.49,1008.66,0
07/05/2013,Monsoon,35.43,78.99,10.23,1014.45,1
07/06/2013,Monsoon,33.47,56.43,14.93,1006.66,0
07/07/2013,Monsoon,38.42,72.91,5.75,1034.16,1
07/08/2013,Monsoon,31.31,58.92,7.76,1029.28,1
07/09/2013,Monsoon,36.75,76.54,13.41,985.81,1
07/10/2013,Monsoon,34.41,48.88,13.63,983.71,1
07/11/2013,Monsoon,33.83,59.75,12.32,1015.62,0
07/12/2013,Monsoon,34.19,64.22,10.19,1025.08,1
07/13/2013,Monsoon,32.53,73.54,12.26,988.14,0
07/14/2013,Monsoon,32.49,64.68,8.0,981.41,1
07/15/2013,Monsoon,31.85,83.85,13.48,1005.61,1
07/16/2013,Monsoon,28.14,62.02,6.36,982.04,0
07/17/2013,Monsoon,33.39,81.33,8.31,987.34,1
07/18/2013,Monsoon,31.34,56.08,14.31,984.62,1
07/19/2013,Monsoon,32.58,71.47,5.2,1026.8,1
07/20/2013,Monsoon,28.23,61.95,13.22,1000.58,1
07/21/2013,Monsoon,32.58,72.55,9.82,1007.21,1
07/22/2013,Monsoon,33.97,71.82,14.91,984.72,1
07/23/2013,Monsoon,32.2,40.43,9.12,1031.82,0
07/24/2013,Monsoon,27.97,45.48,7.15,1012.47,0
07/25/2013,Monsoon,29.72,60.69,9.59,1012.52,1
07/26/2013,Monsoon,29.59,68.27,9.33,1002.31,1
07/27/2013,Monsoon,33.16,70.41,9.15,1029.98,1
07/28/2013,Monsoon,32.61,59.87,7.08,1002.5,1
07/29/2013,Monsoon,34.61,61.37,14.47,1005.87,1
07/30/2013,Monsoon,32.47,66.4,14.87,981.1,0
07/31/2013,Monsoon,30.68,76.59,8.01,1012.0,1
08/01/2013,Monsoon,28.57,73.42,12.39,1034.73,1
08/02/2013,Monsoon,32.22,53.12,13.85,995.26,1
08/03/2013,Monsoon,30.95,59.08,13.05,1008.19,0
08/04/2013,Monsoon,32.6,57.62,13.19,993.84,1
08/05/2013,Monsoon,30.58,60.39,10.22,1031.85,1
08/06/2013,Monsoon,31.86,64.37,9.16,1020.42,1
08/07/2013,Monsoon,29.92,67.71,5.09,1021.1,1
08/08/2013,Monsoon,29.79,70.7,10.72,1024.88,0
08/09/2013,Monsoon,31.49,43.18,14.44,1000.1,1
08/10/2013,Monsoon,34.13,50.94,10.12,1002.16,1
08/11/2013,Monsoon,29.3,55.91,10.53,1033.38,1
08/12/2013,Monsoon,28.12,59.9,5.61,1020.89,1
08/13/2013,Monsoon,30.93,66.04,13.54,984.73,0
08/14/2013,Monsoon,28.06,52.5,9.27,1033.04,1
08/15/2013,Monsoon,28.5,50.49,5.86,982.35,1
08/16/2013,Monsoon,27.59,58.55,11.82,1021.25,0
08/17/2013,Monsoon,33.82,77.66,13.32,1000.73,1
08/18/2013,Monsoon,30.24,62.03,5.04,998.97,0
08/19/2013,Monsoon,27.49,63.19,10.87,998.72,1
08/20/2013,Monsoon,28.86,71.62,5.19,1034.73,1
08/21/2013,Monsoon,27.18,66.6,5.92,1010.4,1
08/22/2013,Monsoon,28.91,61.48,8.0,1013.08,1
08/23/2013,Monsoon,31.44,58.85,10.44,995.51,1
08/24/2013,Monsoon,26.74,60.31,13.51,1005.04,0
08/25/2013,Monsoon,25.27,57.78,13.5,1022.29,1
08/26/2013,Monsoon,29.81,79.22,11.21,980.15,1
08/27/2013,Monsoon,29.99,62.61,7.95,983.45,1
08/28/2013,Monsoon,31.8,68.72,13.06,1011.64,0
08/29/2013,Monsoon,30.82,53.55,6.4,1000.51,1
08/30/2013,Monsoon,28.24,74.74,7.93,1016.27,1
08/31/2013,Monsoon,29.51,58.33,7.07,1017.5,1
09/01/2013,Monsoon,31.65,73.84,6.87,1027.35,1
09/02/2013,Monsoon,26.56,77.07,13.4,1024.86,1
09/03/2013,Monsoon,23.59,52.24,6.76,1025.17,1
09/04/2013,Monsoon,28.27,56.42,10.66,1010.08,1
09/05/2013,Monsoon,30.04,53.48,5.85,1024.78,1
09/06/2013,Monsoon,26.15,62.68,10.52,1014.57,0
09/07/2013,Monsoon,31.24,75.47,13.99,1010.57,0
09/08/2013,Monsoon,28.62,69.98,11.15,1005.3,1
09/09/2013,Monsoon,26.9,74.15,12.32,1018.87,1
09/10/2013,Monsoon,27.95,63.32,13.9,1028.27,1
09/11/2013,Monsoon,25.51,67.28,5.35,1004.27,1
09/12/2013,Monsoon,29.8,59.74,14.44,1017.09,1
09/13/2013,Monsoon,25.58,62.56,5.03,1002.01,1
09/14/2013,Monsoon,25.79,61.01,10.18,1009.59,1
09/15/2013,Monsoon,28.58,69.85,9.39,1022.37,0
09/16/2013,Monsoon,24.61,61.91,8.99,980.07,1
09/17/2013,Monsoon,27.36,69.84,7.76,1016.45,1
09/18/2013,Monsoon,24.18,81.4,10.75,1004.12,0
09/19/2013,Monsoon,26.89,64.55,11.55,1011.5,1
09/20/2013,Monsoon,23.8,67.31,10.25,1012.49,0
09/21/2013,Monsoon,24.22,72.96,5.64,1009.08,1
09/22/2013,Monsoon,23.24,57.85,8.59,1005.25,1
09/23/2013,Monsoon,26.08,75.25,8.19,1023.57,1
09/24/2013,Monsoon,21.22,43.2,7.74,993.86,0
09/25/2013,Monsoon,24.24,50.86,5.96,993.73,1
09/26/2013,Monsoon,24.41,59.16,9.96,984.23,0
09/27/2013,Monsoon,26.87,58.58,5.59,984.74,1
09/28/2013,Monsoon,22.76,56.56,12.56,981.23,0
09/29/2013,Monsoon,25.67,54.78,9.7,989.12,0
09/30/2013,Monsoon,24.78,81.41,14.26,1026.84,1
10/01/2013,Autumn,24.09,42.9,9.86,987.9,0
10/02/2013,Autumn,21.14,60.46,8.58,997.58,0
10/03/2013,Autumn,22.59,56.52,9.24,1005.48,0
10/04/2013,Autumn,22.72,53.19,2.61,992.91,1
10/05/2013,Autumn,22.06,70.84,7.39,984.25,0
10/06/2013,Autumn,23.05,77.01,3.73,1032.07,1
10/07/2013,Autumn,25.51,78.1,7.89,1001.11,1
10/08/2013,Autumn,23.42,74.73,1.68,982.83,0
10/09/2013,Autumn,22.88,62.57,2.37,1000.34,0
10/10/2013,Autumn,26.41,74.67,5.24,1008.68,0
10/11/2013,Autumn,25.73,60.47,2.04,987.87,0
10/12/2013,Autumn,22.73,51.03,3.42,998.35,0
10/13/2013,Autumn,23.23,55.05,5.06,986.25,0
10/14/2013,Autumn,20.17,60.53,9.12,1017.38,1
10/15/2013,Autumn,24.4,66.86,7.54,1012.21,0
10/16/2013,Autumn,23.41,55.72,6.79,984.45,0
10/17/2013,Autumn,21.04,44.25,4.82,985.74,0
10/18/2013,Autumn,20.28,49.44,5.75,1028.52,0
10/19/2013,Autumn,19.94,86.12,2.88,1011.61,1
10/20/2013,Autumn,21.72,62.57,1.07,1003.56,0
10/21/2013,Autumn,20.7,65.36,7.61,1008.11,1
10/22/2013,Autumn,22.37,68.21,7.61,998.0,1
10/23/2013,Autumn,22.2,56.62,1.5,1012.6,0
10/24/2013,Autumn,21.36,68.4,7.02,1026.54,0
10/25/2013,Autumn,19.63,86.08,9.16,998.41,0
10/26/2013,Autumn,22.06,80.72,7.33,987.5,0
10/27/2013,Autumn,21.59,83.19,6.52,983.06,0
10/28/2013,Autumn,19.13,56.53,5.25,993.08,0
10/29/2013,Autumn,20.66,53.45,6.2,991.79,1
10/30/2013,Autumn,24.07,53.12,6.21,1029.53,0
10/31/2013,Autumn,20.76,71.33,9.7,1003.99,1
11/01/2013,Autumn,20.13,62.7,7.17,988.78,0
11/02/2013,Autumn,20.62,61.45,2.41,980.54,0
11/03/2013,Autumn,18.75,57.71,4.6,1028.26,0
11/04/2013,Autumn,18.12,73.1,10.0,1034.22,0
11/05/2013,Autumn,19.41,58.1,9.98,1023.76,0
11/06/2013,Autumn,17.0,51.1,4.18,1027.41,0
11/07/2013,Autumn,19.29,43.86,7.0,1006.36,0
11/08/2013,Autumn,16.76,72.44,6.98,1033.85,1
11/09/2013,Autumn,20.8,70.61,5.73,981.07,0
11/10/2013,Autumn,16.02,61.31,7.28,981.73,0
11/11/2013,Autumn,18.04,73.76,8.25,1033.15,0
11/12/2013,Autumn,20.58,40.0,5.48,985.4,0
11/13/2013,Autumn,18.02,57.86,9.55,1027.47,0
11/14/2013,Autumn,19.58,51.07,9.16,1009.56,0
11/15/2013,Autumn,17.53,41.39,1.54,1026.93,0
11/16/2013,Autumn,17.32,67.34,1.89,1034.16,0
11/17/2013,Autumn,19.18,63.87,3.3,999.77,1
11/18/2013,Autumn,17.61,66.96,1.18,997.35,0
11/19/2013,Autumn,18.62,77.36,9.77,1000.81,0
11/20/2013,Autumn,21.64,75.03,5.86,1007.67,0
11/21/2013,Autumn,17.55,62.51,4.58,1012.18,0
11/22/2013,Autumn,19.13,69.93,6.46,991.09,1
11/23/2013,Autumn,16.27,70.8,6.94,983.71,0
11/24/2013,Autumn,18.69,51.72,9.89,988.18,1
11/25/2013,Autumn,18.31,45.61,4.92,1010.87,0
11/26/2013,Autumn,23.49,67.97,1.74,987.64,0
11/27/2013,Autumn,14.44,62.19,2.34,1031.71,0
11/28/2013,Autumn,21.67,69.21,3.68,1019.68,0
11/29/2013,Autumn,17.74,56.2,8.74,991.15,1
11/30/2013,Autumn,21.96,64.81,2.75,996.76,0
12/01/2013,Winter,17.67,56.62,5.94,995.76,0
12/02/2013,Winter,17.92,45.75,5.83,982.53,0
12/03/2013,Winter,17.29,54.24,2.24,996.53,0
12/04/2013,Winter,18.15,69.39,6.16,1032.92,0
12/05/2013,Winter,17.18,79.02,3.49,1033.22,1
12/06/2013,Winter,15.44,52.59,4.05,1027.33,0
12/07/2013,Winter,18.25,56.02,5.85,1004.88,0
12/08/2013,Winter,16.82,60.68,8.71,1012.24,0
12/09/2013,Winter,19.35,54.23,6.4,988.55,0
12/10/2013,Winter,16.52,70.48,3.06,980.13,0
12/11/2013,Winter,17.9,72.27,3.6,989.71,0
12/12/2013,Winter,14.59,59.7,1.43,1011.74,0
12/13/2013,Winter,17.67,54.05,4.73,988.73,0
12/14/2013,Winter,18.63,51.16,6.18,991.99,0
12/15/2013,Winter,19.14,48.21,5.83,987.83,0
12/16/2013,Winter,20.5,52.11,8.11,1032.01,0
12/17/2013,Winter,18.4,58.01,3.44,998.79,0
12/18/2013,Winter,17.02,66.02,2.22,1008.79,0
12/19/2013,Winter,17.97,73.43,7.21,1004.72,0
12/20/2013,Winter,20.11,94.73,4.57,990.89,0
12/21/2013,Winter,19.71,73.77,5.04,1023.95,0
12/22/2013,Winter,15.15,62.35,2.61,984.45,0
12/23/2013,Winter,18.77,48.61,7.23,1029.02,0
12/24/2013,Winter,18.67,56.38,5.15,1000.53,0
12/25/2013,Winter,19.47,59.75,1.59,1031.23,0
12/26/2013,Winter,14.85,59.05,8.66,983.6,1
12/27/2013,Winter,17.13,87.79,6.26,1020.4,0
12/28/2013,Winter,17.49,63.32,2.46,1001.95,0
12/29/2013,Winter,19.66,62.44,9.71,996.46,1
12/30/2013,Winter,18.66,57.98,9.81,996.61,0
12/31/2013,Winter,17.15,68.88,7.99,988.11,0
01/01/2014,Winter,18.92,60.68,6.39,999.38,0
01/02/2014,Winter,15.61,84.91,9.37,1011.09,0
01/03/2014,Winter,17.54,58.99,2.01,1009.98,0
01/04/2014,Winter,18.5,58.7,2.64,1023.74,1
01/05/2014,Winter,17.14,55.37,5.7,987.32,0
01/06/2014,Winter,15.97,75.49,5.42,999.22,0
01/07/2014,Winter,20.51,59.72,6.82,1022.11,0
01/08/2014,Winter,20.29,62.92,5.89,1013.54,1
01/09/2014,Winter,18.65,61.67,2.64,1016.62,0
01/10/2014,Winter,18.07,64.83,2.72,1028.27,0
01/11/2014,Winter,18.49,43.75,7.9,1021.99,0
01/12/2014,Winter,20.42,66.97,3.11,1000.22,0
01/13/2014,Winter,13.51,46.28,2.0,994.81,0
01/14/2014,Winter,17.97,68.49,8.92,1028.89,0
01/15/2014,Winter,20.01,68.43,8.85,1019.17,1
01/16/2014,Winter,21.28,73.25,8.41,995.16,0
01/17/2014,Winter,17.23,53.0,2.85,984.34,0
01/18/2014,Winter,19.89,65.41,1.31,1005.86,1
01/19/2014,Winter,18.82,61.22,3.1,994.71,0
01/20/2014,Winter,18.87,97.17,6.32,1011.47,1
01/21/2014,Winter,19.07,55.42,4.52,1013.14,0
01/22/2014,Winter,19.69,71.22,5.24,1030.15,0
01/23/2014,Winter,19.29,80.09,9.0,1026.56,0
01/24/2014,Winter,17.31,76.14,1.25,1012.64,0
01/25/2014,Winter,17.38,55.62,8.07,1001.22,0
01/26/2014,Winter,18.57,66.02,7.97,990.78,0
01/27/2014,Winter,19.26,85.41,6.49,1013.92,0
01/28/2014,Winter,21.1,48.51,2.49,984.4,0
01/29/2014,Winter,17.65,63.33,4.16,1025.46,0
01/30/2014,Winter,20.89,63.49,6.09,1005.14,0
01/31/2014,Winter,21.93,66.69,5.86,1029.27,0
02/01/2014,Winter,20.15,65.36,3.88,1004.14,0
02/02/2014,Winter,18.99,65.76,7.99,1016.36,0
02/03/2014,Winter,22.62,62.47,9.21,987.41,0
02/04/2014,Winter,21.45,76.14,4.58,987.6,1
02/05/2014,Winter,21.01,63.71,8.11,1031.64,0
02/06/2014,Winter,19.51,57.21,6.88,1024.95,1
02/07/2014,Winter,21.59,65.63,9.52,989.19,0
02/08/2014,Winter,19.86,81.1,9.96,985.3,1
02/09/2014,Winter,20.49,64.45,4.93,1001.87,0
02/10/2014,Winter,21.5,56.71,2.92,1032.12,0
02/11/2014,Winter,22.01,73.78,9.2,1017.66,0
02/12/2014,Winter,20.6,53.53,6.81,996.28,0
02/13/2014,Winter,20.28,83.45,8.2,1007.85,0
02/14/2014,Winter,24.56,74.13,2.92,1025.76,0
02/15/2014,Winter,22.97,53.92,6.63,1021.08,0
02/16/2014,Winter,22.25,71.59,9.28,1019.05,0
02/17/2014,Winter,22.53,79.56,3.42,1018.09,0
02/18/2014,Winter,22.8,59.19,7.79,1003.78,0
02/19/2014,Winter,21.62,53.59,8.41,1001.17,0
02/20/2014,Winter,21.45,83.11,9.51,1011.46,0
02/21/2014,Winter,20.68,61.4,5.89,1032.82,0
02/22/2014,Winter,20.01,72.92,2.08,980.66,0
02/23/2014,Winter,21.79,57.82,9.17,994.99,0
02/24/2014,Winter,22.39,63.46,1.25,1014.57,0
02/25/2014,Winter,24.05,75.79,4.06,1028.44,1
02/26/2014,Winter,26.1,65.49,2.84,1018.43,0
02/27/2014,Winter,22.13,43.93,5.71,1028.55,0
02/28/2014,Winter,25.38,52.48,6.48,992.92,1
03/01/2014,Summer,19.58,51.63,6.27,995.35,0
03/02/2014,Summer,26.58,76.53,7.68,993.97,0
03/03/2014,Summer,23.36,70.9,1.72,1018.82,0
03/04/2014,Summer,19.34,87.6,5.32,1002.03,0
03/05/2014,Summer,25.52,63.05,7.51,995.39,0
03/06/2014,Summer,22.25,63.06,7.26,1023.95,0
03/07/2014,Summer,23.56,63.77,2.38,1010.3,0
03/08/2014,Summer,20.26,70.72,2.71,1020.23,0
03/09/2014,Summer,25.0,61.93,2.8,991.12,0
03/10/2014,Summer,23.52,48.11,1.51,1030.86,0
03/11/2014,Summer,25.13,75.83,8.23,1027.28,1
03/12/2014,Summer,27.16,56.5,4.76,1008.67,0
03/13/2014,Summer,26.35,52.1,8.38,992.12,0
03/14/2014,Summer,23.57,79.08,6.54,1011.32,0
03/15/2014,Summer,26.06,63.8,5.73,1015.59,1
03/16/2014,Summer,26.29,56.14,9.86,998.04,0
03/17/2014,Summer,28.17,78.27,6.19,1005.31,0
03/18/2014,Summer,21.12,60.63,1.52,990.63,0
03/19/2014,Summer,27.68,55.51,5.25,1012.9,0
03/20/2014,Summer,30.02,76.91,2.46,980.57,0
03/21/2014,Summer,23.23,67.2,5.52,984.39,0
03/22/2014,Summer,21.4,72.49,8.17,1034.67,1
03/23/2014,Summer,25.49,62.0,1.66,992.28,1
03/24/2014,Summer,21.55,81.61,8.97,981.57,0
03/25/2014,Summer,25.06,71.52,7.86,1000.97,0
03/26/2014,Summer,24.21,73.76,3.66,1018.8,0
03/27/2014,Summer,25.38,72.96,9.51,1014.62,0
03/28/2014,Summer,24.22,66.69,9.18,990.12,0
03/29/2014,Summer,25.29,53.1,5.9,981.98,0
03/30/2014,Summer,27.4,72.54,2.99,1010.91,0
03/31/2014,Summer,28.85,64.91,8.56,996.0,1
04/01/2014,Summer,29.15,59.96,1.26,1029.74,0
04/02/2014,Summer,27.2,58.54,9.75,1007.26,0
04/03/2014,Summer,26.7,71.5,2.28,993.14,0
04/04/2014,Summer,26.86,67.08,6.58,992.12,0
04/05/2014,Summer,24.83,66.27,1.44,992.22,0
04/06/2014,Summer,30.45,78.4,5.32,1018.95,0
04/07/2014,Summer,29.4,73.52,6.24,1019.44,0
04/08/2014,Summer,28.97,49.1,5.6,1001.83,0
04/09/2014,Summer,26.71,53.89,9.98,1013.98,0
04/10/2014,Summer,30.54,52.71,3.17,1009.3,0
04/11/2014,Summer,30.41,75.41,4.97,1004.15,0
04/12/2014,Summer,28.92,58.93,4.66,1016.58,1
04/13/2014,Summer,26.99,69.97,5.86,1034.91,0
04/14/2014,Summer,31.14,49.81,9.67,984.93,0
04/15/2014,Summer,31.22,59.18,5.47,981.23,1
04/16/2014,Summer,31.79,75.38,5.49,1027.4,0
04/17/2014,Summer,30.32,74.3,3.89,980.07,0
04/18/2014,Summer,31.56,69.28,1.77,987.57,0
04/19/2014,Summer,34.31,74.39,8.56,1034.54,0
04/20/2014,Summer,30.23,64.41,6.63,1009.4,0
04/21/2014,Summer,29.08,67.9,2.91,1026.48,1
04/22/2014,Summer,29.26,58.89,2.12,1005.84,0
04/23/2014,Summer,28.96,87.11,2.76,1019.07,1
04/24/2014,Summer,29.92,67.58,2.97,981.21,0
04/25/2014,Summer,34.08,65.16,9.5,983.22,0
04/26/2014,Summer,29.42,58.49,8.31,998.01,0
04/27/2014,Summer,30.85,75.92,1.28,1006.02,0
04/28/2014,Summer,30.55,58.14,3.89,1009.91,0
04/29/2014,Summer,31.57,69.62,1.88,986.12,0
04/30/2014,Summer,30.2,72.33,9.66,1021.93,0
05/01/2014,Summer,27.5,61.51,3.92,984.94,0
05/02/2014,Summer,31.02,68.99,9.98,1031.94,0
05/03/2014,Summer,32.79,50.83,1.91,1030.49,0
05/04/2014,Summer,30.95,65.08,7.25,985.97,0
05/05/2014,Summer,25.95,56.4,2.84,1014.49,1
05/06/2014,Summer,31.54,78.27,2.94,982.2,0
05/07/2014,Summer,31.05,58.09,3.84,1003.58,0
05/08/2014,Summer,32.64,57.32,9.41,991.43,0
05/09/2014,Summer,30.58,64.17,3.7,991.87,1
05/10/2014,Summer,32.8,66.57,6.38,983.41,1
05/11/2014,Summer,31.86,61.54,2.21,986.43,0
05/12/2014,Summer,34.15,75.34,9.81,991.94,1
05/13/2014,Summer,34.11,88.9,4.74,1018.98,0
05/14/2014,Summer,32.25,74.26,8.5,997.66,0
05/15/2014,Summer,28.43,75.23,1.86,989.71,0
05/16/2014,Summer,33.6,75.28,5.08,1011.98,0
05/17/2014,Summer,35.12,64.72,6.91,990.42,0
05/18/2014,Summer,29.52,75.23,2.4,1020.92,0
05/19/2014,Summer,28.57,70.98,6.68,1023.97,0
05/20/2014,Summer,33.29,55.81,4.08,980.88,0
05/21/2014,Summer,35.72,71.27,4.77,990.69,0
05/22/2014,Summer,29.77,81.18,5.0,1033.85,0
05/23/2014,Summer,30.21,74.1,2.4,1032.08,0
05/24/2014,Summer,37.65,76.19,9.16,1018.48,0
05/25/2014,Summer,35.08,73.31,4.96,1017.47,0
05/26/2014,Summer,32.33,72.53,6.64,981.44,0
05/27/2014,Summer,34.81,71.1,6.08,1008.71,0
05/28/2014,Summer,32.08,76.09,6.43,1023.5,1
05/29/2014,Summer,35.73,60.52,4.09,984.88,1
05/30/2014,Summer,33.42,67.14,8.51,1021.04,0
05/31/2014,Summer,35.56,68.32,5.53,1032.57,0
06/01/2014,Monsoon,36.43,64.14,8.89,991.85,1
06/02/2014,Monsoon,32.28,53.93,9.69,1025.96,1
06/03/2014,Monsoon,30.23,71.73,12.04,995.41,1
06/04/2014,Monsoon,38.29,71.0,9.84,980.36,1
06/05/2014,Monsoon,33.62,71.06,9.88,1021.3,1
06/06/2014,Monsoon,33.54,85.27,12.58,988.7,0
06/07/2014,Monsoon,33.7,76.72,12.61,1006.39,0
06/08/2014,Monsoon,31.66,59.46,8.41,994.07,1
06/09/2014,Monsoon,28.5,83.48,6.24,1010.47,1
06/10/2014,Monsoon,32.86,50.57,14.84,1002.38,1
06/11/2014,Monsoon,31.31,60.02,14.08,1016.55,1
06/12/2014,Monsoon,33.11,63.81,10.34,1025.91,1
06/13/2014,Monsoon,35.86,66.97,12.03,997.18,1
06/14/2014,Monsoon,32.27,70.32,6.0,1015.55,0
06/15/2014,Monsoon,35.0,63.41,13.23,1001.41,1
06/16/2014,Monsoon,31.78,74.44,12.96,1001.09,1
06/17/2014,Monsoon,33.88,63.08,9.74,993.51,1
06/18/2014,Monsoon,34.14,67.4,5.75,1022.24,1
06/19/2014,Monsoon,35.69,83.22,7.14,1008.65,0
06/20/2014,Monsoon,33.46,77.59,11.43,994.02,0
06/21/2014,Monsoon,28.38,73.63,13.18,1015.56,1
06/22/2014,Monsoon,30.2,77.2,7.71,1011.89,1
06/23/2014,Monsoon,35.17,66.62,7.36,1004.56,0
06/24/2014,Monsoon,34.25,65.33,7.87,988.75,0
06/25/2014,Monsoon,33.94,77.2,14.3,1002.01,1
06/26/2014,Monsoon,33.28,67.05,7.36,1029.7,1
06/27/2014,Monsoon,34.32,60.12,8.53,987.94,0
06/28/2014,Monsoon,34.49,64.55,13.27,1010.96,1
06/29/2014,Monsoon,39.06,79.4,8.44,1023.43,1
06/30/2014,Monsoon,33.49,62.3,7.83,988.61,1
07/01/2014,Monsoon,32.79,53.57,14.97,1019.97,0
07/02/2014,Monsoon,31.66,68.3,11.41,1018.91,0
07/03/2014,Monsoon,36.87,52.25,8.61,986.59,1
07/04/2014,Monsoon,34.59,76.9,12.84,995.05,1
07/05/2014,Monsoon,34.19,57.84,14.62,1005.62,1
07/06/2014,Monsoon,34.74,43.69,8.23,1028.19,1
07/07/2014,Monsoon,33.7,60.84,10.07,1020.91,0
07/08/2014,Monsoon,36.64,56.74,14.16,1013.45,1
07/09/2014,Monsoon,32.6,58.49,7.77,986.74,1
07/10/2014,Monsoon,31.68,62.51,9.28,1005.82,1
07/11/2014,Monsoon,33.04,61.57,7.47,1004.63,0
07/12/2014,Monsoon,36.68,59.49,7.89,1002.33,1
07/13/2014,Monsoon,32.15,42.24,6.47,998.38,1
07/14/2014,Monsoon,32.04,53.57,6.55,1025.81,1
07/15/2014,Monsoon,31.41,78.87,11.58,1015.25,1
07/16/2014,Monsoon,31.13,65.73,13.7,994.68,1
07/17/2014,Monsoon,32.64,63.02,7.1,1000.63,1
07/18/2014,Monsoon,31.05,86.64,7.05,1018.11,0
07/19/2014,Monsoon,33.82,77.4,7.38,1011.7,1
07/20/2014,Monsoon,34.7,49.36,5.97,1020.72,1
07/21/2014,Monsoon,33.88,77.56,5.31,1019.84,0
07/22/2014,Monsoon,35.39,69.99,6.5,1015.27,1
07/23/2014,Monsoon,34.86,61.21,7.69,986.28,1
07/24/2014,Monsoon,35.1,57.05,9.72,1030.18,1
07/25/2014,Monsoon,31.12,47.59,11.95,1019.18,1
07/26/2014,Monsoon,32.06,62.01,12.09,1032.26,1
07/27/2014,Monsoon,33.87,63.03,14.69,1009.0,0
07/28/2014,Monsoon,32.41,74.49,14.42,997.97,0
07/29/2014,Monsoon,31.15,74.37,6.0,984.71,1
07/30/2014,Monsoon,30.61,61.31,7.44,1020.73,0
07/31/2014,Monsoon,29.37,69.12,13.75,1027.79,1
08/01/2014,Monsoon,34.47,62.87,13.6,984.27,1
08/02/2014,Monsoon,33.38,63.26,13.1,1003.26,0
08/03/2014,Monsoon,33.61,66.15,10.16,1007.81,1
08/04/2014,Monsoon,32.7,70.66,12.51,1033.11,1
08/05/2014,Monsoon,31.11,44.72,10.44,1016.74,1
08/06/2014,Monsoon,29.64,73.5,9.91,1011.79,1
08/07/2014,Monsoon,32.66,47.41,5.08,1016.49,0
08/08/2014,Monsoon,28.65,57.62,13.24,1010.11,1
08/09/2014,Monsoon,29.79,65.03,8.58,983.7,0
08/10/2014,Monsoon,32.56,64.13,13.56,992.56,1
08/11/2014,Monsoon,31.87,73.24,14.21,987.88,1
08/12/2014,Monsoon,25.99,70.39,13.53,992.15,1
08/13/2014,Monsoon,32.08,65.99,15.0,1017.64,0
08/14/2014,Monsoon,32.79,83.21,13.54,1031.0,1
08/15/2014,Monsoon,29.15,50.88,9.65,1014.08,1
08/16/2014,Monsoon,31.67,59.62,8.25,992.52,1
08/17/2014,Monsoon,28.1,68.23,13.85,1012.1,1
08/18/2014,Monsoon,29.32,62.73,10.98,991.1,0
08/19/2014,Monsoon,32.21,71.66,6.13,1012.45,0
08/20/2014,Monsoon,32.47,82.0,11.47,1034.72,1
08/21/2014,Monsoon,31.5,61.55,8.53,1003.62,1
08/22/2014,Monsoon,30.37,68.09,8.88,1003.8,1
08/23/2014,Monsoon,30.08,78.27,11.59,981.42,1
08/24/2014,Monsoon,30.09,61.53,6.76,1001.94,1
08/25/2014,Monsoon,30.9,63.46,6.76,1015.9,0
08/26/2014,Monsoon,33.71,48.7,13.36,1001.56,0
08/27/2014,Monsoon,28.66,71.53,7.13,1006.2,1
08/28/2014,Monsoon,28.68,57.63,7.65,982.94,0
08/29/2014,Monsoon,27.81,58.99,6.19,980.87,0
08/30/2014,Monsoon,25.85,62.41,12.68,985.86,1
08/31/2014,Monsoon,28.2,61.59,8.29,992.14,1
09/01/2014,Monsoon,25.53,59.47,8.35,1007.32,0
09/02/2014,Monsoon,29.88,52.85,6.04,1022.74,1
09/03/2014,Monsoon,27.74,56.09,9.56,1026.1,1
09/04/2014,Monsoon,28.66,58.49,11.05,1016.21,0
09/05/2014,Monsoon,28.25,64.64,7.28,1001.97,0
09/06/2014,Monsoon,26.48,47.22,13.3,1030.4,1
09/07/2014,Monsoon,26.99,65.5,9.95,1015.22,0
09/08/2014,Monsoon,24.85,47.29,6.63,1022.6,1
09/09/2014,Monsoon,23.69,56.25,12.76,1032.65,0
09/10/2014,Monsoon,23.16,66.97,5.08,994.39,1
09/11/2014,Monsoon,23.2,48.76,10.35,1007.97,0
09/12/2014,Monsoon,24.62,72.69,12.53,1030.11,0
09/13/2014,Monsoon,26.87,70.93,12.58,988.99,1
09/14/2014,Monsoon,27.21,66.39,6.12,1006.38,1
09/15/2014,Monsoon,28.11,65.91,5.17,1002.59,1
09/16/2014,Monsoon,25.65,60.33,12.2,999.79,1
09/17/2014,Monsoon,27.83,54.98,7.74,1000.45,0
09/18/2014,Monsoon,24.21,62.67,6.97,1000.54,0
09/19/2014,Monsoon,23.2,71.25,14.77,996.07,1
09/20/2014,Monsoon,25.88,66.46,11.65,1024.28,0
09/21/2014,Monsoon,26.01,64.84,7.77,989.56,1
09/22/2014,Monsoon,25.74,58.1,10.7,1027.32,0
09/23/2014,Monsoon,25.39,55.85,8.84,1034.8,0
09/24/2014,Monsoon,25.86,64.18,13.79,991.99,1
09/25/2014,Monsoon,29.91,67.9,11.39,983.55,1
09/26/2014,Monsoon,23.21,62.72,12.56,1013.1,1
09/27/2014,Monsoon,26.09,69.82,10.21,1005.16,0
09/28/2014,Monsoon,26.88,55.42,10.28,1031.09,1
09/29/2014,Monsoon,26.79,64.86,7.81,1002.37,1
09/30/2014,Monsoon,23.85,77.28,12.49,1012.82,1
10/01/2014,Autumn,23.68,66.72,9.5,997.66,0
10/02/2014,Autumn,24.45,44.38,6.59,1025.21,1
10/03/2014,Autumn,22.88,84.1,4.68,1034.44,0
10/04/2014,Autumn,24.89,54.29,3.25,999.4,1
10/05/2014,Autumn,21.13,64.6,5.49,996.66,0
10/06/2014,Autumn,27.28,59.86,7.25,998.67,0
10/07/2014,Autumn,21.82,67.6,8.77,1027.01,0
10/08/2014,Autumn,24.97,68.2,1.75,1034.23,0
10/09/2014,Autumn,20.87,65.6,3.01,1019.28,0
10/10/2014,Autumn,26.01,64.64,4.85,992.19,0
10/11/2014,Autumn,22.54,70.08,7.26,995.55,1
10/12/2014,Autumn,24.02,49.91,4.7,983.98,0
10/13/2014,Autumn,20.51,68.26,9.84,1034.22,1
10/14/2014,Autumn,25.66,65.19,2.99,1020.31,1
10/15/2014,Autumn,21.71,51.76,5.21,1005.5,1
10/16/2014,Autumn,25.1,59.21,6.7,1002.44,0
10/17/2014,Autumn,24.45,68.67,7.94,1031.63,0
10/18/2014,Autumn,20.51,78.78,8.98,986.41,0
10/19/2014,Autumn,26.93,50.38,5.25,987.7,0
10/20/2014,Autumn,25.52,63.9,1.18,1032.69,0
10/21/2014,Autumn,22.2,70.04,5.21,998.73,0
10/22/2014,Autumn,22.11,58.5,7.93,1029.98,0
10/23/2014,Autumn,19.98,66.6,5.82,993.63,0
10/24/2014,Autumn,20.77,73.59,8.38,980.53,1
10/25/2014,Autumn,18.94,73.84,6.16,1021.24,0
10/26/2014,Autumn,19.98,61.41,8.89,1014.48,0
10/27/2014,Autumn,19.73,69.34,8.96,990.92,0
10/28/2014,Autumn,21.58,77.9,6.27,1006.36,1
10/29/2014,Autumn,23.3,81.64,8.65,1011.22,0
10/30/2014,Autumn,21.74,45.3,5.35,1032.17,0
10/31/2014,Autumn,21.2,57.98,2.06,1031.77,0
11/01/2014,Autumn,21.87,40.0,6.19,1031.24,1
11/02/2014,Autumn,21.91,64.32,6.98,1026.2,0
11/03/2014,Autumn,21.97,63.9,8.39,997.59,0
11/04/2014,Autumn,17.62,52.66,7.19,1007.0,0
11/05/2014,Autumn,20.17,63.52,8.71,1018.92,0
11/06/2014,Autumn,22.66,65.03,7.9,1009.13,1
11/07/2014,Autumn,19.6,59.97,3.57,1019.74,0
11/08/2014,Autumn,22.89,60.41,6.58,1031.38,0
11/09/2014,Autumn,22.98,55.17,7.39,988.22,0
11/10/2014,Autumn,17.97,77.47,2.39,1016.41,1
11/11/2014,Autumn,19.77,79.94,7.33,984.68,0
11/12/2014,Autumn,21.16,46.22,6.33,1022.93,0
11/13/2014,Autumn,17.5,40.0,1.71,983.19,0
11/14/2014,Autumn,21.6,81.82,1.48,1016.57,0
11/15/2014,Autumn,17.54,68.6,3.13,1003.2,0
11/16/2014,Autumn,18.64,77.83,7.89,1005.39,0
11/17/2014,Autumn,19.67,49.24,7.58,1025.35,0
11/18/2014,Autumn,22.91,56.87,4.55,1007.66,0
11/19/2014,Autumn,17.01,68.05,2.35,1030.06,0
11/20/2014,Autumn,17.48,55.13,6.74,1012.0,0
11/21/2014,Autumn,17.07,70.76,2.59,990.29,0
11/22/2014,Autumn,18.26,56.64,6.16,984.06,1
11/23/2014,Autumn,15.29,40.0,5.49,981.73,0
11/24/2014,Autumn,21.07,66.88,5.68,980.11,1
11/25/2014,Autumn,19.02,54.07,5.96,1034.73,0
11/26/2014,Autumn,18.78,65.28,1.62,1020.46,0
11/27/2014,Autumn,20.5,59.82,5.28,1017.52,0
11/28/2014,Autumn,17.89,65.24,4.11,1000.72,0
11/29/2014,Autumn,18.91,76.89,4.74,996.56,1
11/30/2014,Autumn,20.19,66.18,9.5,983.43,1
12/01/2014,Winter,20.81,67.68,9.3,999.74,0
12/02/2014,Winter,22.34,41.8,8.26,1033.07,0
12/03/2014,Winter,18.24,56.42,8.95,1030.39,0
12/04/2014,Winter,18.28,66.55,6.84,1023.63,0
12/05/2014,Winter,17.21,77.61,7.26,995.13,1
12/06/2014,Winter,19.58,56.81,4.34,987.62,0
12/07/2014,Winter,15.33,41.66,5.3,987.09,0
12/08/2014,Winter,15.85,64.67,5.42,1001.77,1
12/09/2014,Winter,18.31,70.97,1.6,1030.25,0
12/10/2014,Winter,19.8,62.35,4.84,1020.43,0
12/11/2014,Winter,20.22,84.52,5.08,1011.26,0
12/12/2014,Winter,17.67,61.58,1.63,986.94,0
12/13/2014,Winter,15.29,69.16,5.01,1008.48,1
12/14/2014,Winter,18.27,61.32,9.91,1020.03,0
12/15/2014,Winter,17.63,61.5,4.78,1001.97,0
12/16/2014,Winter,22.95,86.6,8.09,983.62,0
12/17/2014,Winter,16.38,65.08,3.44,987.05,0
12/18/2014,Winter,19.69,86.56,7.64,997.67,1
12/19/2014,Winter,19.46,61.29,8.58,1008.82,0
12/20/2014,Winter,19.22,56.78,5.57,1011.24,0
12/21/2014,Winter,18.18,61.37,8.34,1018.64,1
12/22/2014,Winter,19.31,74.01,1.64,981.5,0
12/23/2014,Winter,22.63,69.88,5.2,984.82,0
12/24/2014,Winter,18.18,61.1,6.97,1031.58,0
12/25/2014,Winter,19.69,52.2,7.87,990.92,0
12/26/2014,Winter,18.49,51.51,4.16,1027.02,0
12/27/2014,Winter,19.23,67.4,7.6,988.43,1
12/28/2014,Winter,19.05,70.21,8.94,1010.45,1
12/29/2014,Winter,15.49,65.21,5.63,1021.22,0
12/30/2014,Winter,17.86,75.94,3.09,990.81,0
12/31/2014,Winter,18.84,68.27,9.91,1014.42,0
01/01/2015,Winter,21.62,72.33,9.61,985.07,0
01/02/2015,Winter,18.72,63.62,6.81,1030.44,0
01/03/2015,Winter,17.47,74.78,3.61,988.02,0
01/04/2015,Winter,18.87,63.8,5.19,1029.62,1
01/05/2015,Winter,22.23,68.19,4.83,1027.13,0
01/06/2015,Winter,17.77,72.75,3.55,1026.64,1
01/07/2015,Winter,19.17,79.62,5.88,1003.98,1
01/08/2015,Winter,20.3,75.07,3.81,989.45,0
01/09/2015,Winter,19.07,53.07,3.41,1011.74,0
01/10/2015,Winter,19.92,53.28,6.57,999.19,0
01/11/2015,Winter,16.32,65.37,2.0,1033.61,0
01/12/2015,Winter,18.35,56.89,3.49,1002.4,0
01/13/2015,Winter,20.01,68.75,5.76,1008.75,1
01/14/2015,Winter,21.63,62.64,4.33,1029.01,0
01/15/2015,Winter,18.52,62.82,2.4,985.82,0
01/16/2015,Winter,19.19,59.98,4.36,1021.0,0
01/17/2015,Winter,16.75,57.8,7.35,995.3,1
01/18/2015,Winter,17.86,68.78,4.71,1033.26,0
01/19/2015,Winter,15.4,62.89,7.47,1012.4,0
01/20/2015,Winter,18.87,51.97,8.34,985.24,0
01/21/2015,Winter,14.08,53.26,5.03,1028.5,1
01/22/2015,Winter,19.2,47.44,3.6,988.01,0
01/23/2015,Winter,19.14,54.69,7.83,996.3,0
01/24/2015,Winter,18.89,59.02,3.23,991.03,0
01/25/2015,Winter,18.71,73.55,5.4,1013.02,0
01/26/2015,Winter,19.84,65.85,8.83,1026.82,1
01/27/2015,Winter,17.1,69.08,1.04,992.5,0
01/28/2015,Winter,20.09,57.43,6.01,1016.09,0
01/29/2015,Winter,22.67,45.93,4.64,983.35,0
01/30/2015,Winter,17.81,54.58,5.06,992.23,0
01/31/2015,Winter,21.05,81.48,8.2,985.49,0
02/01/2015,Winter,20.19,55.69,6.96,1033.64,0
02/02/2015,Winter,20.06,68.28,3.93,988.13,0
02/03/2015,Winter,21.89,65.05,3.34,1032.35,0
02/04/2015,Winter,18.7,43.44,8.13,1003.84,0
02/05/2015,Winter,20.16,69.8,9.49,1010.36,0
02/06/2015,Winter,21.22,78.67,4.39,1005.39,0
02/07/2015,Winter,22.17,71.12,2.07,1020.82,0
02/08/2015,Winter,22.14,70.64,7.37,1028.66,0
02/09/2015,Winter,19.85,60.42,5.71,1021.15,0
02/10/2015,Winter,20.44,68.2,2.23,1030.1,0
02/11/2015,Winter,19.38,81.57,8.84,1006.85,1
02/12/2015,Winter,21.45,54.16,5.4,1023.64,0
02/13/2015,Winter,21.58,71.85,8.41,1003.7,0
02/14/2015,Winter,22.81,59.39,9.85,1011.12,0
02/15/2015,Winter,21.82,71.29,8.56,994.63,0
02/16/2015,Winter,22.45,71.73,6.86,1015.97,0
02/17/2015,Winter,19.74,74.52,2.75,1001.64,0
02/18/2015,Winter,23.56,57.86,3.92,1010.12,0
02/19/2015,Winter,22.75,66.1,8.93,1007.03,0
02/20/2015,Winter,21.91,58.55,8.64,981.33,0
02/21/2015,Winter,22.83,64.5,3.6,1001.31,0
02/22/2015,Winter,26.83,68.89,1.93,1016.93,1
02/23/2015,Winter,23.67,58.5,4.16,1021.92,0
02/24/2015,Winter,22.25,53.48,9.17,1024.27,0
02/25/2015,Winter,23.06,63.73,7.67,981.85,0
02/26/2015,Winter,20.55,71.82,1.17,1005.04,1
02/27/2015,Winter,19.23,76.63,7.86,1016.93,0
02/28/2015,Winter,18.62,61.69,7.38,999.71,0
03/01/2015,Summer,23.39,62.79,8.67,1011.86,0
03/02/2015,Summer,24.16,70.77,3.26,1011.03,0
03/03/2015,Summer,21.72,66.07,6.3,987.31,0
03/04/2015,Summer,21.61,55.83,5.3,1032.36,1
03/05/2015,Summer,22.12,44.99,6.39,1033.07,1
03/06/2015,Summer,25.47,77.92,4.9,1026.57,0
03/07/2015,Summer,24.06,83.46,7.21,983.02,0
03/08/2015,Summer,23.37,56.41,7.65,989.22,0
03/09/2015,Summer,23.81,83.67,4.04,1002.22,1
03/10/2015,Summer,23.27,62.23,9.72,1000.0,0
03/11/2015,Summer,22.87,64.01,6.68,1033.05,0
03/12/2015,Summer,23.86,61.83,5.3,1013.01,0
03/13/2015,Summer,23.38,80.86,2.29,1030.29,0
03/14/2015,Summer,26.61,59.94,3.42,1015.86,0
03/15/2015,Summer,26.44,57.01,9.9,1029.82,1
03/16/2015,Summer,24.1,69.2,2.16,1027.74,0
03/17/2015,Summer,26.9,71.44,9.11,1007.73,1
03/18/2015,Summer,23.21,58.8,2.01,1011.89,1
03/19/2015,Summer,23.16,74.85,6.29,1020.96,0
03/20/2015,Summer,24.28,73.48,8.11,1011.52,0
03/21/2015,Summer,27.77,53.05,8.33,982.91,0
03/22/2015,Summer,29.56,67.62,8.04,1003.22,1
03/23/2015,Summer,24.22,83.49,3.03,1009.02,0
03/24/2015,Summer,26.87,46.9,8.9,1016.57,0
03/25/2015,Summer,31.89,67.93,6.49,1008.84,0
03/26/2015,Summer,28.53,70.4,6.88,1030.05,0
03/27/2015,Summer,27.28,62.65,6.59,1019.07,0
03/28/2015,Summer,27.12,48.27,7.93,993.27,0
03/29/2015,Summer,26.31,72.13,7.39,1031.61,1
03/30/2015,Summer,30.95,75.59,5.35,1023.2,0
03/31/2015,Summer,28.35,67.92,3.05,1033.64,0
04/01/2015,Summer,25.72,57.05,6.26,1029.96,0
04/02/2015,Summer,29.91,63.9,1.84,995.44,0
04/03/2015,Summer,28.66,53.61,1.77,990.73,0
04/04/2015,Summer,28.51,59.5,5.82,1012.35,0
04/05/2015,Summer,27.66,51.66,4.93,983.84,0
04/06/2015,Summer,27.42,58.32,3.64,991.41,0
04/07/2015,Summer,26.0,69.91,9.53,1022.16,0
04/08/2015,Summer,29.91,76.7,2.5,1034.02,0
04/09/2015,Summer,26.74,64.04,4.45,1025.16,0
04/10/2015,Summer,29.32,47.91,3.78,984.69,0
04/11/2015,Summer,28.98,82.81,4.74,1029.88,0
04/12/2015,Summer,30.2,77.19,4.42,983.02,0
04/13/2015,Summer,26.38,60.33,1.95,1018.37,0
04/14/2015,Summer,30.1,72.02,3.85,1014.98,0
04/15/2015,Summer,30.35,58.1,1.11,1010.7,0
04/16/2015,Summer,30.28,63.98,2.1,996.89,0
04/17/2015,Summer,29.97,77.3,7.62,1006.49,0
04/18/2015,Summer,32.2,58.51,7.08,1019.68,0
04/19/2015,Summer,31.07,68.43,4.46,980.29,0
04/20/2015,Summer,29.81,69.2,8.0,1018.63,1
04/21/2015,Summer,31.21,72.67,8.16,1021.22,0
04/22/2015,Summer,32.91,81.71,6.66,1014.97,1
04/23/2015,Summer,29.07,57.36,1.23,1026.02,0
04/24/2015,Summer,27.82,61.65,7.86,1026.1,0
04/25/2015,Summer,31.43,66.77,2.29,997.07,0
04/26/2015,Summer,32.8,61.11,6.47,988.3,0
04/27/2015,Summer,30.36,61.14,6.19,1015.61,0
04/28/2015,Summer,29.87,62.76,1.51,984.22,0
04/29/2015,Summer,29.28,80.78,8.14,1031.8,0
04/30/2015,Summer,28.81,58.85,9.7,1001.33,0
05/01/2015,Summer,31.15,72.89,2.39,981.62,0
05/02/2015,Summer,34.78,62.93,9.38,1012.23,0
05/03/2015,Summer,30.11,71.04,5.53,1009.98,1
05/04/2015,Summer,33.74,68.09,8.74,1013.75,0
05/05/2015,Summer,31.82,84.85,8.46,1007.08,1
05/06/2015,Summer,34.88,69.92,5.44,1034.02,0
05/07/2015,Summer,28.85,78.15,1.55,997.41,0
05/08/2015,Summer,29.41,61.16,7.57,1019.58,0
05/09/2015,Summer,34.73,60.73,7.05,1004.9,0
05/10/2015,Summer,34.6,64.6,4.2,994.24,0
05/11/2015,Summer,29.72,72.36,3.23,1011.32,1
05/12/2015,Summer,31.3,69.39,5.73,993.9,0
05/13/2015,Summer,33.77,77.67,5.81,983.13,1
05/14/2015,Summer,32.28,50.32,3.76,1030.81,0
05/15/2015,Summer,33.13,63.59,8.19,1002.27,0
05/16/2015,Summer,32.8,77.16,8.32,1025.64,0
05/17/2015,Summer,26.89,64.01,8.69,1027.77,0
05/18/2015,Summer,31.91,60.77,6.08,1004.04,0
05/19/2015,Summer,33.49,72.13,5.25,997.56,0
05/20/2015,Summer,30.35,54.39,3.81,1004.07,0
05/21/2015,Summer,32.05,68.33,2.76,1012.25,0
05/22/2015,Summer,32.1,50.41,7.76,1002.29,0
05/23/2015,Summer,33.64,83.68,8.19,1013.48,0
05/24/2015,Summer,33.93,68.61,4.93,1008.01,0
05/25/2015,Summer,33.7,52.35,9.63,990.9,0
05/26/2015,Summer,33.7,61.51,2.78,1028.79,0
05/27/2015,Summer,33.76,59.02,4.0,1001.71,0
05/28/2015,Summer,33.02,52.17,6.38,986.7,0
05/29/2015,Summer,33.69,55.91,9.3,1002.19,1
05/30/2015,Summer,32.46,66.58,8.38,1033.0,0
05/31/2015,Summer,35.63,70.67,9.38,980.22,0
06/01/2015,Monsoon,34.2,63.04,5.35,1012.21,1
06/02/2015,Monsoon,35.47,79.65,13.35,1001.58,0
06/03/2015,Monsoon,32.24,64.83,14.29,981.95,1
06/04/2015,Monsoon,36.98,63.31,11.96,1015.72,1
06/05/2015,Monsoon,37.71,54.66,5.36,991.36,0
06/06/2015,Monsoon,35.18,58.58,12.32,1020.47,0
06/07/2015,Monsoon,34.56,60.48,5.62,1020.57,1
06/08/2015,Monsoon,35.66,60.7,8.62,1012.19,1
06/09/2015,Monsoon,35.45,74.51,5.68,1031.62,0
06/10/2015,Monsoon,32.83,88.11,13.57,986.53,0
06/11/2015,Monsoon,36.18,81.72,9.93,1028.83,1
06/12/2015,Monsoon,33.6,64.64,9.59,981.0,1
06/13/2015,Monsoon,35.5,66.81,14.67,1005.74,1
06/14/2015,Monsoon,32.57,56.37,10.64,1005.51,0
06/15/2015,Monsoon,36.01,76.73,5.81,1008.77,1
06/16/2015,Monsoon,33.79,56.85,10.2,1022.93,1
06/17/2015,Monsoon,32.73,55.3,8.37,1016.61,1
06/18/2015,Monsoon,34.26,60.04,6.76,981.05,0
06/19/2015,Monsoon,31.9,53.62,5.39,1006.36,1
06/20/2015,Monsoon,37.5,50.82,12.51,983.78,1
06/21/2015,Monsoon,33.52,82.03,8.05,1006.88,1
06/22/2015,Monsoon,37.48,58.92,14.45,1020.27,0
06/23/2015,Monsoon,30.98,51.49,12.48,1001.09,0
06/24/2015,Monsoon,31.25,69.47,7.65,1016.31,1
06/25/2015,Monsoon,36.03,54.61,7.5,1018.36,0
06/26/2015,Monsoon,35.0,64.04,5.68,1004.92,0
06/27/2015,Monsoon,33.45,59.03,7.09,986.6,1
06/28/2015,Monsoon,34.85,77.84,8.47,992.5,0
06/29/2015,Monsoon,33.1,60.49,6.09,1006.68,0
06/30/2015,Monsoon,35.84,66.09,9.37,1007.57,0
07/01/2015,Monsoon,37.01,69.2,12.92,1022.44,1
07/02/2015,Monsoon,33.85,70.8,5.36,1014.1,1
07/03/2015,Monsoon,34.37,73.27,11.05,1001.88,1
07/04/2015,Monsoon,37.62,69.83,10.45,1017.23,1
07/05/2015,Monsoon,35.86,79.8,5.73,1013.06,0
07/06/2015,Monsoon,29.94,66.39,14.06,1021.43,1
07/07/2015,Monsoon,35.1,62.84,14.83,1012.7,1
07/08/2015,Monsoon,36.56,46.42,13.11,985.13,1
07/09/2015,Monsoon,34.4,71.53,5.91,1022.63,1
07/10/2015,Monsoon,36.92,89.66,5.59,993.28,1
07/11/2015,Monsoon,30.75,61.49,9.53,992.74,0
07/12/2015,Monsoon,37.67,74.28,7.16,1004.34,1
07/13/2015,Monsoon,35.75,75.06,7.24,984.33,1
07/14/2015,Monsoon,32.47,71.59,7.48,1009.75,0
07/15/2015,Monsoon,34.96,71.85,5.27,1031.88,0
07/16/2015,Monsoon,31.57,58.45,7.38,1018.2,0
07/17/2015,Monsoon,31.5,59.2,7.3,1020.47,1
07/18/2015,Monsoon,32.16,76.63,12.43,994.7,1
07/19/2015,Monsoon,31.5,57.78,8.57,1033.09,0
07/20/2015,Monsoon,33.12,68.27,7.57,1025.11,0
07/21/2015,Monsoon,34.8,79.25,12.53,1031.08,1
07/22/2015,Monsoon,29.41,74.47,11.85,996.52,1
07/23/2015,Monsoon,36.73,73.28,5.27,986.47,1
07/24/2015,Monsoon,33.42,61.62,8.72,986.37,1
07/25/2015,Monsoon,31.79,67.26,5.94,1012.33,1
07/26/2015,Monsoon,34.17,57.8,8.37,1030.82,1
07/27/2015,Monsoon,36.36,66.14,10.89,1034.21,0
07/28/2015,Monsoon,33.45,76.14,7.83,1033.2,0
07/29/2015,Monsoon,33.94,61.39,6.27,985.0,1
07/30/2015,Monsoon,29.96,63.91,7.98,1010.16,1
07/31/2015,Monsoon,36.25,60.54,5.09,1014.44,1
08/01/2015,Monsoon,31.67,74.09,7.19,995.65,0
08/02/2015,Monsoon,32.76,77.45,8.3,1016.39,1
08/03/2015,Monsoon,29.51,61.49,12.86,1006.03,1
08/04/2015,Monsoon,29.5,67.74,11.93,996.9,1
08/05/2015,Monsoon,27.25,50.95,8.88,989.81,1
08/06/2015,Monsoon,28.8,61.16,12.15,1024.13,1
08/07/2015,Monsoon,31.73,51.63,5.06,1016.18,1
08/08/2015,Monsoon,31.54,54.93,9.21,1005.19,0
08/09/2015,Monsoon,33.01,72.27,7.11,980.47,1
08/10/2015,Monsoon,35.0,67.45,8.63,1019.3,1
08/11/2015,Monsoon,30.41,67.77,12.23,1018.18,0
08/12/2015,Monsoon,30.2,64.9,5.71,993.67,1
08/13/2015,Monsoon,31.34,70.42,13.32,1023.39,1
08/14/2015,Monsoon,30.24,83.5,9.81,1021.78,0
08/15/2015,Monsoon,28.51,58.25,10.67,1032.14,0
08/16/2015,Monsoon,32.46,70.3,10.7,987.07,1
08/17/2015,Monsoon,31.45,69.96,7.19,1011.88,1
08/18/2015,Monsoon,31.07,52.31,11.56,984.53,1
08/19/2015,Monsoon,30.4,63.79,10.94,985.55,1
08/20/2015,Monsoon,30.66,59.97,9.49,1029.98,1
08/21/2015,Monsoon,29.72,64.38,6.76,1025.53,0
08/22/2015,Monsoon,27.8,69.75,11.26,995.84,1
08/23/2015,Monsoon,28.82,70.31,8.89,995.76,1
08/24/2015,Monsoon,30.65,46.05,8.34,1022.14,1
08/25/2015,Monsoon,29.46,63.6,8.88,996.11,1
08/26/2015,Monsoon,30.43,44.7,7.54,997.84,1
08/27/2015,Monsoon,27.31,77.8,13.85,998.02,1
08/28/2015,Monsoon,30.93,72.35,6.12,1034.85,0
08/29/2015,Monsoon,29.53,63.94,12.93,1020.22,1
08/30/2015,Monsoon,28.68,68.6,11.43,1003.59,1
08/31/2015,Monsoon,29.64,65.79,14.14,1002.54,1
09/01/2015,Monsoon,29.55,56.47,7.14,1034.73,0
09/02/2015,Monsoon,32.39,68.41,7.11,1021.06,0
09/03/2015,Monsoon,30.42,66.16,12.97,986.72,1
09/04/2015,Monsoon,27.54,79.41,11.65,994.27,0
09/05/2015,Monsoon,30.47,82.19,9.55,1008.12,1
09/06/2015,Monsoon,30.59,50.26,8.95,981.0,0
09/07/2015,Monsoon,26.92,67.88,6.46,996.16,1
09/08/2015,Monsoon,26.05,68.09,12.73,1034.58,0
09/09/2015,Monsoon,25.79,53.13,9.66,1031.87,1
09/10/2015,Monsoon,26.76,75.73,14.3,1025.44,1
09/11/2015,Monsoon,27.25,57.02,12.91,1012.0,1
09/12/2015,Monsoon,25.03,49.61,12.24,1031.28,1
09/13/2015,Monsoon,28.18,54.69,8.66,988.62,0
09/14/2015,Monsoon,30.23,61.93,9.22,1005.17,1
09/15/2015,Monsoon,24.66,75.27,6.03,1033.63,1
09/16/2015,Monsoon,23.21,66.9,8.78,1023.64,1
09/17/2015,Monsoon,24.95,75.58,11.5,1004.51,0
09/18/2015,Monsoon,27.67,59.72,13.59,1029.04,1
09/19/2015,Monsoon,22.84,50.68,14.34,997.21,0
09/20/2015,Monsoon,25.12,56.56,14.13,1026.48,1
09/21/2015,Monsoon,25.43,83.84,12.94,1019.46,1
09/22/2015,Monsoon,26.84,66.62,13.2,1009.31,0
09/23/2015,Monsoon,23.59,70.96,6.31,1033.84,1
09/24/2015,Monsoon,28.31,76.5,13.48,994.54,1
09/25/2015,Monsoon,25.59,41.06,13.54,1025.35,1
09/26/2015,Monsoon,26.0,52.09,10.44,1019.89,1
09/27/2015,Monsoon,24.85,60.49,13.22,983.38,1
09/28/2015,Monsoon,28.03,84.48,13.79,1000.83,0
09/29/2015,Monsoon,26.76,67.03,5.21,992.77,0
09/30/2015,Monsoon,22.93,73.9,13.28,999.77,1
10/01/2015,Autumn,22.7,70.33,6.02,1023.87,1
10/02/2015,Autumn,23.1,79.19,7.85,1034.47,0
10/03/2015,Autumn,21.3,70.18,9.86,1010.08,0
10/04/2015,Autumn,20.07,66.53,8.45,1010.5,0
10/05/2015,Autumn,24.04,77.48,9.77,989.34,0
10/06/2015,Autumn,24.12,57.36,6.97,1023.44,0
10/07/2015,Autumn,26.67,74.21,5.19,1006.25,0
10/08/2015,Autumn,22.13,64.91,1.78,1033.02,0
10/09/2015,Autumn,23.39,62.94,9.93,1029.61,0
10/10/2015,Autumn,23.13,55.54,4.58,980.03,0
10/11/2015,Autumn,18.24,64.71,7.81,1008.67,0
10/12/2015,Autumn,22.4,68.56,9.46,1019.1,1
10/13/2015,Autumn,28.18,54.5,4.52,1015.69,0
10/14/2015,Autumn,22.65,54.1,6.46,991.97,0
10/15/2015,Autumn,22.8,69.62,6.24,1017.5,0
10/16/2015,Autumn,22.71,70.6,2.47,1009.69,0
10/17/2015,Autumn,19.55,69.05,4.19,1025.43,0
10/18/2015,Autumn,23.71,55.16,4.24,1012.54,0
10/19/2015,Autumn,22.71,66.9,1.49,996.61,0
10/20/2015,Autumn,23.75,89.77,7.06,1028.62,0
10/21/2015,Autumn,17.56,50.49,2.84,993.29,1
10/22/2015,Autumn,25.79,68.5,7.92,1001.02,1
10/23/2015,Autumn,23.0,57.16,1.38,996.57,0
10/24/2015,Autumn,22.46,79.04,2.62,1011.92,1
10/25/2015,Autumn,21.17,68.23,1.8,1005.98,1
10/26/2015,Autumn,24.38,58.61,8.21,1034.91,0
10/27/2015,Autumn,19.37,71.77,7.12,984.83,0
10/28/2015,Autumn,20.76,78.81,3.49,1018.52,0
10/29/2015,Autumn,19.2,45.65,9.16,1005.68,0
10/30/2015,Autumn,18.04,63.23,6.52,981.61,0
10/31/2015,Autumn,20.37,68.06,8.68,1030.51,0
11/01/2015,Autumn,18.7,71.3,4.47,985.36,0
11/02/2015,Autumn,21.0,55.23,2.24,1028.39,0
11/03/2015,Autumn,15.39,70.8,5.66,1013.43,0
11/04/2015,Autumn,23.57,64.96,9.78,1007.49,0
11/05/2015,Autumn,22.03,58.25,3.96,1033.25,0
11/06/2015,Autumn,21.95,62.02,4.76,1030.64,0
11/07/2015,Autumn,21.01,59.18,3.97,1015.32,0
11/08/2015,Autumn,20.56,62.81,8.29,1001.07,0
11/09/2015,Autumn,21.37,69.25,8.47,1004.95,0
11/10/2015,Autumn,19.36,56.96,3.05,1026.21,1
11/11/2015,Autumn,17.77,59.67,7.51,983.31,0
11/12/2015,Autumn,19.07,72.2,9.62,1009.89,1
11/13/2015,Autumn,18.48,51.59,5.3,1004.55,0
11/14/2015,Autumn,17.51,65.09,6.0,1028.47,0
11/15/2015,Autumn,20.94,69.77,7.12,1028.4,0
11/16/2015,Autumn,20.56,62.79,5.63,991.9,0
11/17/2015,Autumn,16.53,73.5,2.4,984.61,0
11/18/2015,Autumn,19.28,55.8,6.9,1009.77,0
11/19/2015,Autumn,18.38,69.6,8.77,981.0,1
11/20/2015,Autumn,17.59,71.62,8.25,987.57,1
11/21/2015,Autumn,21.03,51.34,3.93,1009.48,1
11/22/2015,Autumn,18.17,62.07,2.11,1024.6,0
11/23/2015,Autumn,19.1,53.16,3.4,994.85,0
11/24/2015,Autumn,16.24,76.69,9.78,1019.75,1
11/25/2015,Autumn,16.57,75.45,2.86,1008.53,1
11/26/2015,Autumn,19.43,60.56,6.2,1022.22,0
11/27/2015,Autumn,19.61,62.9,5.15,1027.26,0
11/28/2015,Autumn,19.13,51.46,2.95,1010.96,1
11/29/2015,Autumn,20.48,66.65,4.65,1004.25,0
11/30/2015,Autumn,16.71,63.02,1.29,980.44,0
12/01/2015,Winter,19.89,48.66,7.75,981.68,0
12/02/2015,Winter,14.27,53.81,3.08,1018.23,0
12/03/2015,Winter,20.36,75.8,7.5,987.71,0
12/04/2015,Winter,18.17,77.15,5.26,998.76,0
12/05/2015,Winter,19.06,56.72,4.34,1028.62,0
12/06/2015,Winter,17.87,52.83,8.85,1024.28,0
12/07/2015,Winter,19.14,81.32,9.66,992.8,0
12/08/2015,Winter,18.32,68.16,6.06,1031.25,1
12/09/2015,Winter,15.74,71.73,7.43,984.73,0
12/10/2015,Winter,16.56,63.03,9.84,1012.38,0
12/11/2015,Winter,18.35,65.55,3.35,1015.27,1
12/12/2015,Winter,18.96,80.76,4.06,1033.58,0
12/13/2015,Winter,16.62,56.46,5.56,1005.44,0
12/14/2015,Winter,21.51,72.46,3.82,987.41,0
12/15/2015,Winter,16.96,59.23,1.81,1011.86,1
12/16/2015,Winter,17.32,78.69,7.56,1003.8,0
12/17/2015,Winter,20.21,60.5,8.88,1034.39,0
12/18/2015,Winter,21.54,62.28,3.89,1022.6,0
12/19/2015,Winter,16.86,71.98,9.59,1010.74,0
12/20/2015,Winter,22.26,67.02,3.42,985.93,0
12/21/2015,Winter,17.64,77.03,7.99,1025.79,0
12/22/2015,Winter,20.71,73.5,7.1,982.93,0
12/23/2015,Winter,15.92,56.38,5.98,1001.91,1
12/24/2015,Winter,21.18,57.07,4.65,986.81,0
12/25/2015,Winter,18.63,69.47,5.43,1024.99,0
12/26/2015,Winter,18.1,63.03,7.02,1026.53,0
12/27/2015,Winter,20.37,65.79,3.86,1008.7,0
12/28/2015,Winter,20.01,57.06,1.28,1019.56,0
12/29/2015,Winter,22.01,56.74,7.99,1026.76,0
12/30/2015,Winter,18.12,57.09,1.78,997.48,0
12/31/2015,Winter,21.25,66.32,1.32,1021.0,0
01/01/2016,Winter,16.7,66.7,6.89,1017.08,0
01/02/2016,Winter,16.91,55.9,4.02,1030.17,0
01/03/2016,Winter,17.85,61.73,8.76,1024.77,1
01/04/2016,Winter,19.27,70.51,4.04,1010.16,0
01/05/2016,Winter,16.77,58.12,4.73,989.17,0
01/06/2016,Winter,16.34,70.62,2.58,996.05,0
01/07/2016,Winter,20.03,80.39,7.1,1015.67,0
01/08/2016,Winter,20.68,48.67,2.98,993.89,0
01/09/2016,Winter,14.38,65.23,7.57,983.18,0
01/10/2016,Winter,15.71,54.24,2.34,984.38,0
01/11/2016,Winter,20.34,61.3,9.19,992.61,0
01/12/2016,Winter,15.0,73.94,1.16,1032.8,0
01/13/2016,Winter,13.6,61.94,5.39,1026.92,0
01/14/2016,Winter,16.7,58.64,1.25,1019.8,0
01/15/2016,Winter,18.18,69.29,8.86,1001.67,0
01/16/2016,Winter,19.47,62.74,7.56,1014.99,0
01/17/2016,Winter,19.97,62.41,7.96,1022.19,1
01/18/2016,Winter,20.58,79.85,2.38,1034.17,0
01/19/2016,Winter,20.81,65.62,3.66,1005.01,0
01/20/2016,Winter,18.25,64.04,2.15,994.09,0
01/21/2016,Winter,17.81,70.78,6.42,1001.43,0
01/22/2016,Winter,15.0,68.94,4.49,987.61,1
01/23/2016,Winter,23.27,79.61,4.2,995.07,0
01/24/2016,Winter,19.85,73.78,3.5,985.92,0
01/25/2016,Winter,20.79,67.06,9.49,987.39,0
01/26/2016,Winter,17.59,63.17,7.69,1010.1,0
01/27/2016,Winter,20.03,66.64,2.88,980.03,0
01/28/2016,Winter,16.09,75.41,1.67,993.51,0
01/29/2016,Winter,18.34,59.31,2.02,980.8,0
01/30/2016,Winter,20.51,56.88,9.96,983.49,0
01/31/2016,Winter,21.02,51.09,8.21,986.56,0
02/01/2016,Winter,20.48,49.8,5.97,1024.3,0
02/02/2016,Winter,20.82,58.2,6.05,988.98,1
02/03/2016,Winter,16.85,78.98,3.15,994.95,0
02/04/2016,Winter,18.19,60.95,3.82,1005.76,0
02/05/2016,Winter,17.98,56.05,1.62,983.57,0
02/06/2016,Winter,20.65,50.63,3.99,989.55,0
02/07/2016,Winter,20.45,64.43,2.29,1034.45,0
02/08/2016,Winter,19.79,62.53,4.1,1023.77,0
02/09/2016,Winter,17.23,58.29,6.87,1013.1,1
02/10/2016,Winter,19.07,73.3,3.38,1009.87,0
02/11/2016,Winter,18.37,72.23,6.58,991.18,1
02/12/2016,Winter,22.19,80.41,2.79,999.12,0
02/13/2016,Winter,25.1,70.5,1.15,1004.8,0
02/14/2016,Winter,25.22,53.73,7.12,1008.15,0
02/15/2016,Winter,21.22,77.11,4.74,1014.44,1
02/16/2016,Winter,20.34,63.02,9.7,996.4,0
02/17/2016,Winter,21.06,50.12,8.02,1001.47,1
02/18/2016,Winter,19.83,55.66,1.32,995.63,0
02/19/2016,Winter,23.01,88.9,4.36,997.85,0
02/20/2016,Winter,20.46,84.83,8.04,1020.17,0
02/21/2016,Winter,18.28,70.97,8.54,1015.67,0
02/22/2016,Winter,24.74,57.65,4.26,981.97,0
02/23/2016,Winter,22.04,56.89,2.3,997.84,0
02/24/2016,Winter,23.25,65.04,2.44,1026.42,0
02/25/2016,Winter,22.82,70.59,8.2,1006.64,0
02/26/2016,Winter,26.88,63.01,9.64,998.55,0
02/27/2016,Winter,22.86,62.1,7.52,994.68,0
02/28/2016,Winter,24.25,59.18,1.74,1005.27,0
02/29/2016,Winter,24.44,69.69,2.11,983.46,0
03/01/2016,Summer,22.74,84.4,7.38,1032.76,0
03/02/2016,Summer,26.27,44.29,8.84,997.41,1
03/03/2016,Summer,22.88,73.63,3.18,989.49,0
03/04/2016,Summer,23.67,59.63,3.17,1012.75,0
03/05/2016,Summer,21.7,53.83,8.0,1006.09,0
03/06/2016,Summer,27.57,67.63,4.53,1031.14,1
03/07/2016,Summer,24.87,66.16,3.0,1017.49,0
03/08/2016,Summer,23.58,53.22,1.21,1011.97,0
03/09/2016,Summer,23.7,50.23,3.53,996.87,0
03/10/2016,Summer,24.81,67.22,3.48,1003.7,0
03/11/2016,Summer,22.03,68.32,3.04,981.92,0
03/12/2016,Summer,23.45,68.28,5.45,989.9,0
03/13/2016,Summer,26.03,64.5,5.22,1004.12,1
03/14/2016,Summer,25.61,75.29,3.0,1034.18,1
03/15/2016,Summer,24.31,54.27,6.05,1034.17,0
03/16/2016,Summer,27.77,62.08,2.81,983.41,0
03/17/2016,Summer,24.82,66.34,2.6,1019.43,0
03/18/2016,Summer,28.77,64.54,8.7,1024.23,0
03/19/2016,Summer,25.64,76.86,9.15,999.43,0
03/20/2016,Summer,25.57,67.7,3.67,989.06,0
03/21/2016,Summer,27.95,76.9,2.28,1023.47,0
03/22/2016,Summer,23.65,69.54,8.63,1001.19,0
03/23/2016,Summer,28.73,69.77,5.64,1021.75,0
03/24/2016,Summer,27.32,49.06,7.12,991.75,0
03/25/2016,Summer,26.03,70.96,7.95,996.11,0
03/26/2016,Summer,26.79,43.87,3.93,983.17,1
03/27/2016,Summer,26.97,70.1,1.79,1008.9,0
03/28/2016,Summer,27.15,70.38,2.42,999.44,1
03/29/2016,Summer,24.17,70.97,5.43,1034.63,0
03/30/2016,Summer,27.06,69.4,3.57,1003.72,0
03/31/2016,Summer,30.53,58.28,3.09,1000.77,1
04/01/2016,Summer,26.48,53.91,3.27,1031.52,0
04/02/2016,Summer,28.45,66.38,8.36,1024.96,0
04/03/2016,Summer,27.32,59.86,2.36,1016.42,0
04/04/2016,Summer,28.92,87.15,9.62,1006.25,0
04/05/2016,Summer,31.68,55.72,3.32,989.54,0
04/06/2016,Summer,26.39,51.62,4.19,1026.62,0
04/07/2016,Summer,28.83,50.52,2.39,983.34,0
04/08/2016,Summer,32.63,57.2,2.5,1010.66,0
04/09/2016,Summer,25.63,63.39,9.08,1008.73,0
04/10/2016,Summer,30.06,60.31,9.79,997.44,0
04/11/2016,Summer,28.22,58.14,7.9,1020.8,0
04/12/2016,Summer,26.94,69.35,4.98,996.69,0
04/13/2016,Summer,28.87,70.26,7.64,988.24,1
04/14/2016,Summer,27.52,67.09,6.34,993.5,0
04/15/2016,Summer,30.96,67.03,1.97,980.18,0
04/16/2016,Summer,32.71,76.65,2.59,984.87,0
04/17/2016,Summer,29.04,74.1,2.89,983.43,0
04/18/2016,Summer,29.28,45.84,2.47,996.81,1
04/19/2016,Summer,30.11,67.48,9.45,999.84,0
04/20/2016,Summer,29.07,65.55,7.5,986.65,0
04/21/2016,Summer,28.21,74.75,8.54,994.01,0
04/22/2016,Summer,30.99,53.19,6.29,980.09,0
04/23/2016,Summer,29.37,64.81,3.41,1030.39,0
04/24/2016,Summer,30.26,84.54,5.59,1034.03,0
04/25/2016,Summer,28.78,79.03,1.28,1011.79,0
04/26/2016,Summer,29.49,84.67,3.16,1034.07,1
04/27/2016,Summer,27.91,61.63,6.01,1017.9,1
04/28/2016,Summer,26.08,66.6,1.9,1016.26,0
04/29/2016,Summer,29.09,59.43,5.32,994.52,0
04/30/2016,Summer,30.45,57.01,2.51,1032.38,0
05/01/2016,Summer,27.62,82.84,3.6,980.71,0
05/02/2016,Summer,31.71,47.97,7.97,1023.75,0
05/03/2016,Summer,35.39,53.76,9.57,986.33,0
05/04/2016,Summer,33.0,73.94,6.5,1005.37,0
05/05/2016,Summer,30.2,70.31,9.13,991.57,0
05/06/2016,Summer,32.33,53.84,9.18,1016.42,0
05/07/2016,Summer,34.6,62.92,8.79,1009.07,0
05/08/2016,Summer,29.11,61.59,3.12,1007.04,1
05/09/2016,Summer,30.44,75.81,7.85,996.47,0
05/10/2016,Summer,29.9,57.24,4.65,1016.74,1
05/11/2016,Summer,32.48,63.69,7.26,982.7,0
05/12/2016,Summer,31.3,53.69,6.02,991.86,0
05/13/2016,Summer,34.1,64.07,9.78,1033.08,0
05/14/2016,Summer,34.45,65.27,8.65,1002.59,0
05/15/2016,Summer,32.82,42.84,1.0,993.24,0
05/16/2016,Summer,32.5,69.86,7.0,1019.15,0
05/17/2016,Summer,31.93,71.03,3.79,1009.58,0
05/18/2016,Summer,33.49,52.82,8.1,1024.06,1
05/19/2016,Summer,31.8,65.07,9.57,987.36,0
05/20/2016,Summer,32.29,58.77,3.74,1006.45,0
05/21/2016,Summer,30.24,40.0,1.67,1022.49,0
05/22/2016,Summer,35.21,62.92,2.89,982.61,0
05/23/2016,Summer,29.32,69.99,8.53,1025.5,0
05/24/2016,Summer,37.1,67.29,9.4,1024.35,0
05/25/2016,Summer,34.15,65.7,5.41,1013.99,0
05/26/2016,Summer,33.41,67.0,8.58,1026.19,0
05/27/2016,Summer,32.16,55.46,8.02,1010.8,1
05/28/2016,Summer,34.14,56.09,5.57,998.16,1
05/29/2016,Summer,37.29,55.56,3.37,1030.49,0
05/30/2016,Summer,34.38,69.05,8.37,1010.58,1
05/31/2016,Summer,38.12,68.23,7.59,1016.84,1
06/01/2016,Monsoon,38.42,46.84,5.3,1000.69,1
06/02/2016,Monsoon,35.85,73.54,13.45,999.3,1
06/03/2016,Monsoon,30.2,47.21,14.68,1002.33,0
06/04/2016,Monsoon,33.76,60.04,11.33,999.58,0
06/05/2016,Monsoon,35.01,54.83,5.76,1006.16,1
06/06/2016,Monsoon,33.09,55.63,14.65,995.19,0
06/07/2016,Monsoon,34.45,72.59,12.97,1026.83,0
06/08/2016,Monsoon,33.74,67.53,13.57,993.4,0
06/09/2016,Monsoon,33.38,71.14,8.93,1011.03,1
06/10/2016,Monsoon,36.33,50.96,14.25,998.43,1
06/11/2016,Monsoon,33.28,78.43,12.47,1027.14,1
06/12/2016,Monsoon,31.81,55.73,14.62,1022.44,1
06/13/2016,Monsoon,35.12,45.41,6.59,996.53,1
06/14/2016,Monsoon,33.61,56.39,8.73,1010.25,1
06/15/2016,Monsoon,35.54,63.87,5.56,1009.58,1
06/16/2016,Monsoon,34.61,55.33,5.28,997.67,0
06/17/2016,Monsoon,34.85,80.33,9.01,1007.53,1
06/18/2016,Monsoon,33.85,71.2,9.53,984.84,1
06/19/2016,Monsoon,33.86,67.45,8.94,1029.54,1
06/20/2016,Monsoon,34.13,48.79,12.87,993.86,0
06/21/2016,Monsoon,37.82,46.4,6.09,1007.06,1
06/22/2016,Monsoon,32.01,50.08,12.17,1034.86,1
06/23/2016,Monsoon,35.33,62.53,13.77,1019.07,1
06/24/2016,Monsoon,36.54,57.56,14.72,994.97,0
06/25/2016,Monsoon,31.59,75.23,13.53,1008.57,1
06/26/2016,Monsoon,33.04,69.58,12.48,1000.19,1
06/27/2016,Monsoon,31.1,72.63,8.91,1012.0,1
06/28/2016,Monsoon,34.87,64.79,10.61,998.74,0
06/29/2016,Monsoon,31.9,70.42,7.02,1013.62,0
06/30/2016,Monsoon,34.53,64.17,14.58,1001.34,1
07/01/2016,Monsoon,37.29,77.12,12.79,1002.68,1
07/02/2016,Monsoon,34.38,66.01,7.23,1021.41,0
07/03/2016,Monsoon,31.64,47.05,5.17,1020.91,1
07/04/2016,Monsoon,38.67,67.34,8.12,1024.72,1
07/05/2016,Monsoon,31.68,66.22,9.47,980.88,1
07/06/2016,Monsoon,34.05,77.3,11.05,1003.08,0
07/07/2016,Monsoon,34.22,63.47,7.09,1026.69,1
07/08/2016,Monsoon,33.94,59.17,14.39,994.6,0
07/09/2016,Monsoon,33.95,52.61,9.92,987.48,0
07/10/2016,Monsoon,28.49,46.44,7.85,1034.83,1
07/11/2016,Monsoon,34.42,51.84,12.94,1018.68,1
07/12/2016,Monsoon,29.29,70.57,12.35,1020.66,1
07/13/2016,Monsoon,34.91,58.69,14.52,984.64,0
07/14/2016,Monsoon,33.19,82.47,9.88,1002.34,0
07/15/2016,Monsoon,31.79,51.9,14.58,996.34,0
07/16/2016,Monsoon,31.83,69.59,9.84,997.71,1
07/17/2016,Monsoon,31.04,65.41,7.19,1021.1,1
07/18/2016,Monsoon,33.18,54.49,11.41,980.99,0
07/19/2016,Monsoon,35.72,60.03,12.7,1007.8,0
07/20/2016,Monsoon,36.31,55.44,12.27,981.66,0
07/21/2016,Monsoon,35.97,58.82,11.65,987.87,1
07/22/2016,Monsoon,31.89,49.24,6.02,985.58,0
07/23/2016,Monsoon,31.99,80.27,13.54,983.34,0
07/24/2016,Monsoon,36.92,58.82,8.53,990.9,1
07/25/2016,Monsoon,32.35,53.83,14.91,983.05,1
07/26/2016,Monsoon,32.92,66.67,12.03,996.03,1
07/27/2016,Monsoon,32.3,86.61,7.76,1015.28,0
07/28/2016,Monsoon,32.04,74.09,6.79,1024.61,1
07/29/2016,Monsoon,35.34,63.6,12.49,1020.88,1
07/30/2016,Monsoon,30.37,77.36,11.68,1022.52,1
07/31/2016,Monsoon,33.42,74.43,5.34,1001.95,1
08/01/2016,Monsoon,34.67,58.05,14.63,1012.33,0
08/02/2016,Monsoon,32.91,61.69,9.65,986.44,1
08/03/2016,Monsoon,28.52,76.24,11.21,1028.41,1
08/04/2016,Monsoon,33.78,81.68,10.49,985.55,1
08/05/2016,Monsoon,31.0,71.25,14.92,1009.48,0
08/06/2016,Monsoon,30.28,80.63,10.26,982.67,1
08/07/2016,Monsoon,30.8,55.52,8.03,1031.79,0
08/08/2016,Monsoon,28.87,44.74,7.11,994.71,1
08/09/2016,Monsoon,28.52,72.29,8.24,1003.94,1
08/10/2016,Monsoon,30.98,47.76,8.52,999.63,1
08/11/2016,Monsoon,35.05,58.56,12.81,1032.23,1
08/12/2016,Monsoon,28.22,57.78,11.0,994.09,1
08/13/2016,Monsoon,30.87,64.66,12.43,1029.32,0
08/14/2016,Monsoon,29.96,64.12,9.32,1011.43,1
08/15/2016,Monsoon,29.46,65.61,13.04,1018.11,0
08/16/2016,Monsoon,32.47,50.74,9.84,998.52,0
08/17/2016,Monsoon,31.53,66.63,8.1,1001.66,0
08/18/2016,Monsoon,33.09,54.41,9.95,1029.71,1
08/19/2016,Monsoon,28.15,68.39,13.05,1012.4,1
08/20/2016,Monsoon,29.13,62.1,7.7,981.54,1
08/21/2016,Monsoon,28.28,65.1,10.12,1020.64,1
08/22/2016,Monsoon,31.52,55.61,13.09,1029.88,1
08/23/2016,Monsoon,27.52,80.77,6.1,988.08,0
08/24/2016,Monsoon,27.83,62.45,10.04,981.72,1
08/25/2016,Monsoon,30.26,59.42,10.76,1008.77,0
08/26/2016,Monsoon,30.89,74.71,6.27,1006.92,0
08/27/2016,Monsoon,29.32,40.0,7.5,989.23,0
08/28/2016,Monsoon,25.77,47.74,7.61,981.6,1
08/29/2016,Monsoon,30.22,52.5,10.77,1005.65,1
08/30/2016,Monsoon,32.31,70.27,9.23,1032.01,0
08/31/2016,Monsoon,26.03,67.55,13.61,999.8,1
09/01/2016,Monsoon,26.92,42.84,11.7,1008.86,0
09/02/2016,Monsoon,27.93,71.3,6.1,1010.83,0
09/03/2016,Monsoon,29.07,57.73,6.92,1022.44,1
09/04/2016,Monsoon,25.51,64.08,11.71,1027.11,1
09/05/2016,Monsoon,28.8,67.45,11.17,1027.86,1
09/06/2016,Monsoon,29.64,84.0,13.6,995.43,1
09/07/2016,Monsoon,25.35,75.36,14.18,1010.87,0
09/08/2016,Monsoon,24.1,46.68,11.25,982.05,0
09/09/2016,Monsoon,26.6,64.12,6.29,1007.97,1
09/10/2016,Monsoon,24.06,59.9,12.58,1015.77,1
09/11/2016,Monsoon,25.93,51.44,5.09,999.68,1
09/12/2016,Monsoon,27.04,45.76,5.66,1028.23,1
09/13/2016,Monsoon,28.68,53.91,11.6,987.14,0
09/14/2016,Monsoon,29.04,62.38,6.39,1011.85,1
09/15/2016,Monsoon,22.91,71.71,9.24,986.76,1
09/16/2016,Monsoon,27.06,65.1,11.33,1000.85,1
09/17/2016,Monsoon,24.14,54.57,7.92,1022.42,0
09/18/2016,Monsoon,24.85,67.26,10.79,986.13,1
09/19/2016,Monsoon,24.63,56.66,13.22,1033.29,1
09/20/2016,Monsoon,25.1,69.38,5.71,990.95,0
09/21/2016,Monsoon,24.47,53.75,5.72,1019.85,1
09/22/2016,Monsoon,26.18,44.88,13.27,1031.8,1
09/23/2016,Monsoon,23.54,74.94,14.48,1028.0,1
09/24/2016,Monsoon,22.78,53.45,10.46,1033.74,1
09/25/2016,Monsoon,24.04,63.79,11.86,1013.32,1
09/26/2016,Monsoon,26.27,71.11,5.67,999.3,0
09/27/2016,Monsoon,24.83,76.85,5.22,1003.37,1
09/28/2016,Monsoon,26.14,52.38,8.37,1027.77,0
09/29/2016,Monsoon,25.43,67.02,5.74,1007.46,1
09/30/2016,Monsoon,28.2,60.27,6.94,1016.26,1
10/01/2016,Autumn,23.51,73.29,4.6,981.05,0
10/02/2016,Autumn,22.66,70.63,3.81,1024.52,0
10/03/2016,Autumn,25.49,66.65,7.94,985.63,1
10/04/2016,Autumn,23.69,69.66,6.31,993.14,0
10/05/2016,Autumn,22.53,65.85,4.73,1014.9,0
10/06/2016,Autumn,23.78,47.94,9.38,1008.47,0
10/07/2016,Autumn,24.57,71.92,3.39,1024.93,0
10/08/2016,Autumn,22.46,70.83,5.78,1003.57,0
10/09/2016,Autumn,25.9,79.38,7.89,1014.0,1
10/10/2016,Autumn,24.3,69.05,6.47,1031.59,0
10/11/2016,Autumn,23.09,67.09,1.3,1016.1,0
10/12/2016,Autumn,19.03,75.92,4.06,1015.01,0
10/13/2016,Autumn,22.98,65.59,8.62,999.77,0
10/14/2016,Autumn,21.22,57.07,3.42,1032.7,0
10/15/2016,Autumn,23.28,40.86,1.88,988.98,0
10/16/2016,Autumn,25.01,55.05,7.3,994.83,0
10/17/2016,Autumn,20.97,63.31,6.07,1032.07,0
10/18/2016,Autumn,20.46,59.93,4.74,1030.73,0
10/19/2016,Autumn,19.68,58.26,2.01,1019.71,1
10/20/2016,Autumn,21.02,65.44,7.9,1023.01,0
10/21/2016,Autumn,22.94,57.62,7.78,1032.2,0
10/22/2016,Autumn,22.38,66.11,7.36,993.5,0
10/23/2016,Autumn,23.12,72.24,5.67,1026.18,0
10/24/2016,Autumn,23.41,54.74,7.14,1003.78,0
10/25/2016,Autumn,23.36,62.72,4.11,1003.01,0
10/26/2016,Autumn,18.81,56.57,7.43,996.64,0
10/27/2016,Autumn,20.13,71.91,3.31,996.82,0
10/28/2016,Autumn,20.5,57.62,3.77,1005.81,0
10/29/2016,Autumn,21.8,56.23,7.38,1007.5,0
10/30/2016,Autumn,20.54,62.52,9.72,1026.37,1
10/31/2016,Autumn,20.85,60.05,1.14,1018.96,0
11/01/2016,Autumn,21.37,51.29,9.12,1025.68,0
11/02/2016,Autumn,21.67,73.65,1.06,989.15,0
11/03/2016,Autumn,20.44,65.29,8.05,983.79,0
11/04/2016,Autumn,18.76,70.81,9.66,998.36,0
11/05/2016,Autumn,20.98,45.88,2.78,1017.46,0
11/06/2016,Autumn,22.82,65.53,1.25,1006.45,0
11/07/2016,Autumn,21.42,52.49,9.83,1011.23,0
11/08/2016,Autumn,21.74,53.08,3.95,1022.07,0
11/09/2016,Autumn,19.87,67.51,6.44,1000.67,0
11/10/2016,Autumn,20.17,75.73,9.99,1031.19,0
11/11/2016,Autumn,22.25,75.17,2.94,1007.7,0
11/12/2016,Autumn,19.49,77.52,5.41,991.78,0
11/13/2016,Autumn,18.24,60.72,7.09,1028.33,0
11/14/2016,Autumn,20.33,66.69,9.4,1032.77,0
11/15/2016,Autumn,20.32,60.07,4.17,1020.12,1
11/16/2016,Autumn,19.03,62.97,6.96,1005.89,0
11/17/2016,Autumn,19.59,56.44,1.8,999.2,1
11/18/2016,Autumn,20.41,52.09,9.12,1001.44,0
11/19/2016,Autumn,19.92,73.44,7.54,1012.73,0
11/20/2016,Autumn,21.07,75.81,4.26,992.33,0
11/21/2016,Autumn,18.07,68.05,7.4,985.75,0
11/22/2016,Autumn,20.71,72.33,2.54,1012.71,0
11/23/2016,Autumn,17.6,65.32,3.49,1007.51,0
11/24/2016,Autumn,19.93,51.75,3.67,1008.79,0
11/25/2016,Autumn,15.29,66.59,6.75,981.75,0
11/26/2016,Autumn,17.21,53.23,9.25,1032.55,0
11/27/2016,Autumn,14.18,53.15,4.65,995.44,0
11/28/2016,Autumn,20.55,46.91,1.9,989.49,0
11/29/2016,Autumn,17.49,62.45,3.14,1021.27,0
11/30/2016,Autumn,19.08,82.86,5.92,992.97,0
12/01/2016,Winter,13.92,45.05,8.03,1029.23,0
12/02/2016,Winter,18.56,75.71,8.65,1012.73,0
12/03/2016,Winter,19.07,63.67,2.48,1002.15,1
12/04/2016,Winter,21.07,58.69,9.98,1010.34,0
12/05/2016,Winter,21.0,63.77,3.41,1005.95,0
12/06/2016,Winter,17.91,71.0,7.87,999.92,0
12/07/2016,Winter,21.52,71.11,6.4,1016.45,0
12/08/2016,Winter,19.62,71.11,9.66,1007.85,0
12/09/2016,Winter,14.46,67.74,3.83,987.81,1
12/10/2016,Winter,20.02,59.23,2.62,1001.82,0
12/11/2016,Winter,19.11,53.94,7.31,1033.96,0
12/12/2016,Winter,16.26,81.06,2.47,1000.02,1
12/13/2016,Winter,18.08,57.08,2.14,1001.3,1
12/14/2016,Winter,18.87,71.12,4.9,1021.93,0
12/15/2016,Winter,18.24,69.13,5.2,1011.69,0
12/16/2016,Winter,23.43,57.13,9.31,994.1,0
12/17/2016,Winter,17.01,46.67,1.25,995.49,0
12/18/2016,Winter,17.88,61.71,2.54,990.53,0
12/19/2016,Winter,19.83,51.83,6.79,1007.92,0
12/20/2016,Winter,16.56,55.43,3.09,982.67,0
12/21/2016,Winter,18.76,77.03,1.78,999.05,0
12/22/2016,Winter,16.63,76.33,1.04,1011.9,0
12/23/2016,Winter,17.47,73.25,9.75,1016.83,1
12/24/2016,Winter,18.92,72.07,9.85,1003.92,1
12/25/2016,Winter,18.37,64.34,4.09,994.55,0
12/26/2016,Winter,15.99,86.38,7.79,1030.02,1
12/27/2016,Winter,14.54,59.37,9.74,1023.25,0
12/28/2016,Winter,21.26,68.8,6.73,981.48,0
12/29/2016,Winter,22.19,79.83,8.76,1002.88,0
12/30/2016,Winter,17.88,59.93,4.75,989.31,0
12/31/2016,Winter,17.49,64.7,5.73,1024.23,0
01/01/2017,Winter,16.53,68.13,4.04,1010.96,1
01/02/2017,Winter,15.03,67.56,2.34,1025.78,0
01/03/2017,Winter,20.44,76.76,2.18,1003.05,1
01/04/2017,Winter,17.64,88.59,1.12,1021.97,0
01/05/2017,Winter,21.1,60.22,9.92,994.9,0
01/06/2017,Winter,17.57,56.29,3.09,1007.62,0
01/07/2017,Winter,19.04,64.65,6.32,1002.91,0
01/08/2017,Winter,19.79,73.66,9.62,983.25,0
01/09/2017,Winter,21.88,68.52,8.81,1003.02,0
01/10/2017,Winter,22.1,88.93,3.42,1030.16,0
01/11/2017,Winter,18.21,62.17,7.12,1026.7,0
01/12/2017,Winter,16.51,71.87,5.18,991.93,0
01/13/2017,Winter,16.74,70.46,2.13,1013.75,0
01/14/2017,Winter,21.1,54.48,6.61,980.29,0
01/15/2017,Winter,18.24,60.28,3.99,1033.25,0
01/16/2017,Winter,18.04,73.67,4.46,1025.46,0
01/17/2017,Winter,17.86,67.78,1.81,988.23,0
01/18/2017,Winter,20.19,64.05,1.03,1000.57,0
01/19/2017,Winter,20.48,50.63,9.84,1022.99,0
01/20/2017,Winter,16.49,67.75,2.34,997.95,0
01/21/2017,Winter,22.49,50.09,2.47,1015.29,0
01/22/2017,Winter,19.11,63.65,7.34,1032.88,0
01/23/2017,Winter,18.94,66.21,7.27,1000.39,0
01/24/2017,Winter,19.73,77.67,4.03,1013.75,0
01/25/2017,Winter,19.7,67.85,6.42,1025.81,0
01/26/2017,Winter,22.06,64.7,3.65,1013.54,0
01/27/2017,Winter,17.49,63.99,7.04,1029.86,0
01/28/2017,Winter,19.98,59.8,9.78,997.06,0
01/29/2017,Winter,18.47,51.59,9.09,1020.78,0
01/30/2017,Winter,20.25,47.81,2.81,986.41,0
01/31/2017,Winter,22.52,65.03,1.5,1028.99,0
02/01/2017,Winter,20.68,67.93,4.75,1001.18,0
02/02/2017,Winter,20.28,77.78,1.22,1033.85,1
02/03/2017,Winter,24.5,65.24,3.61,982.22,0
02/04/2017,Winter,19.4,56.06,2.2,1008.12,0
02/05/2017,Winter,19.85,66.8,6.68,985.68,0
02/06/2017,Winter,17.04,61.9,4.71,1002.3,0
02/07/2017,Winter,21.77,58.97,5.23,1010.17,0
02/08/2017,Winter,21.95,65.99,2.86,1013.7,0
02/09/2017,Winter,18.98,69.53,7.89,1018.86,0
02/10/2017,Winter,18.84,74.82,1.52,1013.89,0
02/11/2017,Winter,20.79,62.03,2.85,1011.43,1
02/12/2017,Winter,18.91,62.52,4.13,995.82,0
02/13/2017,Winter,20.8,66.9,2.69,1016.5,0
02/14/2017,Winter,17.09,75.93,9.63,990.66,1
02/15/2017,Winter,25.38,62.9,1.05,1024.69,0
02/16/2017,Winter,22.32,58.76,1.23,997.25,0
02/17/2017,Winter,22.47,65.26,4.94,983.92,0
02/18/2017,Winter,16.9,69.4,7.11,986.39,0
02/19/2017,Winter,21.0,67.99,3.88,1013.22,0
02/20/2017,Winter,21.63,62.97,8.61,1031.59,1
02/21/2017,Winter,22.5,79.15,5.04,1010.93,0
02/22/2017,Winter,23.8,83.79,3.76,1000.61,0
02/23/2017,Winter,23.51,58.67,5.59,984.2,1
02/24/2017,Winter,19.77,55.19,5.4,1019.26,0
02/25/2017,Winter,24.01,77.69,5.02,1014.25,0
02/26/2017,Winter,21.54,73.14,5.25,1004.38,0
02/27/2017,Winter,24.35,73.74,1.03,1008.0,0
02/28/2017,Winter,23.07,66.87,2.13,1008.12,1
03/01/2017,Summer,25.73,54.12,9.86,1013.59,0
03/02/2017,Summer,24.78,62.85,2.89,996.5,0
03/03/2017,Summer,26.25,51.31,2.93,1032.78,0
03/04/2017,Summer,23.16,71.83,7.49,986.56,0
03/05/2017,Summer,21.19,73.08,3.68,1000.75,0
03/06/2017,Summer,25.44,71.55,3.82,1019.66,0
03/07/2017,Summer,24.48,74.5,5.8,986.05,0
03/08/2017,Summer,22.86,72.03,7.11,1009.53,0
03/09/2017,Summer,23.03,66.46,5.16,1011.3,0
03/10/2017,Summer,25.11,42.12,5.67,998.89,0
03/11/2017,Summer,26.59,73.46,6.8,1002.76,0
03/12/2017,Summer,26.79,56.76,5.06,982.31,1
03/13/2017,Summer,23.96,79.3,3.97,1009.16,0
03/14/2017,Summer,24.66,65.65,6.14,1027.97,0
03/15/2017,Summer,26.0,65.67,9.02,1023.65,0
03/16/2017,Summer,25.75,57.69,8.48,997.93,1
03/17/2017,Summer,24.48,62.72,9.68,1026.85,0
03/18/2017,Summer,22.59,63.34,8.9,1024.57,0
03/19/2017,Summer,23.86,51.8,3.26,1024.47,0
03/20/2017,Summer,27.19,58.08,9.39,1006.35,0
03/21/2017,Summer,27.93,75.22,4.01,1007.05,1
03/22/2017,Summer,25.43,67.2,7.97,1025.54,0
03/23/2017,Summer,29.53,66.24,3.1,991.55,0
03/24/2017,Summer,27.5,88.04,2.76,1016.87,1
03/25/2017,Summer,26.31,66.16,3.83,1034.85,1
03/26/2017,Summer,25.82,46.42,6.94,1009.56,1
03/27/2017,Summer,26.39,42.79,8.06,1026.04,0
03/28/2017,Summer,26.65,75.33,6.34,991.83,0
03/29/2017,Summer,25.93,89.86,6.22,1020.81,0
03/30/2017,Summer,26.62,57.17,5.24,983.26,0
03/31/2017,Summer,28.05,72.56,4.23,1034.74,0
04/01/2017,Summer,28.21,66.7,4.33,1033.03,0
04/02/2017,Summer,26.87,67.86,1.87,1015.18,0
04/03/2017,Summer,27.91,45.97,5.61,1027.28,0
04/04/2017,Summer,27.46,50.99,9.7,1006.99,0
04/05/2017,Summer,26.87,61.86,7.9,1003.86,0
04/06/2017,Summer,25.46,50.95,7.56,985.85,0
04/07/2017,Summer,29.14,69.71,6.45,1005.69,0
04/08/2017,Summer,26.08,63.18,4.04,1007.42,0
04/09/2017,Summer,30.72,67.71,5.42,1003.32,0
04/10/2017,Summer,28.19,73.23,2.27,991.88,0
04/11/2017,Summer,28.15,61.77,3.44,1034.65,0
04/12/2017,Summer,27.06,87.22,6.35,994.8,0
04/13/2017,Summer,27.8,61.17,8.88,1029.88,0
04/14/2017,Summer,31.64,65.79,7.96,981.12,0
04/15/2017,Summer,29.89,57.8,6.2,1008.97,0
04/16/2017,Summer,29.02,66.53,4.56,986.38,1
04/17/2017,Summer,27.56,58.18,4.77,1005.35,0
04/18/2017,Summer,27.74,78.21,5.36,1034.7,0
04/19/2017,Summer,31.33,60.85,1.25,1017.26,1
04/20/2017,Summer,29.82,58.22,6.33,989.48,0
04/21/2017,Summer,31.49,49.22,6.73,1016.67,1
04/22/2017,Summer,28.29,63.62,1.94,1019.1,0
04/23/2017,Summer,31.24,73.76,4.68,1009.27,0
04/24/2017,Summer,28.85,88.46,6.3,1002.61,0
04/25/2017,Summer,32.76,60.48,7.15,1024.42,0
04/26/2017,Summer,30.74,60.62,6.26,1014.33,0
04/27/2017,Summer,34.12,78.92,3.23,1017.57,1
04/28/2017,Summer,29.08,71.7,2.05,994.64,0
04/29/2017,Summer,27.05,64.91,3.09,1010.73,0
04/30/2017,Summer,30.29,65.77,6.58,990.31,0
05/01/2017,Summer,30.5,60.4,1.6,1012.63,0
05/02/2017,Summer,29.08,52.19,4.59,998.95,0
05/03/2017,Summer,31.1,63.02,4.8,1008.98,0
05/04/2017,Summer,35.3,71.39,4.13,1028.81,0
05/05/2017,Summer,29.99,75.17,6.86,1013.74,0
05/06/2017,Summer,37.43,61.67,6.98,996.33,0
05/07/2017,Summer,28.12,64.48,3.61,1005.82,1
05/08/2017,Summer,31.94,64.27,3.38,981.47,0
05/09/2017,Summer,32.31,57.63,4.13,989.95,0
05/10/2017,Summer,31.35,49.83,3.42,984.71,0
05/11/2017,Summer,25.66,57.94,5.35,991.7,0
05/12/2017,Summer,33.05,62.59,8.89,991.39,1
05/13/2017,Summer,33.79,78.16,5.52,1029.86,0
05/14/2017,Summer,34.67,65.59,5.66,1024.4,0
05/15/2017,Summer,33.47,59.15,1.81,1011.91,0
05/16/2017,Summer,31.39,61.75,3.16,1010.47,0
05/17/2017,Summer,33.51,70.55,7.28,985.34,0
05/18/2017,Summer,31.05,66.57,2.97,992.03,0
05/19/2017,Summer,32.86,81.66,2.89,995.62,0
05/20/2017,Summer,31.71,82.84,9.06,999.68,0
05/21/2017,Summer,35.03,78.52,9.02,1001.5,0
05/22/2017,Summer,32.09,55.15,5.88,1028.06,0
05/23/2017,Summer,32.12,52.64,3.78,980.02,1
05/24/2017,Summer,34.57,50.07,9.08,997.61,0
05/25/2017,Summer,31.67,76.82,7.91,1001.08,0
05/26/2017,Summer,30.69,64.96,5.13,985.81,0
05/27/2017,Summer,32.2,63.12,6.15,1026.3,0
05/28/2017,Summer,32.07,58.7,7.03,1016.91,0
05/29/2017,Summer,30.74,61.2,7.57,1008.57,0
05/30/2017,Summer,34.02,62.88,7.46,989.02,1
05/31/2017,Summer,34.53,53.9,2.54,1022.33,0
06/01/2017,Monsoon,33.03,77.31,12.7,990.53,1
06/02/2017,Monsoon,34.89,67.04,5.52,988.53,1
06/03/2017,Monsoon,31.91,69.9,6.59,1027.53,1
06/04/2017,Monsoon,35.09,69.16,5.51,1017.51,1
06/05/2017,Monsoon,33.25,46.9,7.58,991.92,1
06/06/2017,Monsoon,33.49,47.77,12.12,1031.98,1
06/07/2017,Monsoon,32.81,46.84,13.81,1002.12,1
06/08/2017,Monsoon,34.98,68.92,8.02,992.01,1
06/09/2017,Monsoon,33.33,57.88,10.87,1006.84,0
06/10/2017,Monsoon,37.28,63.55,14.01,1004.54,1
06/11/2017,Monsoon,35.39,73.01,6.67,1016.75,0
06/12/2017,Monsoon,32.02,62.85,6.67,985.11,1
06/13/2017,Monsoon,33.75,52.49,12.93,987.34,1
06/14/2017,Monsoon,33.27,69.09,12.69,993.41,0
06/15/2017,Monsoon,38.53,77.57,5.39,1005.26,1
06/16/2017,Monsoon,32.18,51.2,12.73,1007.89,0
06/17/2017,Monsoon,34.09,55.12,9.92,988.73,0
06/18/2017,Monsoon,35.06,68.3,11.61,1011.81,1
06/19/2017,Monsoon,36.34,52.65,13.22,990.17,1
06/20/2017,Monsoon,34.28,79.09,8.91,1018.14,0
06/21/2017,Monsoon,34.72,72.74,14.56,1015.37,1
06/22/2017,Monsoon,33.43,62.77,12.79,980.87,0
06/23/2017,Monsoon,34.09,58.44,13.37,1030.74,0
06/24/2017,Monsoon,36.72,55.51,5.87,1035.0,1
06/25/2017,Monsoon,37.43,75.17,7.45,985.72,1
06/26/2017,Monsoon,37.96,76.2,12.64,1024.72,1
06/27/2017,Monsoon,33.48,57.0,12.37,1021.88,0
06/28/2017,Monsoon,32.28,51.96,10.52,1023.51,0
06/29/2017,Monsoon,33.57,51.67,12.42,996.41,1
06/30/2017,Monsoon,35.89,75.24,13.14,1012.02,1
07/01/2017,Monsoon,33.58,60.19,10.7,991.71,0
07/02/2017,Monsoon,33.92,71.59,7.02,995.24,1
07/03/2017,Monsoon,34.58,55.03,13.14,996.07,1
07/04/2017,Monsoon,31.81,52.35,12.88,1019.48,1
07/05/2017,Monsoon,35.15,65.53,12.0,1017.64,1
07/06/2017,Monsoon,34.96,70.17,14.24,1030.1,1
07/07/2017,Monsoon,36.42,59.26,8.57,989.32,0
07/08/2017,Monsoon,35.6,52.85,9.86,1021.62,1
07/09/2017,Monsoon,30.07,68.14,8.78,995.52,0
07/10/2017,Monsoon,35.33,51.43,6.19,988.67,0
07/11/2017,Monsoon,36.16,66.87,14.54,986.54,1
07/12/2017,Monsoon,33.5,60.38,9.04,1019.69,1
07/13/2017,Monsoon,35.47,70.19,12.36,993.07,0
07/14/2017,Monsoon,30.88,62.36,14.65,1022.63,1
07/15/2017,Monsoon,34.86,68.51,7.31,994.05,1
07/16/2017,Monsoon,30.67,69.45,13.19,1004.12,1
07/17/2017,Monsoon,33.71,56.72,8.97,1000.19,1
07/18/2017,Monsoon,28.94,72.03,14.9,1010.15,1
07/19/2017,Monsoon,31.23,59.42,9.91,1026.9,1
07/20/2017,Monsoon,35.77,62.47,10.72,1001.53,1
07/21/2017,Monsoon,33.3,48.44,10.32,1030.43,1
07/22/2017,Monsoon,33.92,57.33,7.96,994.09,1
07/23/2017,Monsoon,34.2,62.95,10.37,1017.03,1
07/24/2017,Monsoon,31.28,53.19,8.59,1004.66,1
07/25/2017,Monsoon,34.01,63.06,14.16,989.41,1
07/26/2017,Monsoon,29.72,71.99,10.69,1034.39,0
07/27/2017,Monsoon,32.77,61.31,5.7,995.07,0
07/28/2017,Monsoon,31.57,53.83,10.61,1020.05,1
07/29/2017,Monsoon,32.92,75.94,5.07,1026.94,1
07/30/2017,Monsoon,34.01,84.88,5.15,1009.88,1
07/31/2017,Monsoon,34.19,86.55,5.17,1025.9,1
08/01/2017,Monsoon,33.4,50.45,6.35,1012.51,0
08/02/2017,Monsoon,34.11,69.04,11.49,1010.9,1
08/03/2017,Monsoon,36.44,59.33,9.16,1024.79,1
08/04/2017,Monsoon,34.73,79.73,8.12,1005.21,1
08/05/2017,Monsoon,30.19,53.18,11.28,991.05,0
08/06/2017,Monsoon,33.14,50.77,14.6,1003.72,0
08/07/2017,Monsoon,34.0,72.23,14.77,983.86,1
08/08/2017,Monsoon,31.72,74.43,9.54,1005.73,0
08/09/2017,Monsoon,29.52,69.35,10.24,1014.93,0
08/10/2017,Monsoon,33.04,59.74,14.01,997.44,1
08/11/2017,Monsoon,30.72,57.78,10.57,1030.17,1
08/12/2017,Monsoon,32.71,70.36,6.05,1015.97,0
08/13/2017,Monsoon,32.43,41.6,10.78,981.42,0
08/14/2017,Monsoon,33.85,68.56,6.44,1029.3,1
08/15/2017,Monsoon,33.68,74.83,8.33,1008.82,1
08/16/2017,Monsoon,32.25,73.71,6.17,1022.64,0
08/17/2017,Monsoon,31.6,65.82,11.0,1033.02,1
08/18/2017,Monsoon,31.76,67.13,9.04,1005.84,0
08/19/2017,Monsoon,30.05,64.43,12.58,989.72,1
08/20/2017,Monsoon,28.7,63.72,9.88,1003.1,0
08/21/2017,Monsoon,26.62,67.45,8.99,1006.6,1
08/22/2017,Monsoon,31.11,66.98,13.35,1014.67,1
08/23/2017,Monsoon,33.08,67.51,12.74,987.72,0
08/24/2017,Monsoon,28.36,48.04,11.23,1009.48,1
08/25/2017,Monsoon,30.01,74.59,10.39,1023.07,1
08/26/2017,Monsoon,24.56,59.23,6.36,1013.58,1
08/27/2017,Monsoon,29.06,61.79,12.35,996.27,1
08/28/2017,Monsoon,24.4,59.77,9.55,1011.6,0
08/29/2017,Monsoon,28.74,83.19,5.61,985.61,0
08/30/2017,Monsoon,27.15,77.36,11.36,995.76,1
08/31/2017,Monsoon,28.79,66.13,14.46,1013.95,0
09/01/2017,Monsoon,30.2,66.62,11.17,1007.36,1
09/02/2017,Monsoon,25.19,58.02,8.62,990.14,1
09/03/2017,Monsoon,27.95,59.49,9.01,981.65,1
09/04/2017,Monsoon,28.82,66.59,8.76,1014.08,0
09/05/2017,Monsoon,28.78,56.97,9.08,1002.28,1
09/06/2017,Monsoon,27.55,86.6,11.78,985.63,1
09/07/2017,Monsoon,26.68,84.27,6.23,981.87,1
09/08/2017,Monsoon,30.81,54.15,13.9,1005.63,1
09/09/2017,Monsoon,25.22,57.63,6.68,998.36,1
09/10/2017,Monsoon,26.55,69.45,9.57,990.28,1
09/11/2017,Monsoon,31.02,62.21,6.08,1013.97,1
09/12/2017,Monsoon,26.66,64.51,7.31,985.81,1
09/13/2017,Monsoon,29.89,76.89,11.3,1016.34,1
09/14/2017,Monsoon,28.99,75.48,7.05,980.77,1
09/15/2017,Monsoon,27.83,68.48,5.87,982.96,1
09/16/2017,Monsoon,23.95,42.9,7.29,1032.78,0
09/17/2017,Monsoon,28.7,65.56,9.78,1014.5,1
09/18/2017,Monsoon,29.71,77.4,7.77,987.24,1
09/19/2017,Monsoon,22.25,40.0,11.48,1034.04,0
09/20/2017,Monsoon,29.82,70.09,9.97,1030.33,1
09/21/2017,Monsoon,29.15,68.39,13.49,983.22,1
09/22/2017,Monsoon,23.87,49.45,7.7,1003.91,1
09/23/2017,Monsoon,24.01,68.72,6.75,990.85,1
09/24/2017,Monsoon,26.6,68.43,5.65,1006.78,1
09/25/2017,Monsoon,28.43,58.99,6.57,1025.5,0
09/26/2017,Monsoon,27.07,68.77,7.79,1018.19,0
09/27/2017,Monsoon,27.55,88.86,5.47,1029.52,1
09/28/2017,Monsoon,24.44,66.27,9.25,1031.37,0
09/29/2017,Monsoon,26.65,67.92,14.73,1009.42,0
09/30/2017,Monsoon,24.04,60.06,8.11,1021.91,0
10/01/2017,Autumn,25.32,63.21,5.86,1007.34,1
10/02/2017,Autumn,22.75,57.24,4.74,995.16,1
10/03/2017,Autumn,23.72,69.58,6.58,1033.64,0
10/04/2017,Autumn,22.32,73.44,4.67,1000.91,0
10/05/2017,Autumn,19.14,56.26,7.96,1002.8,0
10/06/2017,Autumn,20.87,63.78,1.28,1017.51,0
10/07/2017,Autumn,23.87,55.14,9.87,987.31,0
10/08/2017,Autumn,25.61,68.21,4.75,1009.48,0
10/09/2017,Autumn,24.17,59.39,4.25,1000.2,0
10/10/2017,Autumn,20.5,40.64,2.51,995.16,0
10/11/2017,Autumn,22.68,57.99,9.56,1022.41,1
10/12/2017,Autumn,25.1,60.0,4.16,1011.24,0
10/13/2017,Autumn,22.14,57.12,9.99,1004.42,0
10/14/2017,Autumn,23.21,71.84,5.3,1019.8,0
10/15/2017,Autumn,23.51,69.45,1.47,1021.7,0
10/16/2017,Autumn,19.25,74.79,3.3,1022.13,0
10/17/2017,Autumn,24.68,65.09,1.49,1026.2,0
10/18/2017,Autumn,19.05,69.75,6.81,1000.04,0
10/19/2017,Autumn,22.96,65.55,3.32,1025.88,0
10/20/2017,Autumn,21.69,58.88,9.45,987.85,0
10/21/2017,Autumn,24.16,66.99,5.95,988.62,1
10/22/2017,Autumn,20.91,68.08,8.17,1002.11,0
10/23/2017,Autumn,24.48,51.19,2.15,1010.24,0
10/24/2017,Autumn,20.53,53.61,1.83,989.84,1
10/25/2017,Autumn,18.06,54.52,6.97,1003.62,0
10/26/2017,Autumn,21.63,58.16,9.62,1013.4,0
10/27/2017,Autumn,16.02,82.77,2.39,1017.1,0
10/28/2017,Autumn,21.28,80.66,3.14,997.54,1
10/29/2017,Autumn,19.82,63.8,6.99,1032.47,0
10/30/2017,Autumn,22.84,64.18,7.63,1022.27,0
10/31/2017,Autumn,19.98,59.73,5.41,1031.62,1
11/01/2017,Autumn,20.32,87.58,8.56,981.72,0
11/02/2017,Autumn,21.94,51.97,6.16,1013.45,0
11/03/2017,Autumn,23.93,93.12,7.66,1034.32,0
11/04/2017,Autumn,16.84,66.79,9.86,1024.96,0
11/05/2017,Autumn,17.07,55.33,3.26,1029.34,0
11/06/2017,Autumn,19.61,80.8,8.68,1019.6,1
11/07/2017,Autumn,18.93,57.97,8.26,1028.94,0
11/08/2017,Autumn,18.84,83.29,4.38,1008.78,0
11/09/2017,Autumn,20.54,57.5,1.59,1022.47,1
11/10/2017,Autumn,18.72,76.39,8.82,985.36,0
11/11/2017,Autumn,19.9,51.93,5.0,1020.98,0
11/12/2017,Autumn,16.1,66.7,9.09,1010.14,1
11/13/2017,Autumn,21.3,64.65,9.81,987.81,0
11/14/2017,Autumn,17.97,70.38,2.06,999.05,0
11/15/2017,Autumn,18.95,72.45,7.42,1021.07,0
11/16/2017,Autumn,19.9,63.47,6.46,1021.68,0
11/17/2017,Autumn,16.75,76.76,4.95,1021.58,0
11/18/2017,Autumn,15.19,75.21,1.55,1004.27,0
11/19/2017,Autumn,19.92,55.05,3.25,1017.36,0
11/20/2017,Autumn,22.13,69.06,8.92,983.42,0
11/21/2017,Autumn,21.79,50.17,1.78,1034.95,0
11/22/2017,Autumn,20.72,60.83,9.84,1006.0,0
11/23/2017,Autumn,18.21,63.77,7.06,992.57,0
11/24/2017,Autumn,19.8,59.77,5.73,1007.19,1
11/25/2017,Autumn,18.94,62.6,8.09,1017.41,0
11/26/2017,Autumn,16.61,62.2,9.91,1004.4,1
11/27/2017,Autumn,17.72,67.75,4.71,981.58,1
11/28/2017,Autumn,19.6,77.26,6.84,986.77,0
11/29/2017,Autumn,19.7,51.77,3.86,1004.29,0
11/30/2017,Autumn,18.49,61.9,8.76,1022.56,0
12/01/2017,Winter,21.54,58.97,1.49,1024.27,0
12/02/2017,Winter,14.76,68.69,9.72,1028.19,0
12/03/2017,Winter,18.91,58.4,1.03,990.66,0
12/04/2017,Winter,13.47,82.41,5.22,1009.86,0
12/05/2017,Winter,15.33,61.86,9.73,1014.14,1
12/06/2017,Winter,15.87,43.77,6.15,1011.42,0
12/07/2017,Winter,21.31,51.53,2.28,985.91,0
12/08/2017,Winter,16.43,70.14,1.38,1012.19,0
12/09/2017,Winter,17.27,45.2,5.92,1006.08,0
12/10/2017,Winter,16.62,53.62,9.49,1016.57,1
12/11/2017,Winter,18.0,60.23,6.18,1027.41,0
12/12/2017,Winter,17.83,63.87,3.26,1019.66,1
12/13/2017,Winter,17.97,67.97,1.07,986.33,0
12/14/2017,Winter,13.81,65.72,1.02,986.38,1
12/15/2017,Winter,15.8,76.5,8.4,1028.36,1
12/16/2017,Winter,15.48,57.76,7.1,1007.38,0
12/17/2017,Winter,16.63,48.69,8.96,985.65,0
12/18/2017,Winter,16.71,79.86,2.84,995.37,0
12/19/2017,Winter,20.39,80.83,2.38,993.01,1
12/20/2017,Winter,18.54,76.99,6.85,1011.75,1
12/21/2017,Winter,17.22,71.28,9.52,1016.94,0
12/22/2017,Winter,15.3,81.25,5.82,1012.75,0
12/23/2017,Winter,18.86,58.62,8.32,980.91,1
12/24/2017,Winter,19.39,67.39,6.97,994.57,1
12/25/2017,Winter,17.73,63.46,1.66,1029.53,1
12/26/2017,Winter,20.29,69.37,1.68,1004.26,0
12/27/2017,Winter,17.8,74.58,1.85,1025.45,0
12/28/2017,Winter,19.54,61.08,1.74,1017.11,0
12/29/2017,Winter,19.16,81.88,4.48,1009.12,0
12/30/2017,Winter,13.94,64.63,9.55,1007.44,0
12/31/2017,Winter,21.5,73.47,2.52,1007.94,0
01/01/2018,Winter,20.48,60.55,3.33,1005.71,0
01/02/2018,Winter,19.92,76.49,3.64,987.74,1
01/03/2018,Winter,17.46,69.55,6.8,1002.25,0
01/04/2018,Winter,19.2,58.99,5.39,1028.4,0
01/05/2018,Winter,18.02,40.0,6.29,985.46,0
01/06/2018,Winter,21.03,56.29,1.47,996.78,0
01/07/2018,Winter,20.08,79.51,6.81,991.76,0
01/08/2018,Winter,17.47,64.87,3.96,1033.19,1
01/09/2018,Winter,17.52,47.79,3.19,987.86,0
01/10/2018,Winter,14.55,47.2,7.62,994.27,1
01/11/2018,Winter,20.93,56.5,6.78,1024.99,1
01/12/2018,Winter,15.62,53.04,4.0,990.1,0
01/13/2018,Winter,18.52,60.49,1.93,1023.01,0
01/14/2018,Winter,17.04,61.05,3.68,1028.78,1
01/15/2018,Winter,19.26,60.23,1.42,1012.47,0
01/16/2018,Winter,18.8,82.72,4.54,1032.14,1
01/17/2018,Winter,15.43,62.44,3.24,1027.58,1
01/18/2018,Winter,21.08,84.42,4.19,987.19,0
01/19/2018,Winter,15.59,51.57,5.63,1002.63,0
01/20/2018,Winter,19.34,73.67,6.74,1013.04,0
01/21/2018,Winter,18.79,66.36,8.19,1018.05,0
01/22/2018,Winter,20.02,72.04,5.47,1024.5,0
01/23/2018,Winter,18.41,74.83,2.87,1012.57,0
01/24/2018,Winter,18.34,66.52,7.97,1007.17,0
01/25/2018,Winter,17.45,54.17,3.82,1004.99,0
01/26/2018,Winter,20.97,60.19,1.92,999.76,0
01/27/2018,Winter,16.85,55.63,2.7,1003.95,1
01/28/2018,Winter,19.39,69.24,4.33,994.62,0
01/29/2018,Winter,18.34,45.46,8.56,980.67,0
01/30/2018,Winter,18.81,72.97,4.89,1033.14,0
01/31/2018,Winter,20.37,84.24,3.84,1018.09,0
02/01/2018,Winter,22.22,48.58,6.05,987.52,0
02/02/2018,Winter,23.6,58.53,4.41,1022.21,0
02/03/2018,Winter,21.27,86.41,6.88,991.5,0
02/04/2018,Winter,25.67,62.18,2.84,1024.53,0
02/05/2018,Winter,18.62,75.41,8.83,988.95,0
02/06/2018,Winter,20.68,62.02,2.51,1031.32,1
02/07/2018,Winter,21.09,53.38,2.59,981.71,1
02/08/2018,Winter,19.28,63.39,4.4,1030.79,0
02/09/2018,Winter,19.45,66.36,3.32,1022.68,0
02/10/2018,Winter,21.68,72.51,6.29,1007.65,0
02/11/2018,Winter,19.47,60.44,5.97,1007.34,1
02/12/2018,Winter,21.08,67.11,7.06,1026.4,0
02/13/2018,Winter,21.78,70.7,7.05,989.13,0
02/14/2018,Winter,18.15,56.0,2.24,980.57,0
02/15/2018,Winter,22.64,84.91,3.23,987.75,1
02/16/2018,Winter,21.91,62.61,1.82,1017.27,0
02/17/2018,Winter,19.66,61.86,6.83,1020.19,0
02/18/2018,Winter,19.9,62.42,5.36,1011.26,0
02/19/2018,Winter,23.26,78.07,9.25,1012.06,1
02/20/2018,Winter,27.47,59.11,8.05,1019.06,1
02/21/2018,Winter,18.17,67.33,5.12,1018.02,1
02/22/2018,Winter,25.27,63.27,7.04,981.99,1
02/23/2018,Winter,19.4,60.48,4.23,986.76,0
02/24/2018,Winter,23.18,59.9,4.14,983.32,0
02/25/2018,Winter,21.26,43.75,1.9,1015.74,0
02/26/2018,Winter,23.53,71.16,5.52,1017.68,0
02/27/2018,Winter,23.41,59.22,1.56,1018.18,1
02/28/2018,Winter,20.87,80.55,6.28,989.58,0
03/01/2018,Summer,26.59,40.0,7.59,1030.23,0
03/02/2018,Summer,23.31,83.19,1.33,1017.09,1
03/03/2018,Summer,25.42,84.63,9.12,995.56,0
03/04/2018,Summer,26.04,63.5,5.87,1024.23,0
03/05/2018,Summer,21.47,51.94,7.38,1018.61,0
03/06/2018,Summer,26.57,60.0,8.01,1015.65,0
03/07/2018,Summer,22.09,63.15,6.7,1008.58,0
03/08/2018,Summer,23.01,72.25,1.01,992.71,0
03/09/2018,Summer,25.77,69.56,3.07,984.45,0
03/10/2018,Summer,26.59,80.67,7.91,1031.88,0
03/11/2018,Summer,23.82,59.06,2.24,1003.48,0
03/12/2018,Summer,23.59,62.82,5.13,1029.77,0
03/13/2018,Summer,23.53,70.05,4.11,1027.67,0
03/14/2018,Summer,22.11,73.33,4.83,1013.44,0
03/15/2018,Summer,26.37,70.51,7.84,1015.17,0
03/16/2018,Summer,26.97,59.95,5.55,992.03,0
03/17/2018,Summer,25.96,56.47,4.73,987.27,0
03/18/2018,Summer,25.63,68.63,3.78,1001.84,0
03/19/2018,Summer,27.06,57.45,3.99,1025.32,0
03/20/2018,Summer,25.38,52.64,2.6,1007.83,0
03/21/2018,Summer,26.05,66.53,4.33,990.54,0
03/22/2018,Summer,25.82,52.38,8.52,980.17,0
03/23/2018,Summer,28.44,56.67,9.53,1017.0,0
03/24/2018,Summer,26.2,76.69,3.57,980.72,0
03/25/2018,Summer,25.7,55.4,5.19,1023.11,0
03/26/2018,Summer,28.91,82.99,3.83,1021.31,1
03/27/2018,Summer,27.4,62.79,1.81,999.58,0
03/28/2018,Summer,27.79,54.32,6.72,1012.27,0
03/29/2018,Summer,30.13,58.89,5.37,1011.14,0
03/30/2018,Summer,25.87,53.04,6.93,982.35,0
03/31/2018,Summer,24.18,68.24,2.55,983.36,0
04/01/2018,Summer,26.19,68.34,3.56,1011.98,0
04/02/2018,Summer,26.96,83.18,2.32,1012.19,0
04/03/2018,Summer,25.74,81.99,1.38,1015.8,0
04/04/2018,Summer,27.29,59.28,1.15,1013.66,1
04/05/2018,Summer,27.53,60.92,9.44,1001.45,0
04/06/2018,Summer,27.63,53.64,3.9,980.99,0
04/07/2018,Summer,26.03,50.9,7.81,1001.48,1
04/08/2018,Summer,29.15,56.2,5.14,997.49,0
04/09/2018,Summer,31.37,72.86,7.22,995.1,0
04/10/2018,Summer,27.22,70.65,6.34,981.71,0
04/11/2018,Summer,27.09,63.99,1.95,1033.3,0
04/12/2018,Summer,31.18,50.35,9.37,1024.25,0
04/13/2018,Summer,30.8,62.48,8.59,985.0,0
04/14/2018,Summer,30.05,55.13,2.61,983.91,1
04/15/2018,Summer,32.14,85.05,7.17,982.0,0
04/16/2018,Summer,28.3,61.21,7.79,998.95,1
04/17/2018,Summer,31.93,54.87,6.91,1020.8,0
04/18/2018,Summer,30.2,51.81,4.68,982.55,0
04/19/2018,Summer,26.84,67.96,5.72,1013.19,0
04/20/2018,Summer,29.92,52.22,5.64,1025.8,0
04/21/2018,Summer,32.12,58.76,8.44,1024.11,0
04/22/2018,Summer,30.42,82.28,1.82,1004.39,1
04/23/2018,Summer,28.94,59.65,5.43,1031.9,1
04/24/2018,Summer,31.88,65.15,7.95,981.56,0
04/25/2018,Summer,32.72,55.16,8.17,1013.9,0
04/26/2018,Summer,31.98,48.0,2.38,1034.54,1
04/27/2018,Summer,30.63,51.95,9.09,997.68,0
04/28/2018,Summer,32.42,70.48,5.05,1017.54,0
04/29/2018,Summer,29.38,68.88,2.41,1027.46,1
04/30/2018,Summer,29.33,64.84,1.54,1033.42,0
05/01/2018,Summer,34.77,58.17,6.26,1031.32,0
05/02/2018,Summer,29.92,70.41,9.14,992.63,1
05/03/2018,Summer,32.11,64.71,1.6,1018.33,0
05/04/2018,Summer,36.01,65.52,7.71,1030.57,0
05/05/2018,Summer,34.5,51.38,5.04,1001.31,0
05/06/2018,Summer,28.42,54.55,9.85,1003.1,0
05/07/2018,Summer,30.35,82.53,1.86,1010.96,0
05/08/2018,Summer,32.47,64.52,6.49,1006.86,1
05/09/2018,Summer,28.67,75.87,6.71,1007.3,0
05/10/2018,Summer,32.01,70.06,4.1,1003.88,0
05/11/2018,Summer,36.47,72.69,8.49,997.83,0
05/12/2018,Summer,30.93,65.59,5.14,1017.89,0
05/13/2018,Summer,33.21,61.24,9.99,1011.31,0
05/14/2018,Summer,37.86,75.27,5.42,996.16,0
05/15/2018,Summer,30.85,50.06,4.33,998.61,0
05/16/2018,Summer,30.36,56.49,6.38,1028.66,0
05/17/2018,Summer,30.4,76.46,9.47,994.95,0
05/18/2018,Summer,35.39,75.51,8.52,1017.07,0
05/19/2018,Summer,35.88,59.77,3.4,1011.66,0
05/20/2018,Summer,32.28,77.67,3.29,1018.86,0
05/21/2018,Summer,32.69,73.13,9.32,998.74,0
05/22/2018,Summer,36.32,75.4,7.27,999.06,0
05/23/2018,Summer,32.38,58.69,5.38,999.05,0
05/24/2018,Summer,32.75,71.25,9.07,1000.37,0
05/25/2018,Summer,34.11,67.49,2.69,1034.68,0
05/26/2018,Summer,32.54,72.44,3.56,980.83,0
05/27/2018,Summer,32.92,74.04,8.11,1010.2,1
05/28/2018,Summer,32.0,77.99,1.24,1010.19,1
05/29/2018,Summer,35.07,77.89,5.74,1026.0,0
05/30/2018,Summer,33.26,50.57,8.36,1000.33,0
05/31/2018,Summer,31.06,65.83,6.87,1005.7,0
06/01/2018,Monsoon,31.62,64.78,13.36,980.2,1
06/02/2018,Monsoon,30.25,69.0,6.49,1005.17,0
06/03/2018,Monsoon,33.83,42.29,11.89,995.86,0
06/04/2018,Monsoon,32.37,70.66,7.55,1008.57,0
06/05/2018,Monsoon,33.05,75.89,11.0,1001.67,1
06/06/2018,Monsoon,35.64,67.86,9.21,1014.18,1
06/07/2018,Monsoon,32.97,78.03,6.69,1012.64,1
06/08/2018,Monsoon,31.21,58.32,11.66,996.87,1
06/09/2018,Monsoon,33.43,52.13,6.65,1019.52,1
06/10/2018,Monsoon,31.68,58.74,12.42,1010.29,1
06/11/2018,Monsoon,33.58,56.56,7.95,982.14,0
06/12/2018,Monsoon,35.18,64.4,10.16,1012.18,1
06/13/2018,Monsoon,34.73,57.46,5.16,1027.33,0
06/14/2018,Monsoon,33.24,63.65,6.09,993.46,1
06/15/2018,Monsoon,36.74,77.16,9.25,996.13,1
06/16/2018,Monsoon,36.52,70.31,9.82,1002.08,1
06/17/2018,Monsoon,30.96,51.1,7.97,1026.15,0
06/18/2018,Monsoon,30.27,42.4,9.58,1023.89,1
06/19/2018,Monsoon,34.9,81.15,9.87,1031.17,1
06/20/2018,Monsoon,35.52,71.05,12.48,1006.26,1
06/21/2018,Monsoon,31.74,58.46,7.49,1021.38,0
06/22/2018,Monsoon,36.76,43.88,11.53,1004.56,1
06/23/2018,Monsoon,29.0,72.37,6.93,1000.36,1
06/24/2018,Monsoon,34.37,67.64,8.36,1000.68,0
06/25/2018,Monsoon,32.09,60.98,14.11,1019.34,0
06/26/2018,Monsoon,32.8,51.0,5.96,990.74,1
06/27/2018,Monsoon,37.98,51.38,12.41,997.57,1
06/28/2018,Monsoon,35.83,71.54,10.85,1009.46,1
06/29/2018,Monsoon,33.04,75.38,13.66,994.17,1
06/30/2018,Monsoon,29.82,67.58,10.36,1004.36,1
07/01/2018,Monsoon,30.57,66.72,13.46,991.83,1
07/02/2018,Monsoon,31.94,60.94,8.98,981.42,1
07/03/2018,Monsoon,31.82,72.37,13.31,983.35,0
07/04/2018,Monsoon,38.21,51.95,13.67,1033.07,1
07/05/2018,Monsoon,37.57,81.63,10.67,991.95,1
07/06/2018,Monsoon,32.95,74.76,7.12,1001.99,0
07/07/2018,Monsoon,30.28,70.33,10.38,1007.57,1
07/08/2018,Monsoon,31.3,79.57,10.93,1017.11,1
07/09/2018,Monsoon,32.94,67.75,5.46,1004.91,0
07/10/2018,Monsoon,33.28,66.13,12.42,1016.68,1
07/11/2018,Monsoon,33.56,73.82,11.93,1002.51,1
07/12/2018,Monsoon,31.91,72.45,8.83,1001.75,0
07/13/2018,Monsoon,32.04,66.07,14.0,1001.63,0
07/14/2018,Monsoon,30.95,53.79,13.56,1028.19,1
07/15/2018,Monsoon,34.99,56.94,7.28,1010.07,0
07/16/2018,Monsoon,35.9,64.18,11.73,1024.52,1
07/17/2018,Monsoon,34.83,91.73,13.38,1008.72,1
07/18/2018,Monsoon,33.53,75.23,7.37,1004.93,1
07/19/2018,Monsoon,34.82,62.7,13.6,996.71,1
07/20/2018,Monsoon,32.33,57.25,6.58,991.88,1
07/21/2018,Monsoon,29.23,60.9,6.46,1029.63,0
07/22/2018,Monsoon,35.11,62.9,10.33,981.44,0
07/23/2018,Monsoon,35.36,72.96,13.6,1002.97,1
07/24/2018,Monsoon,32.86,59.94,11.56,995.62,1
07/25/2018,Monsoon,33.62,54.98,6.66,1033.35,1
07/26/2018,Monsoon,31.45,51.96,12.04,1022.97,1
07/27/2018,Monsoon,34.46,53.11,9.0,1016.13,1
07/28/2018,Monsoon,34.09,63.63,12.88,1006.31,1
07/29/2018,Monsoon,30.02,62.18,12.16,992.48,0
07/30/2018,Monsoon,30.4,60.47,11.63,1016.13,1
07/31/2018,Monsoon,36.18,53.22,11.63,1026.24,1
08/01/2018,Monsoon,31.63,49.88,9.76,1003.12,1
08/02/2018,Monsoon,32.78,74.49,13.42,983.7,1
08/03/2018,Monsoon,29.61,64.08,14.92,984.91,1
08/04/2018,Monsoon,32.49,51.14,13.25,981.72,0
08/05/2018,Monsoon,27.92,72.21,7.3,1027.23,1
08/06/2018,Monsoon,33.84,87.2,13.76,1005.38,1
08/07/2018,Monsoon,30.73,65.26,7.73,1002.14,1
08/08/2018,Monsoon,31.67,47.99,7.42,1024.08,1
08/09/2018,Monsoon,30.75,67.78,6.94,988.06,1
08/10/2018,Monsoon,30.38,71.44,13.88,1007.81,0
08/11/2018,Monsoon,35.32,72.8,7.37,986.16,1
08/12/2018,Monsoon,33.0,71.87,6.96,995.37,1
08/13/2018,Monsoon,35.3,63.99,9.54,987.98,1
08/14/2018,Monsoon,28.12,56.0,6.53,1014.75,0
08/15/2018,Monsoon,29.83,63.04,8.66,996.22,0
08/16/2018,Monsoon,27.99,58.04,14.75,1001.82,1
08/17/2018,Monsoon,28.38,63.0,10.95,1018.99,1
08/18/2018,Monsoon,28.41,72.36,10.56,990.86,1
08/19/2018,Monsoon,30.49,52.49,13.15,999.01,0
08/20/2018,Monsoon,32.35,60.79,14.31,981.76,1
08/21/2018,Monsoon,26.91,58.67,7.78,1030.2,0
08/22/2018,Monsoon,25.96,78.6,5.03,1007.39,1
08/23/2018,Monsoon,28.27,72.98,10.33,1013.18,1
08/24/2018,Monsoon,29.67,58.38,5.6,1016.04,0
08/25/2018,Monsoon,31.39,58.24,13.99,988.95,0
08/26/2018,Monsoon,30.15,67.72,6.3,1003.18,0
08/27/2018,Monsoon,28.67,61.36,6.98,993.96,1
08/28/2018,Monsoon,29.43,73.34,14.48,981.68,0
08/29/2018,Monsoon,29.46,58.95,11.37,997.56,1
08/30/2018,Monsoon,30.32,57.09,8.55,992.21,1
08/31/2018,Monsoon,28.42,71.66,10.87,983.1,0
09/01/2018,Monsoon,25.02,74.53,7.0,1021.39,0
09/02/2018,Monsoon,28.47,70.5,6.31,1021.56,1
09/03/2018,Monsoon,27.75,77.64,8.19,989.21,1
09/04/2018,Monsoon,28.56,74.62,6.27,1022.22,1
09/05/2018,Monsoon,27.03,72.18,7.66,1005.84,1
09/06/2018,Monsoon,29.76,50.71,12.86,1019.21,1
09/07/2018,Monsoon,27.41,55.71,12.88,1021.7,1
09/08/2018,Monsoon,27.6,88.34,8.06,1025.94,1
09/09/2018,Monsoon,30.45,62.94,5.25,988.11,0
09/10/2018,Monsoon,25.89,73.68,9.89,995.02,1
09/11/2018,Monsoon,31.28,71.21,14.64,1019.56,1
09/12/2018,Monsoon,29.06,56.42,14.91,1031.27,1
09/13/2018,Monsoon,30.87,63.41,9.51,1015.03,1
09/14/2018,Monsoon,24.65,66.76,9.85,990.35,0
09/15/2018,Monsoon,28.77,57.49,12.11,997.65,1
09/16/2018,Monsoon,27.33,75.93,6.09,1011.97,1
09/17/2018,Monsoon,25.76,56.42,5.75,1000.02,1
09/18/2018,Monsoon,26.15,79.74,13.99,1003.14,1
09/19/2018,Monsoon,25.55,71.01,8.0,1016.76,1
09/20/2018,Monsoon,26.67,70.52,8.3,1016.37,0
09/21/2018,Monsoon,24.6,72.81,10.55,1033.46,1
09/22/2018,Monsoon,25.55,56.43,13.92,1006.09,1
09/23/2018,Monsoon,27.92,64.55,9.19,1021.49,1
09/24/2018,Monsoon,26.68,72.35,14.75,993.36,1
09/25/2018,Monsoon,24.9,77.91,8.19,991.25,0
09/26/2018,Monsoon,21.16,63.27,10.63,1019.13,1
09/27/2018,Monsoon,24.28,65.15,10.15,1019.89,1
09/28/2018,Monsoon,29.63,64.68,6.54,1022.16,0
09/29/2018,Monsoon,24.25,73.04,7.04,980.99,1
09/30/2018,Monsoon,24.59,66.39,6.96,1008.11,1
10/01/2018,Autumn,21.57,61.08,3.79,996.03,1
10/02/2018,Autumn,25.18,61.05,5.03,1025.29,0
10/03/2018,Autumn,20.04,72.7,6.96,1023.94,0
10/04/2018,Autumn,21.61,44.24,7.31,1003.88,0
10/05/2018,Autumn,24.06,64.9,9.66,990.15,0
10/06/2018,Autumn,25.15,63.87,4.77,1021.65,0
10/07/2018,Autumn,21.26,72.37,5.57,1012.09,1
10/08/2018,Autumn,24.02,57.57,9.63,980.07,0
10/09/2018,Autumn,19.11,80.93,9.51,1006.41,0
10/10/2018,Autumn,23.33,77.02,2.69,1024.57,0
10/11/2018,Autumn,23.17,78.23,2.43,1012.3,1
10/12/2018,Autumn,23.01,61.85,6.85,996.75,0
10/13/2018,Autumn,23.66,63.91,8.37,1020.69,0
10/14/2018,Autumn,21.15,62.23,5.16,988.53,0
10/15/2018,Autumn,24.42,65.41,9.35,1023.57,0
10/16/2018,Autumn,21.88,73.65,3.92,1002.32,0
10/17/2018,Autumn,23.63,50.69,4.36,1023.22,0
10/18/2018,Autumn,23.16,68.48,5.57,981.0,0
10/19/2018,Autumn,19.26,74.87,9.06,1010.67,0
10/20/2018,Autumn,21.24,61.59,8.81,982.44,0
10/21/2018,Autumn,22.99,69.72,8.74,1000.69,0
10/22/2018,Autumn,20.72,63.63,8.01,995.23,1
10/23/2018,Autumn,18.79,54.62,1.47,994.8,0
10/24/2018,Autumn,21.8,63.28,8.95,1028.88,0
10/25/2018,Autumn,19.39,73.2,5.39,1022.64,0
10/26/2018,Autumn,22.24,72.11,2.97,1016.84,0
10/27/2018,Autumn,20.85,70.54,5.56,995.9,0
10/28/2018,Autumn,24.16,72.02,7.07,1030.51,1
10/29/2018,Autumn,19.86,48.54,4.29,1004.66,1
10/30/2018,Autumn,19.94,81.9,3.88,1033.47,0
10/31/2018,Autumn,25.28,51.15,9.46,1014.15,0
11/01/2018,Autumn,20.53,49.02,9.18,981.12,0
11/02/2018,Autumn,19.3,65.99,1.6,1019.1,0
11/03/2018,Autumn,22.21,66.67,6.11,1017.83,0
11/04/2018,Autumn,20.26,60.18,1.73,1025.35,0
11/05/2018,Autumn,18.15,86.93,3.18,1016.95,0
11/06/2018,Autumn,18.2,73.08,1.86,1019.24,0
11/07/2018,Autumn,21.51,53.5,5.1,1007.1,0
11/08/2018,Autumn,21.3,42.01,5.06,997.3,0
11/09/2018,Autumn,18.58,54.61,7.4,997.3,0
11/10/2018,Autumn,19.37,66.78,4.61,1014.36,0
11/11/2018,Autumn,19.75,76.21,7.43,1024.52,0
11/12/2018,Autumn,19.61,52.03,1.63,1021.33,0
11/13/2018,Autumn,21.36,79.05,3.5,1025.13,1
11/14/2018,Autumn,20.8,65.09,8.84,1033.86,1
11/15/2018,Autumn,16.81,50.75,5.88,984.94,1
11/16/2018,Autumn,19.09,75.12,4.04,1033.73,0
11/17/2018,Autumn,18.59,81.31,7.9,1026.31,0
11/18/2018,Autumn,18.07,69.94,6.42,998.33,0
11/19/2018,Autumn,21.3,67.52,9.56,1019.33,0
11/20/2018,Autumn,20.52,71.29,6.53,999.51,1
11/21/2018,Autumn,17.25,65.77,2.18,1004.28,0
11/22/2018,Autumn,17.42,65.44,5.12,1001.49,0
11/23/2018,Autumn,23.17,50.28,7.94,1008.86,0
11/24/2018,Autumn,20.46,65.21,1.56,994.03,0
11/25/2018,Autumn,17.76,61.34,6.68,983.77,0
11/26/2018,Autumn,18.56,76.5,5.83,1016.57,0
11/27/2018,Autumn,17.96,56.44,5.41,1018.05,0
11/28/2018,Autumn,20.56,51.98,3.54,1002.29,0
11/29/2018,Autumn,15.75,74.67,1.47,997.52,0
11/30/2018,Autumn,18.26,68.9,7.91,1012.69,0
12/01/2018,Winter,22.11,56.34,7.25,1029.89,0
12/02/2018,Winter,15.86,52.63,4.93,996.97,0
12/03/2018,Winter,20.32,61.23,8.61,992.59,0
12/04/2018,Winter,18.67,71.7,5.23,1033.36,0
12/05/2018,Winter,19.17,56.53,8.4,1030.15,0
12/06/2018,Winter,17.55,80.47,7.0,1007.33,0
12/07/2018,Winter,16.35,68.82,3.54,985.11,0
12/08/2018,Winter,23.2,44.95,3.2,1031.27,0
12/09/2018,Winter,18.35,69.51,2.56,1012.25,1
12/10/2018,Winter,14.18,66.37,8.52,1014.29,0
12/11/2018,Winter,15.42,60.75,3.23,1014.12,1
12/12/2018,Winter,15.68,49.7,2.99,983.39,0
12/13/2018,Winter,20.67,56.87,3.11,1001.36,0
12/14/2018,Winter,13.61,62.23,9.77,991.96,1
12/15/2018,Winter,17.14,81.53,5.71,1028.05,0
12/16/2018,Winter,16.56,60.54,6.33,1026.84,1
12/17/2018,Winter,16.49,73.59,6.58,993.22,0
12/18/2018,Winter,14.85,79.95,1.13,994.77,1
12/19/2018,Winter,20.43,69.82,8.93,1002.96,0
12/20/2018,Winter,16.72,67.28,2.48,996.21,0
12/21/2018,Winter,18.03,88.24,2.26,985.86,0
12/22/2018,Winter,20.06,65.36,8.86,980.72,1
12/23/2018,Winter,19.55,47.5,3.88,988.34,0
12/24/2018,Winter,16.34,56.09,4.04,1017.84,1
12/25/2018,Winter,15.1,80.28,7.19,1016.63,0
12/26/2018,Winter,19.39,66.44,3.91,1028.93,0
12/27/2018,Winter,17.85,62.31,8.38,1031.15,1
12/28/2018,Winter,16.41,73.85,7.27,980.33,0
12/29/2018,Winter,15.66,55.8,5.78,982.82,0
12/30/2018,Winter,19.1,65.32,4.98,990.43,1
12/31/2018,Winter,19.6,72.75,4.73,1009.79,1
01/01/2019,Winter,18.78,72.02,9.39,995.7,0
01/02/2019,Winter,21.51,75.85,2.54,986.52,0
01/03/2019,Winter,14.14,71.28,5.06,1019.61,0
01/04/2019,Winter,18.68,57.13,5.21,1032.03,1
01/05/2019,Winter,19.72,63.83,7.84,1033.61,1
01/06/2019,Winter,19.05,68.57,8.37,990.24,0
01/07/2019,Winter,18.36,64.42,2.26,997.59,0
01/08/2019,Winter,17.64,69.1,8.34,1024.8,0
01/09/2019,Winter,17.41,86.56,2.83,999.26,1
01/10/2019,Winter,16.48,58.95,6.94,982.12,0
01/11/2019,Winter,18.53,64.35,3.53,1030.13,1
01/12/2019,Winter,22.37,64.28,3.55,992.59,0
01/13/2019,Winter,15.73,60.92,4.31,982.83,1
01/14/2019,Winter,19.33,58.69,2.53,990.06,1
01/15/2019,Winter,16.66,71.68,7.86,1030.83,0
01/16/2019,Winter,18.83,58.27,4.71,1022.27,0
01/17/2019,Winter,17.58,56.62,4.37,1008.44,0
01/18/2019,Winter,17.36,71.94,3.66,1034.11,0
01/19/2019,Winter,20.47,74.22,3.8,1002.93,0
01/20/2019,Winter,19.09,53.41,6.7,980.11,0
01/21/2019,Winter,19.02,78.18,6.95,987.97,0
01/22/2019,Winter,16.84,53.11,4.68,1013.07,0
01/23/2019,Winter,18.3,62.05,5.07,1018.44,0
01/24/2019,Winter,17.57,70.13,2.36,1029.85,0
01/25/2019,Winter,16.13,57.13,4.25,990.14,0
01/26/2019,Winter,17.83,56.3,4.25,980.04,1
01/27/2019,Winter,20.96,75.25,4.14,1003.93,0
01/28/2019,Winter,17.65,62.12,3.36,1022.9,0
01/29/2019,Winter,22.04,53.83,6.24,1027.25,0
01/30/2019,Winter,21.16,69.99,7.86,1031.17,0
01/31/2019,Winter,21.51,65.76,2.39,1014.86,0
02/01/2019,Winter,19.05,59.08,6.55,983.13,0
02/02/2019,Winter,18.35,40.0,5.84,1010.87,0
02/03/2019,Winter,23.4,62.5,1.64,1024.47,1
02/04/2019,Winter,26.81,75.54,4.74,1003.53,1
02/05/2019,Winter,24.1,74.99,7.75,981.68,0
02/06/2019,Winter,18.13,72.22,3.33,1014.67,0
02/07/2019,Winter,20.82,70.24,6.7,1005.94,0
02/08/2019,Winter,21.64,45.93,5.49,1006.5,0
02/09/2019,Winter,26.59,70.58,7.48,1025.07,0
02/10/2019,Winter,21.84,66.51,2.77,1007.72,0
02/11/2019,Winter,20.12,63.52,4.36,1031.47,0
02/12/2019,Winter,24.79,70.96,6.54,980.93,0
02/13/2019,Winter,22.87,61.01,7.48,1030.69,0
02/14/2019,Winter,18.61,61.84,5.4,989.64,0
02/15/2019,Winter,25.6,72.96,2.67,997.89,0
02/16/2019,Winter,21.6,69.27,3.6,1034.55,0
02/17/2019,Winter,21.22,75.46,3.59,998.48,1
02/18/2019,Winter,18.46,66.09,9.77,1009.89,0
02/19/2019,Winter,21.97,69.54,9.34,1022.12,0
02/20/2019,Winter,23.51,73.95,6.67,1012.8,0
02/21/2019,Winter,21.44,67.3,7.89,981.81,0
02/22/2019,Winter,22.58,63.75,9.16,1017.14,1
02/23/2019,Winter,24.05,47.38,8.72,991.58,0
02/24/2019,Winter,20.1,48.39,2.02,1024.1,1
02/25/2019,Winter,20.45,67.13,3.0,980.33,1
02/26/2019,Winter,22.94,51.16,3.72,1030.08,0
02/27/2019,Winter,23.4,65.25,7.85,1026.36,1
02/28/2019,Winter,22.63,68.38,3.73,994.45,0
03/01/2019,Summer,25.08,73.68,1.64,1021.18,0
03/02/2019,Summer,21.48,62.48,7.51,1030.65,0
03/03/2019,Summer,20.25,84.93,1.53,994.8,0
03/04/2019,Summer,21.91,52.53,2.58,1018.2,0
03/05/2019,Summer,22.97,72.35,6.89,980.56,0
03/06/2019,Summer,26.17,85.66,3.12,1012.61,0
03/07/2019,Summer,24.42,57.26,3.34,1008.47,0
03/08/2019,Summer,23.75,66.76,2.14,1010.11,0
03/09/2019,Summer,27.36,44.81,1.23,1013.33,0
03/10/2019,Summer,24.23,60.16,8.53,1032.34,0
03/11/2019,Summer,25.81,61.3,6.24,997.2,0
03/12/2019,Summer,26.52,55.33,5.68,1012.33,0
03/13/2019,Summer,25.56,55.01,3.72,988.19,0
03/14/2019,Summer,24.24,78.74,9.97,1021.13,0
03/15/2019,Summer,24.69,72.22,5.13,1033.45,0
03/16/2019,Summer,26.86,61.81,6.19,1025.22,0
03/17/2019,Summer,29.95,64.41,5.27,1010.03,0
03/18/2019,Summer,26.07,58.27,1.13,1024.33,0
03/19/2019,Summer,23.76,77.23,7.39,1017.68,0
03/20/2019,Summer,24.49,64.1,2.09,989.53,0
03/21/2019,Summer,25.28,65.64,7.12,1015.38,0
03/22/2019,Summer,27.07,62.3,1.52,1028.92,1
03/23/2019,Summer,29.41,72.18,1.8,1016.13,0
03/24/2019,Summer,27.3,58.35,9.82,1022.76,0
03/25/2019,Summer,23.82,67.78,3.74,1018.15,0
03/26/2019,Summer,29.18,78.41,1.2,1026.51,0
03/27/2019,Summer,26.12,81.99,9.48,1014.7,1
03/28/2019,Summer,29.5,61.35,2.31,1027.28,0
03/29/2019,Summer,28.0,60.04,1.21,987.03,0
03/30/2019,Summer,26.78,60.17,3.0,995.4,0
03/31/2019,Summer,24.83,58.75,8.13,1013.57,0
04/01/2019,Summer,28.11,68.29,2.48,1007.85,0
04/02/2019,Summer,28.88,50.54,5.71,999.57,0
04/03/2019,Summer,25.82,55.58,2.08,1002.6,0
04/04/2019,Summer,26.58,58.48,7.76,1024.77,0
04/05/2019,Summer,29.0,61.1,6.15,986.26,0
04/06/2019,Summer,24.63,74.16,3.46,1019.07,0
04/07/2019,Summer,26.85,55.67,1.96,981.9,0
04/08/2019,Summer,23.8,61.1,7.62,1025.6,0
04/09/2019,Summer,23.93,67.38,6.46,1010.81,0
04/10/2019,Summer,23.18,62.86,9.78,1006.45,0
04/11/2019,Summer,26.2,66.96,5.1,1020.8,1
04/12/2019,Summer,29.24,77.2,9.93,1025.97,0
04/13/2019,Summer,26.38,68.31,8.37,1023.8,0
04/14/2019,Summer,28.67,69.09,9.83,1018.86,0
04/15/2019,Summer,25.64,63.16,6.85,990.64,0
04/16/2019,Summer,28.63,66.39,5.51,1009.74,0
04/17/2019,Summer,28.62,83.35,3.87,1011.9,0
04/18/2019,Summer,31.29,59.54,4.48,998.64,0
04/19/2019,Summer,31.9,54.68,5.91,997.15,0
04/20/2019,Summer,32.12,62.96,4.56,1006.63,0
04/21/2019,Summer,29.02,51.15,2.62,1004.06,0
04/22/2019,Summer,29.89,59.15,1.55,1013.8,0
04/23/2019,Summer,28.4,60.43,8.29,981.05,0
04/24/2019,Summer,34.0,62.68,6.74,1023.58,1
04/25/2019,Summer,31.32,56.99,4.41,997.02,0
04/26/2019,Summer,32.25,51.75,7.12,991.25,1
04/27/2019,Summer,35.43,61.93,3.32,1003.97,0
04/28/2019,Summer,30.79,59.87,8.21,1032.31,0
04/29/2019,Summer,27.8,65.21,8.28,1032.75,0
04/30/2019,Summer,27.74,43.92,2.14,983.12,0
05/01/2019,Summer,35.02,46.13,9.06,989.22,0
05/02/2019,Summer,32.99,75.38,3.57,1008.89,0
05/03/2019,Summer,29.1,64.56,5.59,1025.19,1
05/04/2019,Summer,37.5,67.48,9.01,1004.63,1
05/05/2019,Summer,32.95,67.71,8.46,1012.17,0
05/06/2019,Summer,32.22,58.78,4.63,1010.63,0
05/07/2019,Summer,31.41,57.56,1.82,1009.88,1
05/08/2019,Summer,32.0,61.73,6.02,998.02,1
05/09/2019,Summer,34.42,51.34,6.63,1002.54,0
05/10/2019,Summer,30.11,68.36,7.31,1007.32,0
05/11/2019,Summer,28.49,70.13,3.75,1007.67,0
05/12/2019,Summer,29.59,63.39,3.08,1009.79,0
05/13/2019,Summer,32.21,61.38,7.75,985.3,0
05/14/2019,Summer,32.86,60.12,5.56,999.01,1
05/15/2019,Summer,35.07,59.88,1.57,980.59,0
05/16/2019,Summer,33.0,50.19,5.31,1018.63,0
05/17/2019,Summer,38.94,70.65,4.03,991.3,0
05/18/2019,Summer,32.41,59.79,2.95,1018.98,0
05/19/2019,Summer,33.73,72.12,6.4,1027.0,0
05/20/2019,Summer,32.6,59.19,4.75,1021.6,0
05/21/2019,Summer,32.24,56.18,2.41,999.2,0
05/22/2019,Summer,31.42,74.44,5.14,989.77,1
05/23/2019,Summer,33.29,84.65,9.85,1008.58,0
05/24/2019,Summer,35.13,60.67,6.11,996.84,0
05/25/2019,Summer,31.36,59.36,6.99,1021.16,0
05/26/2019,Summer,31.94,59.32,3.24,997.73,1
05/27/2019,Summer,32.26,62.13,8.06,1021.55,0
05/28/2019,Summer,31.92,60.68,8.23,1028.18,0
05/29/2019,Summer,36.31,47.67,5.64,1034.66,0
05/30/2019,Summer,30.94,60.81,7.89,1033.62,0
05/31/2019,Summer,31.19,57.1,5.18,1022.16,0
06/01/2019,Monsoon,34.73,62.55,13.04,995.29,0
06/02/2019,Monsoon,35.22,59.3,6.16,1004.63,0
06/03/2019,Monsoon,31.56,51.73,9.32,992.87,0
06/04/2019,Monsoon,33.88,75.2,7.55,999.81,1
06/05/2019,Monsoon,32.83,56.68,8.25,1004.37,0
06/06/2019,Monsoon,40.32,75.98,8.1,1010.59,1
06/07/2019,Monsoon,34.74,74.49,6.76,1031.6,1
06/08/2019,Monsoon,39.17,81.22,13.04,1026.59,1
06/09/2019,Monsoon,33.83,87.62,7.39,992.8,1
06/10/2019,Monsoon,33.64,65.99,10.37,1017.08,1
06/11/2019,Monsoon,37.12,55.24,5.95,997.18,1
06/12/2019,Monsoon,34.99,62.67,7.44,1008.55,0
06/13/2019,Monsoon,34.95,71.22,11.32,1008.76,0
06/14/2019,Monsoon,35.8,56.09,11.25,996.05,1
06/15/2019,Monsoon,35.41,89.32,11.78,1001.07,0
06/16/2019,Monsoon,33.4,49.95,9.52,992.27,1
06/17/2019,Monsoon,36.51,63.35,10.96,1012.13,1
06/18/2019,Monsoon,33.68,64.2,10.0,1026.23,0
06/19/2019,Monsoon,36.76,81.25,7.1,984.49,1
06/20/2019,Monsoon,33.34,63.34,5.4,1014.01,1
06/21/2019,Monsoon,32.93,49.77,14.1,1029.95,1
06/22/2019,Monsoon,30.42,68.7,5.27,1026.87,0
06/23/2019,Monsoon,35.68,55.66,13.49,999.77,1
06/24/2019,Monsoon,31.07,43.13,11.9,1001.34,1
06/25/2019,Monsoon,35.69,53.48,11.3,998.54,1
06/26/2019,Monsoon,35.35,49.23,13.3,984.21,1
06/27/2019,Monsoon,33.92,63.83,6.82,1031.3,1
06/28/2019,Monsoon,34.31,71.94,8.42,1000.7,1
06/29/2019,Monsoon,30.06,78.67,11.93,1033.95,1
06/30/2019,Monsoon,31.22,75.05,8.55,991.39,1
07/01/2019,Monsoon,34.3,67.37,13.72,998.38,1
07/02/2019,Monsoon,36.09,53.85,5.93,984.04,1
07/03/2019,Monsoon,35.8,67.83,14.95,1007.93,1
07/04/2019,Monsoon,34.02,55.21,11.82,996.95,1
07/05/2019,Monsoon,33.45,59.62,5.13,982.56,0
07/06/2019,Monsoon,29.81,40.0,5.69,1015.71,1
07/07/2019,Monsoon,35.11,72.13,8.58,1013.88,1
07/08/2019,Monsoon,34.15,61.19,14.1,992.12,1
07/09/2019,Monsoon,33.63,77.56,9.05,987.53,1
07/10/2019,Monsoon,37.4,76.84,7.18,1016.73,1
07/11/2019,Monsoon,35.36,66.66,12.95,1014.68,1
07/12/2019,Monsoon,34.79,72.27,8.76,1029.51,1
07/13/2019,Monsoon,30.75,46.96,6.43,1024.65,1
07/14/2019,Monsoon,33.42,75.49,5.93,1000.84,1
07/15/2019,Monsoon,33.17,61.47,5.21,1022.41,1
07/16/2019,Monsoon,31.37,44.61,13.1,992.91,0
07/17/2019,Monsoon,34.05,80.46,7.95,1020.03,1
07/18/2019,Monsoon,33.46,67.21,7.4,992.15,0
07/19/2019,Monsoon,31.24,56.34,11.05,1028.96,1
07/20/2019,Monsoon,29.71,97.37,11.39,982.16,1
07/21/2019,Monsoon,32.08,59.48,11.59,1008.32,0
07/22/2019,Monsoon,35.91,68.49,7.6,1010.76,0
07/23/2019,Monsoon,34.3,75.82,9.31,985.03,1
07/24/2019,Monsoon,29.94,73.94,10.85,1010.46,1
07/25/2019,Monsoon,32.31,71.54,7.52,1015.11,0
07/26/2019,Monsoon,29.96,88.82,5.28,1030.67,1
07/27/2019,Monsoon,30.47,55.75,12.28,997.24,1
07/28/2019,Monsoon,34.85,57.89,14.8,982.75,0
07/29/2019,Monsoon,32.15,60.02,6.88,1025.56,1
07/30/2019,Monsoon,32.95,64.29,14.19,1024.41,0
07/31/2019,Monsoon,30.08,63.96,6.27,1028.42,1
08/01/2019,Monsoon,32.22,82.27,12.89,985.2,1
08/02/2019,Monsoon,32.03,66.12,8.24,1013.25,1
08/03/2019,Monsoon,34.08,71.41,8.02,999.96,1
08/04/2019,Monsoon,31.3,48.8,7.16,981.58,1
08/05/2019,Monsoon,29.37,49.63,9.18,1025.94,1
08/06/2019,Monsoon,29.79,62.62,9.45,1031.6,1
08/07/2019,Monsoon,30.06,51.65,7.53,991.88,1
08/08/2019,Monsoon,32.88,60.23,8.36,1003.24,0
08/09/2019,Monsoon,31.15,86.35,13.11,1016.66,1
08/10/2019,Monsoon,31.84,67.75,12.37,1009.61,1
08/11/2019,Monsoon,29.9,62.92,14.26,997.44,0
08/12/2019,Monsoon,35.17,76.66,6.87,1031.82,0
08/13/2019,Monsoon,30.29,67.24,8.4,1033.95,0
08/14/2019,Monsoon,29.55,62.71,13.59,1024.91,1
08/15/2019,Monsoon,27.69,69.15,6.34,1034.36,1
08/16/2019,Monsoon,27.32,70.98,13.69,1002.11,1
08/17/2019,Monsoon,29.86,52.53,11.44,987.59,1
08/18/2019,Monsoon,32.21,68.62,9.15,1007.34,0
08/19/2019,Monsoon,26.89,69.21,14.75,1033.9,0
08/20/2019,Monsoon,30.17,57.6,5.17,986.34,0
08/21/2019,Monsoon,28.04,60.28,9.79,1008.9,1
08/22/2019,Monsoon,29.76,50.72,6.91,1003.49,1
08/23/2019,Monsoon,32.65,45.79,12.37,1031.84,0
08/24/2019,Monsoon,27.55,68.93,12.36,989.19,1
08/25/2019,Monsoon,31.21,64.52,6.06,1000.29,1
08/26/2019,Monsoon,31.57,65.89,13.51,1018.89,1
08/27/2019,Monsoon,28.84,68.48,9.98,999.85,0
08/28/2019,Monsoon,30.18,79.06,10.4,991.66,0
08/29/2019,Monsoon,28.63,73.19,8.14,1002.64,0
08/30/2019,Monsoon,33.37,61.87,11.78,1011.96,1
08/31/2019,Monsoon,32.12,74.09,8.17,1030.04,1
09/01/2019,Monsoon,35.34,72.47,12.64,1034.4,1
09/02/2019,Monsoon,28.58,47.59,7.82,1032.37,0
09/03/2019,Monsoon,29.77,59.53,8.36,1026.62,1
09/04/2019,Monsoon,32.25,58.24,13.45,1004.36,1
09/05/2019,Monsoon,24.02,62.44,12.84,1027.35,1
09/06/2019,Monsoon,27.77,66.66,5.77,982.76,1
09/07/2019,Monsoon,26.07,65.9,13.97,1024.49,1
09/08/2019,Monsoon,29.91,42.81,8.3,1014.06,0
09/09/2019,Monsoon,27.06,68.13,7.05,1009.83,1
09/10/2019,Monsoon,26.69,62.28,7.97,1007.59,1
09/11/2019,Monsoon,28.48,65.55,7.19,1012.09,1
09/12/2019,Monsoon,23.79,71.38,11.19,1026.29,1
09/13/2019,Monsoon,29.41,61.76,14.53,1032.37,0
09/14/2019,Monsoon,25.08,57.98,11.6,999.77,1
09/15/2019,Monsoon,28.14,50.3,13.01,1021.82,1
09/16/2019,Monsoon,29.46,57.29,8.16,1033.88,1
09/17/2019,Monsoon,26.89,59.75,5.66,994.3,0
09/18/2019,Monsoon,28.14,84.63,7.64,1025.84,1
09/19/2019,Monsoon,26.34,71.55,10.62,980.7,1
09/20/2019,Monsoon,28.35,73.21,11.34,993.54,1
09/21/2019,Monsoon,25.77,70.24,14.24,1032.2,0
09/22/2019,Monsoon,27.18,58.43,9.28,1015.18,0
09/23/2019,Monsoon,28.26,65.84,11.26,1028.73,1
09/24/2019,Monsoon,24.99,75.43,7.68,1026.75,1
09/25/2019,Monsoon,26.97,76.97,12.29,996.76,0
09/26/2019,Monsoon,26.74,62.98,12.46,1003.84,1
09/27/2019,Monsoon,24.34,75.41,11.46,1013.97,0
09/28/2019,Monsoon,27.09,73.82,7.88,987.87,1
09/29/2019,Monsoon,23.46,67.04,12.98,1023.43,0
09/30/2019,Monsoon,25.87,65.07,7.5,990.08,1
10/01/2019,Autumn,26.94,65.05,8.93,985.04,0
10/02/2019,Autumn,25.27,64.84,5.16,988.52,0
10/03/2019,Autumn,22.8,73.18,9.7,1029.94,0
10/04/2019,Autumn,26.89,82.8,6.84,1016.04,1
10/05/2019,Autumn,25.68,64.97,4.42,981.22,1
10/06/2019,Autumn,20.08,65.35,4.22,991.73,0
10/07/2019,Autumn,24.71,75.88,4.72,1020.68,1
10/08/2019,Autumn,24.94,70.54,5.87,1005.88,0
10/09/2019,Autumn,20.64,65.56,7.94,1004.41,0
10/10/2019,Autumn,23.81,81.01,9.35,1028.94,0
10/11/2019,Autumn,23.52,78.3,7.93,1017.58,0
10/12/2019,Autumn,27.05,60.49,9.17,1014.4,0
10/13/2019,Autumn,24.71,57.05,7.88,993.24,1
10/14/2019,Autumn,19.13,51.87,2.78,1032.09,0
10/15/2019,Autumn,23.52,82.28,5.53,1023.52,0
10/16/2019,Autumn,25.37,46.96,2.18,1006.53,0
10/17/2019,Autumn,20.16,58.42,2.66,997.45,0
10/18/2019,Autumn,20.32,63.24,4.64,981.84,0
10/19/2019,Autumn,25.36,64.09,9.11,990.09,0
10/20/2019,Autumn,22.1,56.11,7.35,990.38,0
10/21/2019,Autumn,22.18,75.84,5.43,1015.27,0
10/22/2019,Autumn,22.94,70.37,8.58,1021.56,1
10/23/2019,Autumn,22.12,68.5,2.69,1024.61,0
10/24/2019,Autumn,26.73,59.5,6.16,999.35,0
10/25/2019,Autumn,20.56,85.32,9.78,1033.36,0
10/26/2019,Autumn,19.47,71.6,2.64,1000.64,0
10/27/2019,Autumn,23.5,63.59,2.26,989.11,1
10/28/2019,Autumn,20.31,62.47,1.66,1001.87,0
10/29/2019,Autumn,24.74,50.0,9.31,1010.05,1
10/30/2019,Autumn,24.72,67.54,4.46,1004.32,0
10/31/2019,Autumn,21.02,68.95,2.08,1006.31,1
11/01/2019,Autumn,22.84,69.59,6.04,1006.55,0
11/02/2019,Autumn,20.28,75.4,1.7,1016.56,0
11/03/2019,Autumn,20.59,71.8,9.68,1017.5,0
11/04/2019,Autumn,19.77,74.62,6.45,1012.45,0
11/05/2019,Autumn,20.6,63.66,3.11,1000.49,0
11/06/2019,Autumn,19.66,89.34,9.5,993.9,0
11/07/2019,Autumn,20.58,66.83,2.23,999.62,1
11/08/2019,Autumn,18.32,67.38,5.57,985.23,0
11/09/2019,Autumn,19.38,67.47,2.64,988.31,0
11/10/2019,Autumn,16.54,44.3,7.09,1008.49,0
11/11/2019,Autumn,20.74,75.5,8.49,1000.59,0
11/12/2019,Autumn,19.71,70.99,2.91,1028.69,0
11/13/2019,Autumn,22.68,69.68,8.95,1020.69,0
11/14/2019,Autumn,20.54,59.21,5.23,1034.61,0
11/15/2019,Autumn,16.33,64.88,3.75,1027.16,1
11/16/2019,Autumn,18.69,64.02,2.9,1027.06,0
11/17/2019,Autumn,20.76,68.43,5.92,1000.36,0
11/18/2019,Autumn,18.38,51.89,1.85,1002.41,0
11/19/2019,Autumn,15.92,78.21,9.33,1019.37,0
11/20/2019,Autumn,21.79,70.65,3.89,1000.02,1
11/21/2019,Autumn,19.46,67.67,5.59,1034.95,0
11/22/2019,Autumn,20.44,45.36,7.05,1023.51,0
11/23/2019,Autumn,18.78,71.6,9.54,1017.32,0
11/24/2019,Autumn,18.24,67.6,7.94,1013.79,1
11/25/2019,Autumn,16.16,49.51,2.47,983.58,0
11/26/2019,Autumn,18.05,57.19,2.43,1012.41,0
11/27/2019,Autumn,15.5,48.76,5.1,982.27,0
11/28/2019,Autumn,17.72,65.05,9.03,985.5,0
11/29/2019,Autumn,21.86,63.37,7.5,1001.21,0
11/30/2019,Autumn,15.29,62.36,9.66,1017.86,0
12/01/2019,Winter,20.47,75.36,3.11,1014.3,1
12/02/2019,Winter,18.53,75.78,7.06,1007.04,0
12/03/2019,Winter,17.84,63.6,5.94,1026.95,0
12/04/2019,Winter,19.83,70.82,1.91,1012.95,0
12/05/2019,Winter,17.1,86.09,3.66,1033.08,0
12/06/2019,Winter,18.83,80.39,4.91,1016.61,0
12/07/2019,Winter,19.36,54.23,9.23,1014.36,0
12/08/2019,Winter,16.08,61.27,8.76,989.72,1
12/09/2019,Winter,18.28,51.59,6.87,990.25,1
12/10/2019,Winter,14.49,60.78,7.07,980.93,0
12/11/2019,Winter,16.83,67.27,2.14,995.69,0
12/12/2019,Winter,20.64,67.15,3.35,1020.71,0
12/13/2019,Winter,21.85,68.39,3.5,993.14,0
12/14/2019,Winter,16.83,80.7,4.46,988.16,1
12/15/2019,Winter,18.12,56.9,7.19,1027.37,0
12/16/2019,Winter,14.19,58.94,6.43,1032.68,0
12/17/2019,Winter,16.59,58.4,2.99,1021.03,1
12/18/2019,Winter,16.63,69.42,7.2,1022.9,0
12/19/2019,Winter,15.77,70.79,2.44,1002.76,1
12/20/2019,Winter,14.13,65.91,9.9,1032.89,0
12/21/2019,Winter,16.08,65.39,3.19,1033.72,0
12/22/2019,Winter,18.07,75.42,5.19,1033.31,0
12/23/2019,Winter,17.06,83.74,5.93,1017.21,0
12/24/2019,Winter,19.86,42.73,4.1,1027.49,0
12/25/2019,Winter,18.84,79.39,9.3,1006.55,0
12/26/2019,Winter,18.03,58.81,2.33,1006.12,0
12/27/2019,Winter,21.19,74.22,3.92,991.46,0
12/28/2019,Winter,19.95,55.79,9.78,994.68,0
12/29/2019,Winter,17.55,63.96,4.96,996.9,0
12/30/2019,Winter,17.92,55.35,8.07,986.14,0
12/31/2019,Winter,17.83,55.95,6.3,1022.21,0
01/01/2020,Winter,17.98,85.73,1.08,1023.44,0
01/02/2020,Winter,21.14,64.41,5.28,998.18,0
01/03/2020,Winter,15.82,67.04,1.71,1025.51,0
01/04/2020,Winter,18.02,57.19,5.15,1009.29,0
01/05/2020,Winter,19.58,74.68,5.83,1012.1,1
01/06/2020,Winter,17.63,77.08,7.22,1006.88,1
01/07/2020,Winter,20.9,85.48,2.37,997.15,0
01/08/2020,Winter,14.36,46.33,1.12,1026.3,0
01/09/2020,Winter,19.06,74.28,4.02,1008.96,1
01/10/2020,Winter,19.09,68.81,5.05,1030.09,0
01/11/2020,Winter,20.25,59.3,8.94,996.95,0
01/12/2020,Winter,16.6,69.81,5.84,1013.38,0
01/13/2020,Winter,19.11,78.73,2.64,1033.39,1
01/14/2020,Winter,16.35,58.75,6.6,994.9,0
01/15/2020,Winter,18.46,65.89,8.56,999.06,1
01/16/2020,Winter,18.01,47.9,9.39,994.73,0
01/17/2020,Winter,21.76,62.63,5.71,1022.32,0
01/18/2020,Winter,18.97,59.27,9.14,998.07,0
01/19/2020,Winter,21.32,73.56,4.53,981.02,0
01/20/2020,Winter,18.35,73.37,2.5,981.82,0
01/21/2020,Winter,16.18,55.93,1.87,1032.59,1
01/22/2020,Winter,21.61,53.01,5.48,1031.68,0
01/23/2020,Winter,19.14,50.63,6.75,990.78,0
01/24/2020,Winter,16.04,54.94,7.56,997.46,0
01/25/2020,Winter,21.72,55.22,2.62,981.07,1
01/26/2020,Winter,19.89,60.05,8.97,1010.97,0
01/27/2020,Winter,19.8,40.87,7.67,988.7,1
01/28/2020,Winter,14.61,70.77,9.31,1017.72,0
01/29/2020,Winter,22.56,58.49,4.11,1007.34,0
01/30/2020,Winter,20.19,72.22,7.04,995.28,0
01/31/2020,Winter,17.87,65.16,8.32,989.16,0
02/01/2020,Winter,24.6,67.37,2.63,988.22,0
02/02/2020,Winter,21.54,65.7,5.56,994.2,0
02/03/2020,Winter,19.54,70.83,9.91,1020.12,1
02/04/2020,Winter,20.15,66.61,9.22,991.99,0
02/05/2020,Winter,17.66,61.25,9.12,1005.05,1
02/06/2020,Winter,22.58,63.91,8.77,1004.77,0
02/07/2020,Winter,21.93,85.93,1.67,1011.76,0
02/08/2020,Winter,23.01,65.52,9.92,985.66,0
02/09/2020,Winter,24.66,98.0,2.77,1004.16,0
02/10/2020,Winter,18.25,76.81,4.71,1004.12,0
02/11/2020,Winter,20.15,59.5,8.46,1004.31,0
02/12/2020,Winter,21.14,50.81,1.89,992.71,0
02/13/2020,Winter,22.7,76.04,8.09,1030.55,0
02/14/2020,Winter,21.25,73.37,4.35,1026.67,0
02/15/2020,Winter,19.43,67.7,1.09,1026.89,0
02/16/2020,Winter,21.27,83.2,7.95,1011.68,0
02/17/2020,Winter,23.16,86.03,2.71,989.16,1
02/18/2020,Winter,21.66,69.47,8.3,1033.29,1
02/19/2020,Winter,21.01,62.1,9.35,1024.23,0
02/20/2020,Winter,17.65,59.56,9.77,987.71,0
02/21/2020,Winter,25.44,64.15,4.71,1020.87,0
02/22/2020,Winter,22.69,63.37,7.16,1021.87,0
02/23/2020,Winter,21.98,84.38,3.71,983.49,0
02/24/2020,Winter,24.87,58.48,6.73,1028.45,0
02/25/2020,Winter,19.46,47.51,5.31,1003.84,0
02/26/2020,Winter,23.31,54.71,3.21,1007.62,0
02/27/2020,Winter,24.86,73.48,8.56,997.16,0
02/28/2020,Winter,29.37,54.4,1.57,1018.99,1
02/29/2020,Winter,23.1,52.73,4.05,993.09,1
03/01/2020,Summer,21.65,75.95,3.02,1025.17,0
03/02/2020,Summer,22.19,54.77,7.74,990.05,0
03/03/2020,Summer,23.24,74.26,5.46,983.0,0
03/04/2020,Summer,20.85,41.25,1.68,1022.82,1
03/05/2020,Summer,24.24,69.5,1.79,997.97,0
03/06/2020,Summer,24.75,64.36,6.29,981.42,0
03/07/2020,Summer,22.18,56.48,4.19,1012.61,0
03/08/2020,Summer,25.93,62.13,2.99,994.89,1
03/09/2020,Summer,21.9,77.38,6.72,996.92,0
03/10/2020,Summer,23.29,57.19,1.39,1022.89,0
03/11/2020,Summer,27.26,73.8,3.9,985.27,0
03/12/2020,Summer,26.02,54.64,2.49,1013.9,0
03/13/2020,Summer,23.68,71.15,1.53,1013.85,0
03/14/2020,Summer,23.48,84.5,8.19,997.25,0
03/15/2020,Summer,23.06,64.86,6.81,1013.15,0
03/16/2020,Summer,25.31,72.9,9.14,1024.42,0
03/17/2020,Summer,28.41,66.94,8.4,990.14,1
03/18/2020,Summer,26.53,75.47,3.58,992.35,1
03/19/2020,Summer,25.37,61.88,2.0,986.6,0
03/20/2020,Summer,27.58,82.54,2.22,1027.99,0
03/21/2020,Summer,28.14,46.74,4.97,990.22,0
03/22/2020,Summer,26.98,60.39,4.16,993.17,1
03/23/2020,Summer,25.69,56.73,1.69,1027.02,0
03/24/2020,Summer,28.09,64.29,7.28,1019.84,0
03/25/2020,Summer,26.13,77.43,8.93,1027.02,0
03/26/2020,Summer,28.8,69.6,1.1,1001.51,0
03/27/2020,Summer,28.67,75.74,1.6,1011.43,0
03/28/2020,Summer,24.6,83.05,4.55,987.47,0
03/29/2020,Summer,25.91,73.74,2.55,990.2,0
03/30/2020,Summer,26.61,71.77,7.83,1028.26,0
03/31/2020,Summer,31.67,60.36,7.8,1021.9,0
04/01/2020,Summer,26.44,52.43,4.64,1010.01,0
04/02/2020,Summer,28.13,74.59,2.19,1004.67,0
04/03/2020,Summer,27.4,76.95,1.73,1015.59,0
04/04/2020,Summer,23.46,53.08,6.98,987.06,0
04/05/2020,Summer,29.13,54.18,3.09,1005.02,0
04/06/2020,Summer,24.33,80.92,5.61,985.74,0
04/07/2020,Summer,34.14,46.51,5.48,994.63,0
04/08/2020,Summer,28.1,54.26,2.21,991.08,0
04/09/2020,Summer,27.47,70.39,9.89,1033.51,1
04/10/2020,Summer,26.33,69.3,5.12,1021.12,0
04/11/2020,Summer,23.87,55.07,1.2,981.2,0
04/12/2020,Summer,27.65,57.14,6.27,995.7,0
04/13/2020,Summer,30.94,48.23,6.42,992.76,0
04/14/2020,Summer,34.44,44.06,4.76,1025.97,0
04/15/2020,Summer,34.08,57.88,3.38,1021.4,1
04/16/2020,Summer,29.88,52.66,1.73,988.29,0
04/17/2020,Summer,28.6,68.18,5.75,990.26,0
04/18/2020,Summer,26.56,67.94,4.66,995.68,0
04/19/2020,Summer,30.92,83.85,5.81,991.36,1
04/20/2020,Summer,29.83,69.38,9.31,988.52,1
04/21/2020,Summer,32.31,50.52,2.19,994.08,0
04/22/2020,Summer,29.02,80.45,3.75,1015.94,1
04/23/2020,Summer,30.45,71.87,5.02,994.43,0
04/24/2020,Summer,31.4,75.17,1.1,1013.51,0
04/25/2020,Summer,30.86,62.35,9.19,1018.75,0
04/26/2020,Summer,29.5,79.01,3.03,1002.19,0
04/27/2020,Summer,31.82,63.22,7.1,986.46,0
04/28/2020,Summer,29.7,67.05,3.03,1030.96,0
04/29/2020,Summer,33.79,65.54,6.38,1027.14,0
04/30/2020,Summer,30.12,56.87,7.96,982.62,0
05/01/2020,Summer,33.64,85.12,9.0,1013.38,0
05/02/2020,Summer,29.95,69.87,1.18,1016.45,0
05/03/2020,Summer,32.71,69.15,9.55,1026.86,0
05/04/2020,Summer,36.06,77.09,7.87,994.13,0
05/05/2020,Summer,32.1,65.94,9.91,998.8,0
05/06/2020,Summer,30.46,74.89,9.4,1033.86,0
05/07/2020,Summer,31.45,76.98,2.44,1005.35,1
05/08/2020,Summer,35.4,61.14,5.37,994.82,0
05/09/2020,Summer,33.93,59.92,1.41,1025.72,0
05/10/2020,Summer,34.6,62.71,2.04,998.5,0
05/11/2020,Summer,32.15,81.29,8.24,1005.1,0
05/12/2020,Summer,29.78,52.98,1.81,1007.62,0
05/13/2020,Summer,32.48,56.72,6.17,1017.18,0
05/14/2020,Summer,33.83,60.4,4.35,990.17,0
05/15/2020,Summer,33.08,75.45,7.82,983.87,0
05/16/2020,Summer,32.9,72.77,8.5,1017.92,0
05/17/2020,Summer,31.55,81.98,2.86,1004.38,0
05/18/2020,Summer,31.64,59.36,2.21,990.56,0
05/19/2020,Summer,32.84,49.64,5.84,1022.78,0
05/20/2020,Summer,34.19,79.47,4.54,1008.64,0
05/21/2020,Summer,33.08,66.25,3.85,1016.02,0
05/22/2020,Summer,32.26,45.92,3.06,1034.74,1
05/23/2020,Summer,30.37,81.06,2.75,997.38,0
05/24/2020,Summer,31.28,53.93,3.8,1003.82,0
05/25/2020,Summer,32.45,67.97,2.93,1031.45,1
05/26/2020,Summer,30.96,61.6,4.88,1033.43,0
05/27/2020,Summer,35.71,55.93,3.6,1016.93,0
05/28/2020,Summer,34.17,70.51,2.51,1017.88,0
05/29/2020,Summer,35.59,80.07,1.71,1029.38,0
05/30/2020,Summer,37.17,58.16,8.34,1019.07,1
05/31/2020,Summer,30.77,51.13,4.21,1005.96,1
06/01/2020,Monsoon,31.37,89.88,10.38,1007.17,1
06/02/2020,Monsoon,34.59,55.77,13.47,982.86,1
06/03/2020,Monsoon,33.83,75.28,13.2,1003.44,1
06/04/2020,Monsoon,34.53,68.63,11.28,989.6,1
06/05/2020,Monsoon,35.37,84.82,14.36,1033.14,1
06/06/2020,Monsoon,33.9,63.0,8.41,995.74,1
06/07/2020,Monsoon,33.93,57.37,14.32,1016.47,1
06/08/2020,Monsoon,33.94,58.98,14.08,1015.49,0
06/09/2020,Monsoon,34.59,54.61,9.65,986.35,1
06/10/2020,Monsoon,30.46,69.11,8.49,986.12,1
06/11/2020,Monsoon,33.16,59.26,5.58,1009.48,1
06/12/2020,Monsoon,35.14,68.43,9.55,1034.94,1
06/13/2020,Monsoon,31.47,74.73,11.22,991.1,0
06/14/2020,Monsoon,32.8,76.18,8.94,997.63,1
06/15/2020,Monsoon,35.39,76.92,6.33,1006.54,1
06/16/2020,Monsoon,32.66,81.76,8.63,1033.63,1
06/17/2020,Monsoon,34.3,65.43,9.92,992.02,0
06/18/2020,Monsoon,35.68,71.11,8.03,1027.18,1
06/19/2020,Monsoon,34.19,71.96,8.67,991.83,1
06/20/2020,Monsoon,32.3,79.05,11.6,1028.39,1
06/21/2020,Monsoon,32.63,66.85,5.54,999.29,1
06/22/2020,Monsoon,35.61,61.66,9.71,1013.5,0
06/23/2020,Monsoon,34.01,81.52,8.86,1001.73,0
06/24/2020,Monsoon,32.44,69.29,8.76,1031.19,1
06/25/2020,Monsoon,35.5,54.73,12.53,1024.29,0
06/26/2020,Monsoon,34.51,79.75,12.64,990.14,1
06/27/2020,Monsoon,34.13,60.14,11.39,1011.08,1
06/28/2020,Monsoon,31.17,61.1,13.54,982.98,0
06/29/2020,Monsoon,30.04,64.0,13.74,1000.65,0
06/30/2020,Monsoon,32.01,71.78,8.0,1016.92,1
07/01/2020,Monsoon,32.79,73.64,5.73,1032.16,1
07/02/2020,Monsoon,33.41,79.94,14.93,988.14,1
07/03/2020,Monsoon,33.19,57.85,14.46,980.25,1
07/04/2020,Monsoon,33.36,69.82,9.72,1029.53,1
07/05/2020,Monsoon,30.28,91.92,10.25,1006.68,1
07/06/2020,Monsoon,32.72,61.79,10.98,1011.97,1
07/07/2020,Monsoon,34.13,63.17,14.99,1022.84,1
07/08/2020,Monsoon,33.03,66.75,6.76,995.97,1
07/09/2020,Monsoon,35.0,73.67,14.7,986.28,1
07/10/2020,Monsoon,35.39,82.16,10.16,1013.76,1
07/11/2020,Monsoon,32.18,61.47,9.7,1014.58,1
07/12/2020,Monsoon,30.96,59.12,10.51,991.4,1
07/13/2020,Monsoon,31.49,47.48,11.32,993.59,1
07/14/2020,Monsoon,32.19,63.58,14.68,1021.19,0
07/15/2020,Monsoon,33.88,52.54,10.92,1032.57,1
07/16/2020,Monsoon,33.01,53.79,6.6,998.21,1
07/17/2020,Monsoon,35.54,64.56,12.48,993.7,1
07/18/2020,Monsoon,33.09,60.15,13.42,995.71,1
07/19/2020,Monsoon,28.77,72.39,10.81,1023.95,1
07/20/2020,Monsoon,33.39,68.47,11.93,995.42,0
07/21/2020,Monsoon,33.49,57.11,8.48,997.15,0
07/22/2020,Monsoon,33.4,48.86,9.16,998.96,0
07/23/2020,Monsoon,33.21,56.77,11.72,1013.95,0
07/24/2020,Monsoon,33.86,58.69,9.55,989.91,1
07/25/2020,Monsoon,34.22,52.29,5.7,1014.69,1
07/26/2020,Monsoon,34.11,70.07,14.28,988.67,1
07/27/2020,Monsoon,32.31,83.52,6.9,999.18,1
07/28/2020,Monsoon,32.15,65.5,14.83,1013.85,0
07/29/2020,Monsoon,35.32,59.57,9.1,991.5,1
07/30/2020,Monsoon,30.52,63.4,9.85,998.91,1
07/31/2020,Monsoon,32.0,70.29,7.01,999.33,1
08/01/2020,Monsoon,34.41,67.91,13.5,996.28,1
08/02/2020,Monsoon,33.13,60.32,11.04,1001.75,0
08/03/2020,Monsoon,32.86,63.11,10.32,1019.67,1
08/04/2020,Monsoon,31.06,49.4,7.86,1021.57,1
08/05/2020,Monsoon,30.37,74.53,7.92,992.69,0
08/06/2020,Monsoon,31.76,61.44,14.24,983.68,1
08/07/2020,Monsoon,32.65,57.89,9.8,1024.63,0
08/08/2020,Monsoon,32.55,62.16,8.5,995.34,0
08/09/2020,Monsoon,30.05,66.91,11.73,998.65,0
08/10/2020,Monsoon,29.55,74.49,14.91,1002.15,0
08/11/2020,Monsoon,29.26,47.19,14.13,1032.39,1
08/12/2020,Monsoon,34.23,68.32,11.19,1029.45,0
08/13/2020,Monsoon,31.15,58.89,14.16,1033.5,0
08/14/2020,Monsoon,27.6,60.94,6.98,1033.67,1
08/15/2020,Monsoon,29.36,49.01,6.6,1028.75,1
08/16/2020,Monsoon,29.51,50.41,9.0,1002.64,1
08/17/2020,Monsoon,31.36,68.39,11.14,1020.78,0
08/18/2020,Monsoon,28.3,66.32,9.89,1034.28,0
08/19/2020,Monsoon,31.23,67.99,6.53,991.55,1
08/20/2020,Monsoon,29.24,66.71,5.1,1027.72,1
08/21/2020,Monsoon,29.1,57.22,6.61,1015.71,1
08/22/2020,Monsoon,31.19,72.66,10.47,989.5,1
08/23/2020,Monsoon,30.51,63.05,7.91,1028.7,1
08/24/2020,Monsoon,27.78,74.38,11.32,995.66,1
08/25/2020,Monsoon,31.94,54.75,6.06,1026.0,1
08/26/2020,Monsoon,31.21,87.76,13.93,989.41,1
08/27/2020,Monsoon,30.61,78.8,8.98,999.94,1
08/28/2020,Monsoon,29.0,65.57,5.96,1006.2,1
08/29/2020,Monsoon,31.27,72.93,9.46,1005.22,1
08/30/2020,Monsoon,29.53,72.54,6.87,1025.18,1
08/31/2020,Monsoon,28.98,69.5,9.72,1031.06,0
09/01/2020,Monsoon,28.4,55.97,5.12,1032.5,1
09/02/2020,Monsoon,29.25,71.89,8.78,981.63,1
09/03/2020,Monsoon,26.23,67.05,12.37,989.62,1
09/04/2020,Monsoon,30.82,74.54,9.84,1012.89,1
09/05/2020,Monsoon,26.11,59.38,8.38,1025.85,0
09/06/2020,Monsoon,27.97,55.18,9.35,992.54,1
09/07/2020,Monsoon,25.74,62.35,13.67,1020.62,1
09/08/2020,Monsoon,26.37,92.45,13.99,985.18,0
09/09/2020,Monsoon,29.11,87.59,5.75,986.98,1
09/10/2020,Monsoon,27.56,56.67,11.6,986.73,0
09/11/2020,Monsoon,26.48,55.68,13.86,1013.18,1
09/12/2020,Monsoon,23.5,76.04,8.76,1015.65,1
09/13/2020,Monsoon,26.29,69.88,6.46,983.94,1
09/14/2020,Monsoon,24.39,63.51,9.32,994.71,1
09/15/2020,Monsoon,25.92,66.67,5.81,999.86,0
09/16/2020,Monsoon,25.75,68.13,13.94,990.38,1
09/17/2020,Monsoon,28.81,76.6,12.06,1024.91,1
09/18/2020,Monsoon,22.96,67.47,7.13,1027.31,1
09/19/2020,Monsoon,27.15,68.42,8.13,992.02,1
09/20/2020,Monsoon,28.9,55.03,6.35,1024.88,1
09/21/2020,Monsoon,29.1,75.35,9.83,1024.41,0
09/22/2020,Monsoon,24.95,77.17,8.51,1018.55,1
09/23/2020,Monsoon,24.93,69.87,8.33,1010.64,1
09/24/2020,Monsoon,22.21,60.63,14.63,1017.4,1
09/25/2020,Monsoon,28.42,67.82,12.33,982.39,0
09/26/2020,Monsoon,27.34,60.41,11.64,1005.93,0
09/27/2020,Monsoon,27.45,55.32,10.6,1002.74,1
09/28/2020,Monsoon,28.12,67.66,7.9,1024.38,1
09/29/2020,Monsoon,21.84,72.84,13.47,990.06,1
09/30/2020,Monsoon,25.77,60.7,11.1,1030.15,1
10/01/2020,Autumn,28.53,60.1,9.34,1021.59,1
10/02/2020,Autumn,20.82,60.99,1.97,1003.51,1
10/03/2020,Autumn,24.65,63.19,2.76,1028.72,1
10/04/2020,Autumn,27.31,79.78,9.91,1026.36,1
10/05/2020,Autumn,26.66,64.63,3.4,991.98,0
10/06/2020,Autumn,23.7,73.98,9.9,1023.29,0
10/07/2020,Autumn,26.11,67.52,2.51,1005.75,0
10/08/2020,Autumn,23.7,64.14,6.17,1019.07,0
10/09/2020,Autumn,19.34,66.13,9.78,1000.16,0
10/10/2020,Autumn,21.58,53.76,6.36,1010.67,1
10/11/2020,Autumn,20.58,57.71,3.87,1022.93,1
10/12/2020,Autumn,22.32,65.25,8.0,1010.82,1
10/13/2020,Autumn,20.69,52.35,3.22,1014.68,0
10/14/2020,Autumn,25.65,54.36,7.41,1025.94,1
10/15/2020,Autumn,23.49,44.25,9.31,1015.79,1
10/16/2020,Autumn,21.26,85.74,3.19,1026.97,0
10/17/2020,Autumn,22.12,72.73,4.29,991.97,0
10/18/2020,Autumn,22.11,80.16,1.77,995.27,0
10/19/2020,Autumn,21.99,44.8,9.04,997.11,0
10/20/2020,Autumn,22.64,68.63,4.9,997.33,1
10/21/2020,Autumn,20.88,55.45,1.73,983.68,0
10/22/2020,Autumn,21.23,69.62,2.4,1007.81,0
10/23/2020,Autumn,22.03,63.8,8.86,1003.97,0
10/24/2020,Autumn,20.26,79.67,9.55,984.86,0
10/25/2020,Autumn,18.99,52.26,4.58,1020.26,0
10/26/2020,Autumn,20.03,63.73,3.64,998.34,0
10/27/2020,Autumn,22.69,72.48,2.82,1017.18,0
10/28/2020,Autumn,20.11,64.15,8.58,1025.77,0
10/29/2020,Autumn,23.02,51.21,3.51,1021.04,0
10/30/2020,Autumn,19.33,84.37,1.79,1016.0,0
10/31/2020,Autumn,18.15,84.27,5.95,1003.41,0
11/01/2020,Autumn,18.14,66.05,8.44,991.09,0
11/02/2020,Autumn,21.59,56.6,2.99,986.7,0
11/03/2020,Autumn,21.26,70.18,3.5,984.01,0
11/04/2020,Autumn,16.75,61.4,9.39,994.15,0
11/05/2020,Autumn,19.77,65.15,6.15,1031.35,1
11/06/2020,Autumn,19.91,53.32,6.28,1024.36,0
11/07/2020,Autumn,20.66,62.02,2.55,983.31,0
11/08/2020,Autumn,19.32,58.84,3.73,1000.87,0
11/09/2020,Autumn,24.46,66.92,1.79,990.27,0
11/10/2020,Autumn,16.18,62.01,1.43,983.26,0
11/11/2020,Autumn,15.39,62.39,2.33,1028.33,1
11/12/2020,Autumn,23.28,55.51,1.96,1004.13,1
11/13/2020,Autumn,17.7,72.54,9.28,1019.55,0
11/14/2020,Autumn,18.54,78.85,9.63,982.45,0
11/15/2020,Autumn,19.34,61.32,3.67,1016.61,0
11/16/2020,Autumn,19.38,71.17,9.83,1027.63,0
11/17/2020,Autumn,19.58,66.19,9.93,997.66,0
11/18/2020,Autumn,21.61,78.95,6.19,1004.84,0
11/19/2020,Autumn,19.55,62.53,2.87,1007.56,0
11/20/2020,Autumn,18.33,48.14,7.32,984.45,0
11/21/2020,Autumn,19.27,61.3,1.11,1022.12,0
11/22/2020,Autumn,20.86,56.78,7.91,986.31,1
11/23/2020,Autumn,18.14,83.25,3.36,1018.84,1
11/24/2020,Autumn,15.89,68.77,1.71,992.6,1
11/25/2020,Autumn,17.03,57.5,6.09,1014.42,0
11/26/2020,Autumn,19.76,71.45,1.38,1001.19,1
11/27/2020,Autumn,16.67,49.09,1.54,991.99,0
11/28/2020,Autumn,17.42,60.85,5.56,984.92,0
11/29/2020,Autumn,17.86,65.6,6.62,990.32,0
11/30/2020,Autumn,16.26,67.31,7.16,1033.18,1
12/01/2020,Winter,19.06,53.22,4.67,1020.49,0
12/02/2020,Winter,16.27,68.94,7.72,1029.84,0
12/03/2020,Winter,18.32,78.7,8.65,996.9,0
12/04/2020,Winter,17.16,62.09,9.67,1008.51,0
12/05/2020,Winter,18.53,78.02,6.71,1028.72,0
12/06/2020,Winter,18.52,87.19,1.32,1025.35,0
12/07/2020,Winter,19.74,60.95,3.44,1015.74,0
12/08/2020,Winter,19.87,67.5,1.35,1016.16,0
12/09/2020,Winter,18.35,55.42,3.73,1012.02,0
12/10/2020,Winter,16.71,67.04,2.3,985.34,1
12/11/2020,Winter,18.4,72.18,3.52,986.33,1
12/12/2020,Winter,17.47,68.61,2.41,1034.62,1
12/13/2020,Winter,16.31,55.24,3.02,993.01,0
12/14/2020,Winter,19.12,55.13,3.78,1006.19,0
12/15/2020,Winter,19.01,70.15,6.23,1033.8,0
12/16/2020,Winter,16.59,58.69,5.53,1004.5,0
12/17/2020,Winter,23.37,59.12,9.58,984.81,1
12/18/2020,Winter,21.32,46.95,7.64,1007.25,1
12/19/2020,Winter,16.83,66.1,3.88,1021.83,1
12/20/2020,Winter,19.06,68.66,1.49,1010.82,0
12/21/2020,Winter,19.73,57.8,4.38,1005.63,0
12/22/2020,Winter,14.96,65.11,4.07,1021.91,0
12/23/2020,Winter,14.46,58.92,9.56,1019.06,0
12/24/2020,Winter,17.07,62.44,6.65,1015.51,1
12/25/2020,Winter,18.79,73.0,6.53,1000.27,0
12/26/2020,Winter,12.48,79.19,1.17,986.4,0
12/27/2020,Winter,19.42,57.11,9.61,1033.99,1
12/28/2020,Winter,20.68,65.95,5.46,1012.96,0
12/29/2020,Winter,16.79,56.1,2.43,1012.45,1
12/30/2020,Winter,18.14,75.19,9.24,1025.73,0
12/31/2020,Winter,18.63,61.19,8.25,997.61,1
01/01/2021,Winter,19.4,60.29,6.62,997.69,0
01/02/2021,Winter,20.94,67.85,9.61,989.1,1
01/03/2021,Winter,19.31,48.07,1.56,985.97,0
01/04/2021,Winter,15.52,61.89,6.3,990.02,0
01/05/2021,Winter,18.49,58.84,5.59,1024.89,0
01/06/2021,Winter,16.56,63.58,9.81,1021.81,1
01/07/2021,Winter,19.55,59.68,6.06,1032.83,0
01/08/2021,Winter,16.66,64.69,7.9,988.61,0
01/09/2021,Winter,14.37,58.28,2.97,985.23,0
01/10/2021,Winter,17.67,54.1,8.3,1019.64,0
01/11/2021,Winter,20.22,71.86,3.6,992.71,1
01/12/2021,Winter,22.05,60.97,5.69,988.52,0
01/13/2021,Winter,18.83,59.47,3.84,1006.03,0
01/14/2021,Winter,18.75,68.03,9.88,1026.59,1
01/15/2021,Winter,21.12,63.33,1.64,1002.21,1
01/16/2021,Winter,21.57,62.06,2.47,1032.0,0
01/17/2021,Winter,23.7,71.4,9.51,994.8,0
01/18/2021,Winter,17.95,84.29,3.92,1010.34,1
01/19/2021,Winter,17.09,66.73,7.47,1004.81,0
01/20/2021,Winter,20.13,75.57,3.99,980.62,0
01/21/2021,Winter,21.2,58.19,3.12,1020.71,0
01/22/2021,Winter,18.65,50.37,1.04,985.53,0
01/23/2021,Winter,22.03,57.28,4.05,985.71,0
01/24/2021,Winter,20.95,69.87,5.09,1031.22,0
01/25/2021,Winter,20.68,78.16,1.45,1030.25,0
01/26/2021,Winter,17.6,59.35,3.41,1023.88,0
01/27/2021,Winter,19.94,62.7,8.55,1020.43,0
01/28/2021,Winter,18.35,79.04,5.25,995.35,0
01/29/2021,Winter,21.15,80.58,1.8,995.07,1
01/30/2021,Winter,21.67,50.47,2.53,986.58,0
01/31/2021,Winter,16.98,68.44,1.77,991.29,1
02/01/2021,Winter,21.14,70.65,9.06,998.68,0
02/02/2021,Winter,20.86,81.77,5.01,982.84,0
02/03/2021,Winter,22.32,64.98,5.24,994.32,0
02/04/2021,Winter,17.38,77.89,1.41,983.01,0
02/05/2021,Winter,17.78,62.29,6.37,1012.47,0
02/06/2021,Winter,22.08,60.27,7.06,1020.24,0
02/07/2021,Winter,19.19,64.08,1.03,1030.27,1
02/08/2021,Winter,24.1,61.14,8.56,1014.85,0
02/09/2021,Winter,22.48,64.61,2.02,1009.72,0
02/10/2021,Winter,21.26,62.38,5.94,1023.43,0
02/11/2021,Winter,21.67,65.31,3.67,1005.51,0
02/12/2021,Winter,21.61,62.99,4.2,1025.67,0
02/13/2021,Winter,22.34,42.04,6.75,1026.97,0
02/14/2021,Winter,24.97,56.31,1.86,1016.81,0
02/15/2021,Winter,22.87,66.3,6.23,1007.4,0
02/16/2021,Winter,20.36,54.3,9.26,1025.68,0
02/17/2021,Winter,21.64,64.42,5.07,1006.07,0
02/18/2021,Winter,21.46,71.83,7.96,993.04,0
02/19/2021,Winter,22.03,78.96,4.44,1009.7,0
02/20/2021,Winter,21.91,59.79,2.7,1030.93,0
02/21/2021,Winter,21.57,74.1,2.19,1006.5,0
02/22/2021,Winter,24.22,59.18,2.87,1007.26,0
02/23/2021,Winter,22.17,64.98,8.7,1034.19,0
02/24/2021,Winter,20.72,65.72,5.55,1029.78,0
02/25/2021,Winter,22.43,51.32,5.22,990.47,0
02/26/2021,Winter,25.58,82.19,2.35,994.82,0
02/27/2021,Winter,23.85,64.02,7.28,1007.79,0
02/28/2021,Winter,22.89,62.91,2.35,1020.66,0
03/01/2021,Summer,24.69,70.33,4.13,998.92,1
03/02/2021,Summer,21.93,70.2,9.32,1030.78,0
03/03/2021,Summer,24.41,69.76,3.19,1030.88,0
03/04/2021,Summer,21.9,59.18,9.49,985.79,1
03/05/2021,Summer,20.36,63.2,1.51,983.17,1
03/06/2021,Summer,21.9,59.53,5.79,990.85,0
03/07/2021,Summer,22.89,68.55,4.55,994.58,0
03/08/2021,Summer,28.76,61.81,2.92,1000.75,1
03/09/2021,Summer,22.55,60.73,7.47,1013.17,0
03/10/2021,Summer,24.45,62.22,1.51,1029.83,0
03/11/2021,Summer,25.46,74.52,1.38,1031.2,0
03/12/2021,Summer,23.51,80.61,4.14,1024.85,0
03/13/2021,Summer,26.05,59.55,1.24,1027.96,0
03/14/2021,Summer,25.57,68.32,7.85,1010.7,0
03/15/2021,Summer,26.84,80.07,7.19,1011.12,0
03/16/2021,Summer,24.78,82.42,6.86,993.8,0
03/17/2021,Summer,26.6,54.42,2.26,1028.14,0
03/18/2021,Summer,24.54,42.75,5.67,987.81,0
03/19/2021,Summer,24.18,52.68,7.95,1027.84,0
03/20/2021,Summer,27.29,61.2,2.29,1016.73,0
03/21/2021,Summer,25.43,51.9,9.7,1032.25,0
03/22/2021,Summer,30.14,67.61,1.58,1010.32,0
03/23/2021,Summer,23.85,65.54,9.12,1019.14,0
03/24/2021,Summer,24.9,53.85,4.69,999.44,0
03/25/2021,Summer,28.42,68.95,7.88,983.79,0
03/26/2021,Summer,29.15,64.8,5.07,1004.15,0
03/27/2021,Summer,25.8,63.9,7.01,1003.29,0
03/28/2021,Summer,25.06,65.04,5.95,997.78,0
03/29/2021,Summer,29.35,71.81,8.66,983.1,0
03/30/2021,Summer,28.98,64.64,8.94,989.05,0
03/31/2021,Summer,29.99,60.96,5.11,995.45,1
04/01/2021,Summer,28.78,70.4,9.01,998.8,0
04/02/2021,Summer,26.36,58.97,2.17,1013.64,0
04/03/2021,Summer,25.4,78.18,1.87,983.9,0
04/04/2021,Summer,26.38,69.7,2.24,1006.07,0
04/05/2021,Summer,26.1,56.02,5.75,1018.18,0
04/06/2021,Summer,29.26,73.35,3.89,1016.59,0
04/07/2021,Summer,29.51,58.09,4.16,981.39,0
04/08/2021,Summer,29.51,55.09,9.37,996.56,0
04/09/2021,Summer,25.87,59.28,7.12,1028.63,1
04/10/2021,Summer,26.96,53.42,5.99,1029.98,0
04/11/2021,Summer,30.17,59.61,4.92,982.89,0
04/12/2021,Summer,28.65,57.13,1.26,1024.35,0
04/13/2021,Summer,30.61,61.99,2.39,992.97,0
04/14/2021,Summer,30.45,61.23,2.16,1008.73,1
04/15/2021,Summer,28.54,60.73,2.74,1005.07,0
04/16/2021,Summer,31.26,68.29,5.39,1032.52,0
04/17/2021,Summer,30.08,70.38,2.02,987.2,0
04/18/2021,Summer,29.08,73.9,9.98,1031.41,0
04/19/2021,Summer,33.44,64.84,1.37,1031.5,0
04/20/2021,Summer,26.11,48.68,9.75,1028.83,0
04/21/2021,Summer,31.85,65.72,8.98,992.57,0
04/22/2021,Summer,30.41,68.15,9.84,1006.6,1
04/23/2021,Summer,26.48,96.0,4.64,982.27,0
04/24/2021,Summer,32.89,51.63,1.94,984.05,1
04/25/2021,Summer,31.36,68.91,5.39,1008.58,0
04/26/2021,Summer,30.4,62.86,8.97,1001.58,0
04/27/2021,Summer,31.5,65.0,4.94,1000.38,0
04/28/2021,Summer,30.56,67.69,6.1,1005.84,0
04/29/2021,Summer,28.91,85.45,1.4,1017.99,0
04/30/2021,Summer,34.46,76.46,2.28,1005.68,0
05/01/2021,Summer,32.73,54.44,5.85,1034.36,0
05/02/2021,Summer,31.48,70.05,2.62,998.21,0
05/03/2021,Summer,29.32,62.88,4.85,1006.25,1
05/04/2021,Summer,34.25,55.83,7.25,988.03,0
05/05/2021,Summer,32.33,50.13,9.67,1022.07,0
05/06/2021,Summer,31.21,62.15,4.23,1009.21,0
05/07/2021,Summer,31.31,63.56,5.15,990.32,0
05/08/2021,Summer,33.95,68.8,5.29,1002.01,0
05/09/2021,Summer,33.01,61.86,6.81,1015.02,0
05/10/2021,Summer,32.59,67.57,3.65,1022.04,0
05/11/2021,Summer,29.84,47.94,8.63,1013.92,0
05/12/2021,Summer,35.64,80.19,3.75,1033.96,0
05/13/2021,Summer,35.36,49.73,4.62,1003.23,0
05/14/2021,Summer,34.62,64.31,4.35,1024.34,1
05/15/2021,Summer,30.35,43.62,7.54,1002.92,0
05/16/2021,Summer,28.87,60.89,1.52,1016.5,0
05/17/2021,Summer,30.63,85.37,3.67,1009.49,0
05/18/2021,Summer,34.9,80.16,2.15,1019.75,1
05/19/2021,Summer,31.45,63.98,9.98,1009.1,0
05/20/2021,Summer,31.66,55.68,9.16,1002.58,0
05/21/2021,Summer,34.64,70.6,2.77,1033.1,1
05/22/2021,Summer,32.78,68.43,5.61,996.27,0
05/23/2021,Summer,32.48,45.24,6.35,987.26,0
05/24/2021,Summer,32.76,56.54,8.64,998.1,0
05/25/2021,Summer,33.19,73.78,6.73,1000.38,1
05/26/2021,Summer,30.4,70.04,3.56,980.81,0
05/27/2021,Summer,31.6,65.95,7.04,1014.97,0
05/28/2021,Summer,34.87,45.71,4.99,997.9,1
05/29/2021,Summer,32.89,57.38,1.34,986.89,0
05/30/2021,Summer,35.02,63.26,3.16,993.96,0
05/31/2021,Summer,33.17,58.78,5.08,996.52,0
06/01/2021,Monsoon,32.42,62.22,12.06,985.51,1
06/02/2021,Monsoon,35.85,71.64,11.54,1030.19,1
06/03/2021,Monsoon,32.0,58.55,14.83,980.18,0
06/04/2021,Monsoon,35.45,84.81,12.08,991.53,0
06/05/2021,Monsoon,34.27,57.73,8.05,1009.55,1
06/06/2021,Monsoon,32.17,62.08,8.25,998.73,1
06/07/2021,Monsoon,36.33,55.48,8.6,1010.63,1
06/08/2021,Monsoon,32.62,75.01,8.05,1013.74,1
06/09/2021,Monsoon,32.33,67.51,14.12,1019.95,1
06/10/2021,Monsoon,35.91,46.08,14.95,1031.07,1
06/11/2021,Monsoon,36.02,68.65,8.63,1002.9,1
06/12/2021,Monsoon,34.22,67.96,11.74,1032.74,1
06/13/2021,Monsoon,33.39,53.69,11.78,1018.39,1
06/14/2021,Monsoon,31.05,58.89,13.32,1013.52,1
06/15/2021,Monsoon,35.9,65.46,10.88,1018.54,0
06/16/2021,Monsoon,33.15,79.68,7.54,987.72,1
06/17/2021,Monsoon,35.56,60.2,11.41,1011.99,1
06/18/2021,Monsoon,33.64,77.8,8.32,1015.04,1
06/19/2021,Monsoon,32.92,82.03,10.66,997.35,1
06/20/2021,Monsoon,32.28,49.02,13.67,1008.83,0
06/21/2021,Monsoon,35.87,61.49,14.14,1023.34,1
06/22/2021,Monsoon,32.23,72.99,13.67,1001.74,0
06/23/2021,Monsoon,34.34,82.51,6.79,1010.18,1
06/24/2021,Monsoon,33.67,77.66,5.39,1034.85,1
06/25/2021,Monsoon,34.1,64.5,5.29,1004.05,1
06/26/2021,Monsoon,35.99,69.75,9.84,980.89,1
06/27/2021,Monsoon,30.24,59.48,6.63,1011.67,1
06/28/2021,Monsoon,32.08,58.01,11.23,1014.62,0
06/29/2021,Monsoon,37.4,58.15,10.62,1025.65,1
06/30/2021,Monsoon,34.53,62.0,10.13,1013.47,1
07/01/2021,Monsoon,34.49,66.28,13.99,1007.57,1
07/02/2021,Monsoon,37.58,81.56,11.37,1008.64,0
07/03/2021,Monsoon,34.63,70.19,14.39,999.16,0
07/04/2021,Monsoon,36.6,63.66,12.21,1019.76,1
07/05/2021,Monsoon,33.8,77.11,6.39,1014.76,1
07/06/2021,Monsoon,34.16,76.91,9.61,1006.99,1
07/07/2021,Monsoon,36.82,67.23,10.5,1007.78,0
07/08/2021,Monsoon,34.83,76.81,13.75,1008.13,1
07/09/2021,Monsoon,30.23,69.25,6.21,1010.89,1
07/10/2021,Monsoon,34.14,66.67,12.11,1010.83,1
07/11/2021,Monsoon,34.53,65.05,11.42,1008.54,1
07/12/2021,Monsoon,29.84,60.71,8.01,985.87,1
07/13/2021,Monsoon,30.02,67.73,9.28,1034.0,1
07/14/2021,Monsoon,33.78,58.69,8.19,1003.96,1
07/15/2021,Monsoon,30.12,53.12,11.37,1028.09,1
07/16/2021,Monsoon,32.28,76.08,14.3,1011.3,1
07/17/2021,Monsoon,28.55,78.62,8.91,986.08,1
07/18/2021,Monsoon,30.58,57.89,7.33,995.75,0
07/19/2021,Monsoon,34.12,48.72,8.42,993.39,1
07/20/2021,Monsoon,33.79,87.85,10.87,986.4,1
07/21/2021,Monsoon,33.56,64.09,5.16,1024.96,1
07/22/2021,Monsoon,34.79,79.56,13.19,1019.07,1
07/23/2021,Monsoon,35.18,81.02,10.46,985.27,1
07/24/2021,Monsoon,35.84,78.57,11.38,989.09,1
07/25/2021,Monsoon,32.65,71.46,7.8,985.35,1
07/26/2021,Monsoon,31.56,66.26,6.89,989.91,0
07/27/2021,Monsoon,35.84,56.12,11.32,1006.48,0
07/28/2021,Monsoon,33.22,56.82,9.15,1012.99,1
07/29/2021,Monsoon,29.72,59.99,11.79,1019.67,1
07/30/2021,Monsoon,28.51,47.77,9.44,988.5,0
07/31/2021,Monsoon,31.14,66.83,14.37,1028.9,1
08/01/2021,Monsoon,34.66,65.98,13.61,1010.67,1
08/02/2021,Monsoon,32.85,58.74,10.44,1026.82,1
08/03/2021,Monsoon,34.19,41.13,10.12,1006.18,0
08/04/2021,Monsoon,31.95,72.5,13.71,988.02,1
08/05/2021,Monsoon,27.38,76.1,12.55,1030.67,1
08/06/2021,Monsoon,27.16,67.76,7.88,984.22,0
08/07/2021,Monsoon,33.61,74.56,10.18,993.83,1
08/08/2021,Monsoon,30.23,83.45,12.34,1008.61,0
08/09/2021,Monsoon,29.31,65.15,13.91,1016.43,1
08/10/2021,Monsoon,29.91,83.93,10.58,1002.43,1
08/11/2021,Monsoon,32.58,68.1,6.99,1001.72,1
08/12/2021,Monsoon,28.44,58.99,9.88,1014.8,1
08/13/2021,Monsoon,27.03,55.74,10.51,1004.7,1
08/14/2021,Monsoon,28.78,70.8,11.74,1027.99,1
08/15/2021,Monsoon,28.59,71.25,11.84,1032.89,1
08/16/2021,Monsoon,26.66,76.48,11.47,1007.62,1
08/17/2021,Monsoon,28.22,91.89,9.3,1023.13,1
08/18/2021,Monsoon,30.96,62.14,6.2,1004.58,1
08/19/2021,Monsoon,29.22,72.38,6.59,1026.59,1
08/20/2021,Monsoon,32.25,67.06,6.55,1011.06,1
08/21/2021,Monsoon,29.01,74.53,5.26,1010.94,1
08/22/2021,Monsoon,30.2,50.08,13.72,982.0,1
08/23/2021,Monsoon,31.2,53.17,10.14,1029.9,0
08/24/2021,Monsoon,29.24,58.08,7.16,982.72,1
08/25/2021,Monsoon,32.09,75.87,14.51,1012.08,0
08/26/2021,Monsoon,28.29,87.58,11.68,1032.44,0
08/27/2021,Monsoon,27.02,77.07,14.6,1025.34,1
08/28/2021,Monsoon,31.16,90.92,6.01,1001.08,0
08/29/2021,Monsoon,28.5,51.63,14.68,1020.27,1
08/30/2021,Monsoon,27.05,85.56,10.57,987.22,1
08/31/2021,Monsoon,30.02,68.72,8.91,991.33,1
09/01/2021,Monsoon,27.4,73.94,9.12,991.0,1
09/02/2021,Monsoon,31.3,66.0,12.63,991.58,0
09/03/2021,Monsoon,30.15,69.13,14.88,1021.57,1
09/04/2021,Monsoon,29.63,69.41,13.75,1033.33,1
09/05/2021,Monsoon,26.28,66.41,13.83,1031.39,1
09/06/2021,Monsoon,29.92,66.04,14.32,1000.81,0
09/07/2021,Monsoon,29.19,64.87,12.31,1017.0,1
09/08/2021,Monsoon,25.02,47.97,8.72,1018.41,1
09/09/2021,Monsoon,27.35,79.0,6.89,1025.7,0
09/10/2021,Monsoon,27.3,72.41,8.04,1006.78,1
09/11/2021,Monsoon,24.85,73.66,11.19,1015.7,1
09/12/2021,Monsoon,23.33,57.02,12.09,1006.67,1
09/13/2021,Monsoon,28.79,78.81,9.83,993.77,1
09/14/2021,Monsoon,25.42,77.29,12.19,997.77,1
09/15/2021,Monsoon,27.04,65.7,7.5,987.44,1
09/16/2021,Monsoon,26.17,92.78,13.78,1000.76,0
09/17/2021,Monsoon,29.3,59.8,7.31,981.85,1
09/18/2021,Monsoon,27.93,60.13,6.0,1022.55,0
09/19/2021,Monsoon,31.41,67.72,5.8,1020.14,1
09/20/2021,Monsoon,24.59,63.35,8.47,1000.56,0
09/21/2021,Monsoon,24.92,51.91,11.98,1010.49,0
09/22/2021,Monsoon,23.92,63.07,10.66,988.61,1
09/23/2021,Monsoon,26.57,65.57,14.34,999.06,0
09/24/2021,Monsoon,25.85,64.76,7.21,1013.75,0
09/25/2021,Monsoon,22.45,58.61,7.51,1010.36,1
09/26/2021,Monsoon,24.06,65.35,8.39,982.02,1
09/27/2021,Monsoon,26.12,71.13,14.01,1003.48,1
09/28/2021,Monsoon,27.18,74.94,13.35,1009.85,0
09/29/2021,Monsoon,26.29,65.56,8.88,994.16,1
09/30/2021,Monsoon,25.18,58.57,8.43,996.11,0
10/01/2021,Autumn,24.46,68.74,4.57,996.29,0
10/02/2021,Autumn,23.54,59.89,1.81,1018.4,0
10/03/2021,Autumn,25.48,71.1,2.7,980.86,0
10/04/2021,Autumn,21.65,58.82,2.0,1007.82,0
10/05/2021,Autumn,22.26,63.79,4.24,1014.22,0
10/06/2021,Autumn,23.29,68.01,9.47,983.69,1
10/07/2021,Autumn,25.29,62.28,1.87,985.31,0
10/08/2021,Autumn,23.42,55.03,3.45,1033.81,0
10/09/2021,Autumn,21.0,59.8,9.35,986.46,0
10/10/2021,Autumn,27.36,45.67,6.14,987.08,1
10/11/2021,Autumn,23.12,54.22,5.98,1033.12,0
10/12/2021,Autumn,25.97,52.79,1.22,1028.2,1
10/13/2021,Autumn,25.46,50.79,3.52,1021.6,0
10/14/2021,Autumn,24.97,55.71,6.94,1023.82,0
10/15/2021,Autumn,23.73,74.89,3.14,981.67,0
10/16/2021,Autumn,23.25,65.79,8.36,1006.02,1
10/17/2021,Autumn,23.64,64.42,3.55,1009.34,1
10/18/2021,Autumn,21.55,55.0,6.25,1030.2,0
10/19/2021,Autumn,23.03,58.87,3.34,1018.74,0
10/20/2021,Autumn,24.44,64.95,1.69,989.45,0
10/21/2021,Autumn,22.7,70.13,3.01,984.33,0
10/22/2021,Autumn,20.4,59.15,1.57,1031.88,0
10/23/2021,Autumn,20.82,68.24,4.19,1023.26,0
10/24/2021,Autumn,24.02,56.35,3.17,1033.91,1
10/25/2021,Autumn,24.81,66.81,4.05,991.1,0
10/26/2021,Autumn,19.13,81.72,1.33,998.43,0
10/27/2021,Autumn,20.86,81.42,4.53,1020.35,0
10/28/2021,Autumn,20.37,51.19,7.97,1008.96,0
10/29/2021,Autumn,20.49,64.61,2.42,986.24,0
10/30/2021,Autumn,23.96,75.92,2.46,1002.51,0
10/31/2021,Autumn,24.78,70.93,4.74,1010.48,0
11/01/2021,Autumn,21.86,73.5,6.12,1005.43,1
11/02/2021,Autumn,22.51,61.1,2.92,990.89,0
11/03/2021,Autumn,16.31,74.02,2.06,1010.43,0
11/04/2021,Autumn,18.44,75.01,7.21,982.83,0
11/05/2021,Autumn,20.66,55.38,2.76,983.17,0
11/06/2021,Autumn,21.53,61.55,3.05,1020.18,1
11/07/2021,Autumn,20.8,67.63,9.25,1000.88,0
11/08/2021,Autumn,18.36,66.1,8.3,1015.68,0
11/09/2021,Autumn,20.05,67.04,2.72,1003.96,1
11/10/2021,Autumn,20.47,62.33,8.3,982.76,0
11/11/2021,Autumn,21.22,60.29,8.58,1020.15,0
11/12/2021,Autumn,22.61,84.18,2.77,1008.88,0
11/13/2021,Autumn,18.83,70.43,8.3,1023.37,0
11/14/2021,Autumn,19.89,53.93,9.9,1007.36,0
11/15/2021,Autumn,19.79,48.63,1.28,1005.95,0
11/16/2021,Autumn,20.9,48.4,8.65,989.82,1
11/17/2021,Autumn,16.38,60.11,4.23,1005.41,1
11/18/2021,Autumn,22.75,72.15,1.41,1006.75,0
11/19/2021,Autumn,18.85,80.75,5.09,1023.38,1
11/20/2021,Autumn,19.58,63.18,7.94,1017.03,0
11/21/2021,Autumn,19.75,58.5,2.8,1003.63,0
11/22/2021,Autumn,20.82,67.87,5.44,996.36,0
11/23/2021,Autumn,17.77,58.6,8.43,992.64,0
11/24/2021,Autumn,19.45,57.47,7.85,1033.4,1
11/25/2021,Autumn,19.05,71.02,7.02,1004.65,0
11/26/2021,Autumn,20.22,79.47,6.71,1006.65,1
11/27/2021,Autumn,17.21,60.46,4.13,1005.33,0
11/28/2021,Autumn,20.08,56.0,6.22,1001.15,1
11/29/2021,Autumn,18.92,64.23,7.28,1023.84,0
11/30/2021,Autumn,20.11,70.2,9.19,1028.12,0
12/01/2021,Winter,16.9,58.72,6.34,1018.68,1
12/02/2021,Winter,14.23,47.95,6.11,1033.73,1
12/03/2021,Winter,18.24,61.47,4.49,1016.58,0
12/04/2021,Winter,18.25,56.17,3.71,998.8,1
12/05/2021,Winter,18.04,74.08,9.02,1002.26,0
12/06/2021,Winter,15.73,60.68,7.13,1023.08,0
12/07/2021,Winter,19.14,66.58,8.46,988.94,1
12/08/2021,Winter,20.17,54.23,6.25,997.32,0
12/09/2021,Winter,19.53,73.69,7.23,1008.8,0
12/10/2021,Winter,15.44,73.56,8.11,990.69,0
12/11/2021,Winter,21.08,67.73,3.21,1000.41,0
12/12/2021,Winter,19.14,73.58,2.71,982.69,0
12/13/2021,Winter,17.94,66.44,3.16,980.95,0
12/14/2021,Winter,17.87,66.75,2.59,986.57,0
12/15/2021,Winter,15.72,67.89,4.86,993.52,0
12/16/2021,Winter,14.88,56.81,5.71,988.47,0
12/17/2021,Winter,16.67,64.13,4.93,1021.77,0
12/18/2021,Winter,20.17,57.5,9.61,1032.13,0
12/19/2021,Winter,16.62,57.4,3.09,989.82,1
12/20/2021,Winter,16.03,57.93,8.79,981.28,1
12/21/2021,Winter,19.57,60.27,4.84,988.89,1
12/22/2021,Winter,19.86,81.85,5.83,1023.89,0
12/23/2021,Winter,19.08,59.25,6.44,998.4,1
12/24/2021,Winter,17.51,50.89,1.78,996.64,1
12/25/2021,Winter,16.0,72.17,3.83,998.23,1
12/26/2021,Winter,17.95,61.83,6.31,1022.75,1
12/27/2021,Winter,17.9,77.98,5.84,1029.5,0
12/28/2021,Winter,19.1,67.58,2.15,1018.16,0
12/29/2021,Winter,18.42,60.86,2.37,1017.44,0
12/30/2021,Winter,14.74,64.32,1.24,987.26,0
12/31/2021,Winter,17.74,61.42,9.9,1009.35,1
01/01/2022,Winter,19.12,76.75,2.98,1010.83,1
01/02/2022,Winter,16.47,79.27,3.96,1003.3,1
01/03/2022,Winter,18.75,71.52,2.24,1006.84,0
01/04/2022,Winter,17.22,62.79,3.68,1025.82,0
01/05/2022,Winter,18.39,62.73,4.62,984.26,0
01/06/2022,Winter,18.95,87.72,6.31,995.77,1
01/07/2022,Winter,18.03,64.66,4.87,1016.78,0
01/08/2022,Winter,17.69,67.09,9.64,1003.69,0
01/09/2022,Winter,17.4,53.47,3.42,1002.89,0
01/10/2022,Winter,18.13,71.15,7.42,1000.63,0
01/11/2022,Winter,18.82,58.52,9.59,994.33,1
01/12/2022,Winter,14.73,69.08,9.75,983.61,1
01/13/2022,Winter,19.83,56.54,8.81,989.51,0
01/14/2022,Winter,18.2,51.02,3.57,997.36,1
01/15/2022,Winter,17.38,71.97,4.84,991.61,1
01/16/2022,Winter,19.28,71.43,5.29,1030.07,1
01/17/2022,Winter,15.93,69.31,6.63,1024.74,0
01/18/2022,Winter,17.31,75.48,4.63,1032.18,0
01/19/2022,Winter,15.24,54.73,3.17,1007.19,0
01/20/2022,Winter,18.87,64.39,4.91,986.13,0
01/21/2022,Winter,19.88,83.85,5.32,1017.65,0
01/22/2022,Winter,18.06,64.09,3.22,995.82,0
01/23/2022,Winter,19.89,64.22,2.66,1018.36,0
01/24/2022,Winter,19.22,71.38,4.39,1008.5,1
01/25/2022,Winter,17.9,40.0,8.95,1023.67,0
01/26/2022,Winter,14.52,57.79,5.64,1008.19,1
01/27/2022,Winter,18.41,61.64,9.97,988.49,1
01/28/2022,Winter,18.09,71.43,3.64,1013.15,0
01/29/2022,Winter,20.24,42.17,7.42,1027.38,0
01/30/2022,Winter,19.15,83.2,4.84,1024.94,0
01/31/2022,Winter,21.58,63.69,5.42,1005.58,0
02/01/2022,Winter,19.72,66.96,9.66,1028.11,0
02/02/2022,Winter,21.58,78.16,6.74,982.0,1
02/03/2022,Winter,24.65,59.54,8.32,991.93,0
02/04/2022,Winter,19.9,77.74,6.93,1026.87,1
02/05/2022,Winter,19.67,50.9,2.23,992.87,0
02/06/2022,Winter,20.26,71.11,5.62,986.24,0
02/07/2022,Winter,21.26,76.78,1.88,1013.2,1
02/08/2022,Winter,19.4,59.66,4.3,1013.44,0
02/09/2022,Winter,20.79,68.34,5.55,1002.48,0
02/10/2022,Winter,18.91,54.24,4.01,996.15,0
02/11/2022,Winter,23.63,87.92,2.32,985.12,0
02/12/2022,Winter,21.53,56.28,7.88,1010.86,0
02/13/2022,Winter,20.67,70.46,4.83,990.48,0
02/14/2022,Winter,19.06,58.71,7.44,992.01,0
02/15/2022,Winter,20.31,50.45,4.89,1027.12,0
02/16/2022,Winter,24.59,65.1,7.36,1016.65,0
02/17/2022,Winter,20.38,67.35,9.82,1010.26,0
02/18/2022,Winter,19.19,75.83,8.23,999.92,1
02/19/2022,Winter,23.58,64.96,7.78,990.81,0
02/20/2022,Winter,23.68,65.39,8.22,1001.71,0
02/21/2022,Winter,21.33,63.89,9.81,995.01,0
02/22/2022,Winter,21.81,66.77,5.07,986.75,1
02/23/2022,Winter,19.48,61.1,9.14,994.61,0
02/24/2022,Winter,22.35,64.57,5.17,1033.59,0
02/25/2022,Winter,24.58,69.09,6.03,983.95,1
02/26/2022,Winter,21.96,60.15,2.54,1009.63,0
02/27/2022,Winter,26.12,56.79,5.32,1001.39,0
02/28/2022,Winter,22.69,61.36,5.66,1011.2,0
03/01/2022,Summer,23.56,77.66,3.85,991.04,0
03/02/2022,Summer,23.69,70.03,9.17,983.83,0
03/03/2022,Summer,21.31,66.0,5.92,994.78,1
03/04/2022,Summer,25.27,78.36,6.03,1012.99,1
03/05/2022,Summer,24.36,62.81,7.34,1018.34,1
03/06/2022,Summer,26.96,57.37,3.35,1030.39,0
03/07/2022,Summer,22.42,46.23,1.48,998.7,0
03/08/2022,Summer,25.31,71.68,5.47,1008.42,1
03/09/2022,Summer,26.94,58.33,6.8,987.0,1
03/10/2022,Summer,20.98,68.04,4.07,987.24,0
03/11/2022,Summer,25.47,62.13,4.36,986.82,0
03/12/2022,Summer,26.57,54.41,6.92,1034.69,1
03/13/2022,Summer,25.12,65.22,1.1,981.89,0
03/14/2022,Summer,22.84,69.3,8.21,1032.95,0
03/15/2022,Summer,25.19,54.47,7.17,982.19,0
03/16/2022,Summer,22.94,57.68,2.4,998.04,0
03/17/2022,Summer,23.54,58.33,9.1,1019.6,0
03/18/2022,Summer,25.15,69.35,4.35,998.68,1
03/19/2022,Summer,25.16,73.71,7.9,1013.25,0
03/20/2022,Summer,25.55,68.26,6.19,991.32,1
03/21/2022,Summer,26.73,62.8,6.86,1019.02,1
03/22/2022,Summer,20.7,70.54,1.61,985.15,0
03/23/2022,Summer,26.33,70.36,8.08,1006.38,0
03/24/2022,Summer,24.16,76.21,4.74,1015.19,0
03/25/2022,Summer,27.49,68.35,3.74,1002.26,1
03/26/2022,Summer,27.84,71.65,8.24,989.52,0
03/27/2022,Summer,25.19,65.33,3.92,1033.32,0
03/28/2022,Summer,28.06,79.22,5.54,1022.44,0
03/29/2022,Summer,26.0,71.35,7.5,1026.86,1
03/30/2022,Summer,27.57,64.43,7.36,1014.13,0
03/31/2022,Summer,26.31,59.47,6.29,1002.3,0
04/01/2022,Summer,24.38,81.18,9.55,1025.8,0
04/02/2022,Summer,27.11,49.81,8.86,1021.51,0
04/03/2022,Summer,27.02,58.14,4.84,1010.53,1
04/04/2022,Summer,29.97,73.35,7.68,1022.11,0
04/05/2022,Summer,25.27,77.56,4.23,1013.1,0
04/06/2022,Summer,27.87,58.76,5.91,997.98,0
04/07/2022,Summer,27.42,63.78,4.28,996.8,0
04/08/2022,Summer,29.39,74.1,2.27,1012.04,1
04/09/2022,Summer,31.72,74.54,4.81,1029.07,0
04/10/2022,Summer,27.62,53.7,7.88,980.89,0
04/11/2022,Summer,30.07,75.93,6.32,1003.36,0
04/12/2022,Summer,28.12,71.21,7.47,998.19,0
04/13/2022,Summer,30.41,64.51,7.16,1026.09,0
04/14/2022,Summer,30.42,59.0,1.3,992.03,0
04/15/2022,Summer,30.86,59.3,6.02,1012.67,1
04/16/2022,Summer,28.98,61.95,2.31,980.07,0
04/17/2022,Summer,27.95,63.37,2.71,988.56,0
04/18/2022,Summer,27.74,54.26,4.96,982.98,0
04/19/2022,Summer,30.02,53.75,5.17,1001.78,0
04/20/2022,Summer,29.67,72.65,5.81,1022.37,1
04/21/2022,Summer,29.06,71.25,5.9,1016.81,0
04/22/2022,Summer,31.22,52.33,8.64,999.33,0
04/23/2022,Summer,29.01,62.54,7.54,1001.09,0
04/24/2022,Summer,26.71,58.07,7.83,991.94,0
04/25/2022,Summer,33.28,57.63,9.12,1000.42,0
04/26/2022,Summer,33.05,57.31,8.94,1018.74,0
04/27/2022,Summer,30.98,69.66,1.36,1008.96,0
04/28/2022,Summer,33.9,75.81,4.88,981.31,0
04/29/2022,Summer,34.01,68.06,8.81,994.12,0
04/30/2022,Summer,33.4,57.5,9.13,997.96,1
05/01/2022,Summer,30.02,72.51,7.02,994.46,0
05/02/2022,Summer,29.98,73.49,1.98,996.16,1
05/03/2022,Summer,30.72,59.46,6.27,993.9,0
05/04/2022,Summer,31.45,53.13,9.65,987.58,1
05/05/2022,Summer,30.22,45.24,6.8,996.01,1
05/06/2022,Summer,26.16,81.83,1.11,994.05,0
05/07/2022,Summer,32.51,97.28,7.99,988.55,0
05/08/2022,Summer,31.57,71.5,4.85,1016.9,1
05/09/2022,Summer,34.52,79.74,3.89,1022.36,1
05/10/2022,Summer,32.8,61.47,6.07,992.2,1
05/11/2022,Summer,30.76,64.31,3.56,1005.88,0
05/12/2022,Summer,33.32,64.25,6.38,1029.23,1
05/13/2022,Summer,30.58,60.48,6.64,1021.94,0
05/14/2022,Summer,30.76,68.1,6.33,1030.07,0
05/15/2022,Summer,32.06,62.91,7.62,987.58,0
05/16/2022,Summer,31.69,62.55,2.83,1017.82,0
05/17/2022,Summer,33.17,54.52,1.07,996.0,0
05/18/2022,Summer,34.5,62.29,5.83,1024.65,0
05/19/2022,Summer,30.94,67.38,3.57,982.85,1
05/20/2022,Summer,32.28,47.15,2.66,1016.61,0
05/21/2022,Summer,35.69,60.28,2.88,1016.46,0
05/22/2022,Summer,35.3,75.66,3.63,1002.9,0
05/23/2022,Summer,33.21,63.07,5.39,1016.3,1
05/24/2022,Summer,31.54,65.33,5.63,985.42,1
05/25/2022,Summer,33.27,41.92,3.93,989.89,0
05/26/2022,Summer,33.66,59.13,7.32,999.28,0
05/27/2022,Summer,33.83,63.4,4.7,980.74,0
05/28/2022,Summer,34.66,55.41,6.79,981.21,1
05/29/2022,Summer,32.2,58.98,9.43,980.63,0
05/30/2022,Summer,34.87,67.44,1.78,987.61,1
05/31/2022,Summer,32.64,66.58,4.15,1013.44,0
06/01/2022,Monsoon,38.38,73.72,10.59,1034.39,1
06/02/2022,Monsoon,35.41,62.37,13.68,999.13,1
06/03/2022,Monsoon,34.91,60.87,6.17,1007.81,1
06/04/2022,Monsoon,31.74,61.04,10.49,1015.43,0
06/05/2022,Monsoon,37.19,58.27,10.23,984.65,1
06/06/2022,Monsoon,34.69,68.32,10.05,997.49,1
06/07/2022,Monsoon,30.81,58.1,9.1,996.74,1
06/08/2022,Monsoon,37.9,61.93,7.54,999.7,1
06/09/2022,Monsoon,31.91,73.69,9.79,1003.81,0
06/10/2022,Monsoon,32.01,54.8,5.28,1010.89,1
06/11/2022,Monsoon,34.97,63.36,14.09,987.83,1
06/12/2022,Monsoon,32.61,55.45,6.68,981.35,0
06/13/2022,Monsoon,32.73,66.43,10.83,1007.74,1
06/14/2022,Monsoon,36.89,70.02,5.47,999.7,1
06/15/2022,Monsoon,35.06,46.68,10.05,987.57,1
06/16/2022,Monsoon,33.83,63.44,14.65,1008.29,1
06/17/2022,Monsoon,35.24,59.38,6.31,982.94,1
06/18/2022,Monsoon,34.47,54.49,6.19,1015.64,1
06/19/2022,Monsoon,35.81,48.62,10.83,1012.57,0
06/20/2022,Monsoon,32.37,67.04,9.35,1018.81,1
06/21/2022,Monsoon,37.41,90.6,7.64,1013.84,1
06/22/2022,Monsoon,34.27,77.98,10.88,1026.09,0
06/23/2022,Monsoon,34.39,69.84,14.94,994.42,0
06/24/2022,Monsoon,30.38,81.24,14.09,1011.52,0
06/25/2022,Monsoon,34.62,71.04,8.01,1016.11,0
06/26/2022,Monsoon,32.2,78.91,8.86,994.65,0
06/27/2022,Monsoon,34.25,59.79,11.3,1034.02,1
06/28/2022,Monsoon,35.6,70.1,10.01,1003.07,1
06/29/2022,Monsoon,31.58,57.81,9.27,982.16,0
06/30/2022,Monsoon,35.48,70.04,7.8,986.57,1
07/01/2022,Monsoon,34.19,66.85,13.58,1026.81,1
07/02/2022,Monsoon,33.22,55.72,13.21,1009.06,0
07/03/2022,Monsoon,33.61,71.35,8.85,1031.9,1
07/04/2022,Monsoon,32.68,66.2,14.1,1029.0,1
07/05/2022,Monsoon,35.78,56.48,6.99,987.37,1
07/06/2022,Monsoon,36.49,85.34,11.1,1031.18,0
07/07/2022,Monsoon,36.41,84.38,9.6,1003.85,1
07/08/2022,Monsoon,37.14,51.12,5.77,1028.37,1
07/09/2022,Monsoon,33.52,56.78,10.38,1004.51,0
07/10/2022,Monsoon,33.95,67.24,8.58,997.9,0
07/11/2022,Monsoon,34.83,72.53,6.62,1022.68,1
07/12/2022,Monsoon,35.71,68.16,5.91,1008.13,1
07/13/2022,Monsoon,35.21,74.91,5.51,1004.6,0
07/14/2022,Monsoon,33.92,60.04,8.35,1025.92,0
07/15/2022,Monsoon,30.01,89.36,10.12,1015.47,1
07/16/2022,Monsoon,34.03,60.01,12.16,1001.98,1
07/17/2022,Monsoon,31.65,52.66,10.8,999.37,1
07/18/2022,Monsoon,33.41,68.99,7.62,981.56,1
07/19/2022,Monsoon,33.08,55.93,12.21,991.82,0
07/20/2022,Monsoon,31.47,48.72,5.8,989.68,1
07/21/2022,Monsoon,32.55,72.62,9.56,989.31,1
07/22/2022,Monsoon,29.11,64.79,8.07,995.37,1
07/23/2022,Monsoon,35.97,66.12,6.88,1002.68,1
07/24/2022,Monsoon,35.16,78.24,10.7,990.7,0
07/25/2022,Monsoon,33.22,57.99,5.25,1034.95,0
07/26/2022,Monsoon,32.73,62.62,14.76,982.96,1
07/27/2022,Monsoon,34.09,51.37,7.37,985.21,1
07/28/2022,Monsoon,33.31,65.15,6.53,992.31,0
07/29/2022,Monsoon,32.17,72.72,8.89,982.51,1
07/30/2022,Monsoon,31.99,62.08,5.22,1026.95,1
07/31/2022,Monsoon,29.93,57.97,13.61,1012.93,1
08/01/2022,Monsoon,33.37,60.11,5.15,1030.44,1
08/02/2022,Monsoon,36.63,61.51,9.37,1024.86,1
08/03/2022,Monsoon,30.11,71.85,7.28,1028.52,0
08/04/2022,Monsoon,30.06,40.12,7.88,995.16,1
08/05/2022,Monsoon,36.26,80.7,12.53,988.6,1
08/06/2022,Monsoon,30.97,59.68,5.09,990.01,0
08/07/2022,Monsoon,30.84,65.49,12.52,983.72,1
08/08/2022,Monsoon,28.37,87.62,13.87,1004.04,1
08/09/2022,Monsoon,29.45,77.45,13.38,1027.62,1
08/10/2022,Monsoon,33.31,72.31,12.41,1019.79,1
08/11/2022,Monsoon,32.0,76.21,5.15,1004.19,0
08/12/2022,Monsoon,31.61,59.26,8.35,1013.79,1
08/13/2022,Monsoon,30.33,70.92,12.73,1027.58,1
08/14/2022,Monsoon,31.39,68.64,7.71,1026.98,0
08/15/2022,Monsoon,27.82,54.32,10.13,1031.91,1
08/16/2022,Monsoon,30.24,70.52,10.95,1007.96,0
08/17/2022,Monsoon,31.33,63.79,14.88,1030.34,1
08/18/2022,Monsoon,28.13,50.35,5.01,1002.43,1
08/19/2022,Monsoon,33.47,77.77,8.31,995.94,1
08/20/2022,Monsoon,31.43,61.57,9.34,1021.28,1
08/21/2022,Monsoon,26.1,62.83,11.28,996.5,1
08/22/2022,Monsoon,31.4,56.54,8.45,1025.28,1
08/23/2022,Monsoon,27.79,66.92,13.94,980.83,1
08/24/2022,Monsoon,29.24,58.73,8.19,1014.7,1
08/25/2022,Monsoon,29.24,72.09,7.25,1002.53,1
08/26/2022,Monsoon,31.14,54.12,8.75,982.27,1
08/27/2022,Monsoon,30.45,59.31,12.49,1024.54,1
08/28/2022,Monsoon,30.69,67.24,12.27,1014.28,1
08/29/2022,Monsoon,26.3,49.5,5.32,993.33,1
08/30/2022,Monsoon,29.51,67.47,10.41,1018.73,1
08/31/2022,Monsoon,24.99,60.41,7.78,997.76,1
09/01/2022,Monsoon,29.29,67.13,11.52,988.6,0
09/02/2022,Monsoon,30.27,70.07,5.77,1017.0,1
09/03/2022,Monsoon,27.59,58.27,6.14,1026.18,1
09/04/2022,Monsoon,32.72,71.85,11.47,1031.07,1
09/05/2022,Monsoon,29.45,41.62,8.7,1007.73,1
09/06/2022,Monsoon,27.67,66.69,10.89,989.64,1
09/07/2022,Monsoon,27.0,49.26,9.45,997.37,0
09/08/2022,Monsoon,31.01,67.78,8.74,1026.95,1
09/09/2022,Monsoon,26.91,56.63,6.46,1034.57,1
09/10/2022,Monsoon,26.62,75.71,8.69,1026.29,0
09/11/2022,Monsoon,26.26,69.79,9.46,991.62,1
09/12/2022,Monsoon,26.2,71.24,6.99,1015.18,1
09/13/2022,Monsoon,28.98,64.88,13.74,1023.21,1
09/14/2022,Monsoon,25.53,53.85,14.81,1022.93,1
09/15/2022,Monsoon,26.12,54.94,11.92,1031.01,1
09/16/2022,Monsoon,26.56,47.65,6.15,987.54,1
09/17/2022,Monsoon,24.66,67.54,5.11,1007.69,1
09/18/2022,Monsoon,24.08,68.85,9.06,987.54,0
09/19/2022,Monsoon,23.91,81.08,10.18,990.55,1
09/20/2022,Monsoon,22.84,67.75,14.98,1032.27,1
09/21/2022,Monsoon,21.94,76.87,6.14,1002.41,1
09/22/2022,Monsoon,26.5,60.62,5.63,1030.35,1
09/23/2022,Monsoon,24.71,59.98,8.5,1027.88,0
09/24/2022,Monsoon,23.15,67.72,7.49,1034.8,0
09/25/2022,Monsoon,26.31,71.72,9.75,1006.13,0
09/26/2022,Monsoon,26.01,84.0,8.01,1004.35,0
09/27/2022,Monsoon,29.8,74.75,5.65,988.93,1
09/28/2022,Monsoon,25.11,74.84,6.02,1008.6,0
09/29/2022,Monsoon,25.89,73.18,8.02,981.38,1
09/30/2022,Monsoon,24.39,72.76,11.65,1022.61,1
10/01/2022,Autumn,23.46,59.61,3.93,980.7,0
10/02/2022,Autumn,23.94,60.08,1.41,994.92,0
10/03/2022,Autumn,27.64,67.28,3.38,989.55,1
10/04/2022,Autumn,25.82,71.98,8.92,1026.8,0
10/05/2022,Autumn,26.0,72.02,2.96,1023.68,0
10/06/2022,Autumn,23.6,77.63,1.94,988.92,0
10/07/2022,Autumn,23.67,78.58,1.37,981.33,0
10/08/2022,Autumn,23.28,56.68,3.46,999.55,0
10/09/2022,Autumn,26.03,49.94,1.11,1032.85,0
10/10/2022,Autumn,21.52,65.04,4.01,982.0,0
10/11/2022,Autumn,24.34,73.95,8.1,1034.15,0
10/12/2022,Autumn,24.41,76.7,6.4,993.73,0
10/13/2022,Autumn,22.06,78.44,9.31,1031.86,0
10/14/2022,Autumn,22.05,79.18,3.87,1013.21,0
10/15/2022,Autumn,23.98,49.83,8.31,1000.43,0
10/16/2022,Autumn,28.45,53.34,2.94,1017.25,0
10/17/2022,Autumn,26.38,81.32,5.98,986.84,0
10/18/2022,Autumn,22.1,48.8,2.93,1002.36,0
10/19/2022,Autumn,21.35,51.35,8.08,1004.12,0
10/20/2022,Autumn,23.0,69.24,5.22,1008.43,0
10/21/2022,Autumn,19.2,77.85,5.81,990.08,0
10/22/2022,Autumn,21.92,76.15,3.91,1000.47,0
10/23/2022,Autumn,21.62,51.64,5.75,1017.29,0
10/24/2022,Autumn,22.28,69.08,9.41,1020.51,0
10/25/2022,Autumn,20.45,49.67,3.33,1016.97,0
10/26/2022,Autumn,21.7,70.59,3.52,1023.44,0
10/27/2022,Autumn,18.42,60.37,8.97,980.17,1
10/28/2022,Autumn,19.0,61.72,1.5,1030.76,1
10/29/2022,Autumn,20.28,60.64,5.61,1031.05,0
10/30/2022,Autumn,18.02,57.28,9.15,989.79,0
10/31/2022,Autumn,19.97,40.0,5.91,1002.62,0
11/01/2022,Autumn,21.27,73.07,7.24,996.27,0
11/02/2022,Autumn,20.64,70.26,4.84,1017.09,0
11/03/2022,Autumn,20.35,48.73,2.55,995.43,0
11/04/2022,Autumn,24.4,57.81,4.07,1017.52,0
11/05/2022,Autumn,16.09,69.95,5.45,1022.94,0
11/06/2022,Autumn,19.2,83.06,3.23,988.77,0
11/07/2022,Autumn,18.15,66.38,3.65,993.12,0
11/08/2022,Autumn,19.96,81.09,8.07,1002.52,0
11/09/2022,Autumn,21.39,77.99,3.93,1003.72,1
11/10/2022,Autumn,22.94,73.0,8.98,1026.89,0
11/11/2022,Autumn,20.55,43.13,8.73,1022.43,0
11/12/2022,Autumn,22.0,60.85,4.59,984.23,0
11/13/2022,Autumn,22.0,59.3,9.93,1013.28,0
11/14/2022,Autumn,19.15,72.2,3.68,1014.41,1
11/15/2022,Autumn,20.97,70.86,5.37,1008.54,0
11/16/2022,Autumn,19.01,40.0,8.14,992.25,0
11/17/2022,Autumn,16.81,73.37,5.63,1027.86,0
11/18/2022,Autumn,19.62,75.02,5.0,1031.51,0
11/19/2022,Autumn,20.67,68.9,9.05,997.97,0
11/20/2022,Autumn,21.05,42.26,4.67,1030.13,0
11/21/2022,Autumn,19.25,69.58,7.96,1019.41,0
11/22/2022,Autumn,20.1,90.29,5.7,1032.6,0
11/23/2022,Autumn,22.47,72.55,4.31,999.12,0
11/24/2022,Autumn,21.42,71.29,7.96,1003.85,0
11/25/2022,Autumn,21.81,59.6,1.43,1014.23,0
11/26/2022,Autumn,19.25,66.26,4.24,1033.79,0
11/27/2022,Autumn,17.04,65.9,5.47,1005.13,0
11/28/2022,Autumn,19.03,48.21,3.59,1025.33,0
11/29/2022,Autumn,20.76,60.31,9.46,1016.75,0
11/30/2022,Autumn,21.44,68.79,6.95,1022.72,0
12/01/2022,Winter,18.21,48.41,9.88,1033.8,0
12/02/2022,Winter,17.28,65.62,7.04,1029.33,1
12/03/2022,Winter,17.28,78.07,8.48,999.74,0
12/04/2022,Winter,17.08,67.1,1.38,1027.53,0
12/05/2022,Winter,16.21,84.22,1.53,985.38,0
12/06/2022,Winter,20.74,71.96,8.51,1022.72,0
12/07/2022,Winter,16.71,47.58,4.87,997.32,0
12/08/2022,Winter,20.7,51.16,4.28,1018.02,0
12/09/2022,Winter,19.34,52.28,1.56,1010.2,0
12/10/2022,Winter,19.66,56.69,4.39,983.88,0
12/11/2022,Winter,17.23,73.39,8.05,1025.08,1
12/12/2022,Winter,19.0,76.76,3.24,1032.46,0
12/13/2022,Winter,21.76,59.9,3.89,1026.06,0
12/14/2022,Winter,18.99,54.56,8.6,1033.01,0
12/15/2022,Winter,17.36,83.16,6.44,1014.29,0
12/16/2022,Winter,21.33,59.71,9.0,1025.44,0
12/17/2022,Winter,17.27,69.5,1.69,1016.24,0
12/18/2022,Winter,20.31,54.7,6.96,1000.68,0
12/19/2022,Winter,17.81,55.07,7.88,1030.16,1
12/20/2022,Winter,16.83,76.16,8.27,1019.5,0
12/21/2022,Winter,14.6,66.65,3.08,991.21,0
12/22/2022,Winter,17.49,69.73,9.84,989.4,0
12/23/2022,Winter,19.68,76.49,3.19,998.48,0
12/24/2022,Winter,14.07,62.37,5.54,1009.67,0
12/25/2022,Winter,15.26,72.64,5.44,1003.46,0
12/26/2022,Winter,17.19,66.7,2.9,1025.25,0
12/27/2022,Winter,18.87,69.33,9.21,996.27,0
12/28/2022,Winter,18.72,66.48,5.57,1006.67,0
12/29/2022,Winter,17.7,62.41,3.45,1005.58,0
12/30/2022,Winter,17.93,59.63,4.95,990.95,0
12/31/2022,Winter,22.96,59.55,7.39,993.28,0
01/01/2023,Winter,14.83,63.82,8.02,1025.07,0
01/02/2023,Winter,16.9,76.69,2.85,994.56,1
01/03/2023,Winter,18.88,61.72,2.91,1023.34,0
01/04/2023,Winter,19.97,60.16,7.38,1004.98,0
01/05/2023,Winter,16.88,52.96,1.72,1019.15,0
01/06/2023,Winter,15.0,62.92,7.33,1005.72,0
01/07/2023,Winter,17.36,76.44,1.79,986.09,0
01/08/2023,Winter,20.8,69.44,7.0,982.09,0
01/09/2023,Winter,14.99,64.71,4.32,1029.0,0
01/10/2023,Winter,14.59,50.44,1.75,1016.84,0
01/11/2023,Winter,18.45,49.02,1.49,991.86,1
01/12/2023,Winter,17.87,73.94,7.87,1014.58,1
01/13/2023,Winter,22.69,58.79,7.93,991.82,0
01/14/2023,Winter,21.58,60.11,3.97,986.6,0
01/15/2023,Winter,17.46,66.83,9.78,990.91,0
01/16/2023,Winter,18.52,72.96,5.4,1024.51,0
01/17/2023,Winter,18.88,74.42,7.31,1021.17,0
01/18/2023,Winter,17.01,61.94,1.34,1023.31,1
01/19/2023,Winter,20.99,63.21,2.45,1030.82,0
01/20/2023,Winter,21.1,59.15,7.06,985.31,0
01/21/2023,Winter,19.19,77.1,5.91,1010.02,0
01/22/2023,Winter,20.28,47.96,1.43,1009.39,0
01/23/2023,Winter,18.46,58.24,4.05,1028.18,0
01/24/2023,Winter,19.36,64.42,4.08,995.64,0
01/25/2023,Winter,18.43,71.41,5.14,1000.46,1
01/26/2023,Winter,17.43,64.7,3.58,991.02,0
01/27/2023,Winter,21.56,55.72,7.61,1017.25,0
01/28/2023,Winter,17.41,62.38,3.98,981.52,0
01/29/2023,Winter,20.1,52.16,9.71,985.03,0
01/30/2023,Winter,21.46,55.04,8.81,1007.28,0
01/31/2023,Winter,19.54,75.96,3.77,995.17,0
02/01/2023,Winter,22.03,67.83,2.51,1031.33,0
02/02/2023,Winter,17.02,63.33,2.15,997.84,0
02/03/2023,Winter,19.67,59.26,9.47,1032.91,0
02/04/2023,Winter,22.91,76.75,8.67,1006.42,0
02/05/2023,Winter,21.11,58.8,3.6,1011.5,0
02/06/2023,Winter,21.85,62.52,2.87,998.52,0
02/07/2023,Winter,19.03,52.61,8.82,981.33,0
02/08/2023,Winter,21.96,42.82,3.05,1021.34,0
02/09/2023,Winter,17.26,55.86,7.3,982.24,0
02/10/2023,Winter,17.4,68.03,1.07,1008.81,0
02/11/2023,Winter,23.17,58.26,8.07,1032.01,0
02/12/2023,Winter,19.37,52.19,8.59,1021.45,0
02/13/2023,Winter,20.21,70.52,7.37,995.51,0
02/14/2023,Winter,23.11,83.94,3.23,981.98,1
02/15/2023,Winter,24.8,73.21,4.56,982.6,0
02/16/2023,Winter,19.74,83.26,2.97,1012.34,1
02/17/2023,Winter,21.54,52.67,1.21,982.53,1
02/18/2023,Winter,24.3,80.44,7.15,1022.0,0
02/19/2023,Winter,18.66,68.34,6.64,1023.92,0
02/20/2023,Winter,23.61,72.95,3.28,1020.02,0
02/21/2023,Winter,21.2,65.77,7.06,1011.56,0
02/22/2023,Winter,20.73,79.6,6.66,1002.85,1
02/23/2023,Winter,26.34,64.04,4.68,1011.3,1
02/24/2023,Winter,22.29,69.55,1.51,1033.16,0
02/25/2023,Winter,24.33,50.46,8.57,993.67,0
02/26/2023,Winter,26.53,67.29,2.84,1022.0,0
02/27/2023,Winter,21.33,60.05,7.22,1019.86,0
02/28/2023,Winter,24.64,53.95,6.13,993.01,0
03/01/2023,Summer,27.79,60.73,5.02,1034.92,1
03/02/2023,Summer,20.88,60.8,9.63,1030.07,0
03/03/2023,Summer,23.99,72.46,1.7,999.95,0
03/04/2023,Summer,23.76,47.52,5.0,983.82,0
03/05/2023,Summer,28.37,72.72,9.89,1030.74,0
03/06/2023,Summer,23.0,55.06,6.8,1032.66,0
03/07/2023,Summer,21.62,58.12,4.78,1027.49,0
03/08/2023,Summer,27.04,54.97,8.67,990.03,0
03/09/2023,Summer,26.47,68.51,2.56,991.16,0
03/10/2023,Summer,26.66,47.93,6.47,999.95,0
03/11/2023,Summer,21.85,60.26,8.68,1034.94,1
03/12/2023,Summer,26.38,70.39,8.86,1016.31,0
03/13/2023,Summer,24.84,74.92,2.42,1007.22,0
03/14/2023,Summer,24.77,62.16,1.64,1027.82,1
03/15/2023,Summer,25.13,63.68,2.9,1034.74,0
03/16/2023,Summer,27.97,75.51,9.65,987.87,0
03/17/2023,Summer,26.6,69.76,8.82,1021.48,0
03/18/2023,Summer,28.06,59.3,5.26,998.75,1
03/19/2023,Summer,26.06,70.83,4.7,1016.29,1
03/20/2023,Summer,26.23,72.27,7.98,985.22,0
03/21/2023,Summer,29.75,81.91,2.9,1033.87,0
03/22/2023,Summer,24.52,63.26,8.84,1006.23,0
03/23/2023,Summer,26.24,65.93,1.88,1010.26,0
03/24/2023,Summer,21.79,55.83,1.62,1001.16,0
03/25/2023,Summer,25.28,67.63,3.16,1011.02,0
03/26/2023,Summer,29.09,49.37,3.59,1003.56,1
03/27/2023,Summer,27.08,53.85,1.59,1020.56,0
03/28/2023,Summer,26.65,57.42,3.09,1033.56,0
03/29/2023,Summer,27.65,70.05,1.07,984.94,0
03/30/2023,Summer,24.22,90.09,1.52,994.02,1
03/31/2023,Summer,22.7,89.97,7.84,987.94,0
04/01/2023,Summer,25.58,78.46,8.59,986.43,0
04/02/2023,Summer,26.45,61.41,6.19,1030.69,1
04/03/2023,Summer,29.01,56.75,1.19,985.03,1
04/04/2023,Summer,29.89,63.57,8.51,1009.39,1
04/05/2023,Summer,28.91,68.29,3.71,1013.57,0
04/06/2023,Summer,28.02,70.11,5.81,983.18,1
04/07/2023,Summer,30.27,70.68,3.28,1018.82,0
04/08/2023,Summer,27.67,46.16,1.95,1032.45,0
04/09/2023,Summer,27.22,49.94,4.35,982.6,1
04/10/2023,Summer,27.36,73.95,6.24,1023.61,0
04/11/2023,Summer,28.01,68.34,6.63,1018.57,0
04/12/2023,Summer,28.56,68.82,7.29,1033.62,0
04/13/2023,Summer,28.08,65.66,8.26,996.92,0
04/14/2023,Summer,29.44,61.06,6.44,984.91,0
04/15/2023,Summer,28.95,79.0,1.29,1026.68,0
04/16/2023,Summer,26.39,81.52,1.55,1033.81,0
04/17/2023,Summer,27.73,62.13,3.47,980.5,0
04/18/2023,Summer,30.18,67.56,5.9,1025.72,0
04/19/2023,Summer,30.17,79.19,4.83,991.04,0
04/20/2023,Summer,31.45,54.67,8.08,1031.37,0
04/21/2023,Summer,31.69,67.48,5.03,1012.9,0
04/22/2023,Summer,26.39,60.72,2.74,997.0,0
04/23/2023,Summer,28.65,65.01,7.94,1018.71,1
04/24/2023,Summer,29.93,71.37,5.77,1008.3,0
04/25/2023,Summer,29.45,59.53,6.85,1014.95,1
04/26/2023,Summer,31.4,60.86,9.32,1009.1,0
04/27/2023,Summer,30.95,56.51,2.36,985.3,0
04/28/2023,Summer,30.78,57.93,6.9,1005.71,0
04/29/2023,Summer,30.82,76.69,9.67,1033.7,0
04/30/2023,Summer,28.05,58.66,9.95,1003.0,0
05/01/2023,Summer,28.77,61.0,7.84,987.81,0
05/02/2023,Summer,27.18,65.97,6.74,1013.43,1
05/03/2023,Summer,32.25,74.05,2.54,981.12,1
05/04/2023,Summer,31.01,61.83,1.67,1006.98,1
05/05/2023,Summer,33.31,56.66,7.11,1029.96,0
05/06/2023,Summer,32.17,54.12,5.24,986.67,0
05/07/2023,Summer,34.85,64.24,1.67,1029.03,0
05/08/2023,Summer,27.91,75.29,8.96,1019.99,0
05/09/2023,Summer,29.23,59.22,9.86,985.77,1
05/10/2023,Summer,30.18,76.6,8.42,1034.92,0
05/11/2023,Summer,32.81,58.7,4.51,992.42,0
05/12/2023,Summer,31.89,57.98,9.52,1013.32,0
05/13/2023,Summer,31.35,63.41,7.63,997.65,0
05/14/2023,Summer,32.95,68.45,8.22,997.09,1
05/15/2023,Summer,32.27,64.17,2.19,1016.51,0
05/16/2023,Summer,34.06,59.96,6.27,1002.84,1
05/17/2023,Summer,31.67,61.29,8.6,1031.04,0
05/18/2023,Summer,31.01,46.73,5.7,1001.67,0
05/19/2023,Summer,31.52,75.13,7.91,1019.34,0
05/20/2023,Summer,32.69,55.07,8.45,1032.73,1
05/21/2023,Summer,35.55,62.52,4.17,1020.58,0
05/22/2023,Summer,33.75,72.91,3.46,1007.79,0
05/23/2023,Summer,34.77,64.98,5.72,1019.69,0
05/24/2023,Summer,30.73,74.7,6.1,982.58,0
05/25/2023,Summer,32.14,65.03,8.78,981.68,0
05/26/2023,Summer,37.41,65.88,9.07,1021.96,0
05/27/2023,Summer,30.46,58.59,2.43,1013.53,0
05/28/2023,Summer,35.17,62.04,9.01,1018.69,0
05/29/2023,Summer,36.53,71.12,7.95,1003.51,0
05/30/2023,Summer,37.48,67.02,8.64,1024.54,0
05/31/2023,Summer,33.2,68.11,5.01,989.63,1
06/01/2023,Monsoon,37.38,42.13,14.83,998.56,0
06/02/2023,Monsoon,30.85,45.61,14.67,984.21,1
06/03/2023,Monsoon,34.43,72.66,8.44,1003.32,1
06/04/2023,Monsoon,32.78,60.17,9.11,1004.14,0
06/05/2023,Monsoon,33.17,49.87,7.75,999.82,1
06/06/2023,Monsoon,32.75,67.07,7.49,991.06,0
06/07/2023,Monsoon,31.86,51.44,7.27,1018.84,1
06/08/2023,Monsoon,29.31,56.56,8.13,1007.83,1
06/09/2023,Monsoon,34.2,78.3,12.87,998.48,1
06/10/2023,Monsoon,37.37,75.12,6.84,991.64,1
06/11/2023,Monsoon,33.1,75.46,13.38,995.27,1
06/12/2023,Monsoon,32.43,63.31,12.61,1020.3,1
06/13/2023,Monsoon,34.12,56.81,7.93,980.7,1
06/14/2023,Monsoon,34.51,51.18,6.17,1021.93,1
06/15/2023,Monsoon,34.73,74.18,10.74,1006.75,1
06/16/2023,Monsoon,35.34,44.48,11.7,999.45,0
06/17/2023,Monsoon,32.85,56.9,8.08,1024.14,1
06/18/2023,Monsoon,35.71,68.32,9.2,997.61,0
06/19/2023,Monsoon,34.96,51.58,13.3,1010.84,1
06/20/2023,Monsoon,35.21,69.03,7.22,987.69,1
06/21/2023,Monsoon,32.69,59.38,6.95,982.82,1
06/22/2023,Monsoon,32.52,75.04,12.3,983.82,1
06/23/2023,Monsoon,33.53,55.34,8.56,984.7,1
06/24/2023,Monsoon,34.83,58.14,14.97,985.04,1
06/25/2023,Monsoon,34.71,56.96,14.56,994.67,1
06/26/2023,Monsoon,35.77,77.22,8.99,987.26,0
06/27/2023,Monsoon,39.53,58.65,8.53,999.9,1
06/28/2023,Monsoon,35.85,56.51,14.64,1010.42,1
06/29/2023,Monsoon,37.22,59.55,8.94,1000.47,1
06/30/2023,Monsoon,34.36,63.04,7.01,980.47,1
07/01/2023,Monsoon,33.11,63.1,12.8,985.65,1
07/02/2023,Monsoon,32.5,59.89,10.66,1013.75,1
07/03/2023,Monsoon,31.58,58.09,12.09,994.19,1
07/04/2023,Monsoon,30.1,65.43,8.2,1017.21,1
07/05/2023,Monsoon,32.44,61.38,10.4,1022.91,1
07/06/2023,Monsoon,31.6,68.22,5.54,1000.21,1
07/07/2023,Monsoon,34.47,76.46,10.42,984.35,0
07/08/2023,Monsoon,33.65,46.78,9.66,1023.47,0
07/09/2023,Monsoon,34.21,61.37,14.84,993.9,1
07/10/2023,Monsoon,34.12,40.0,8.37,991.19,1
07/11/2023,Monsoon,31.59,70.58,14.16,1022.2,1
07/12/2023,Monsoon,34.82,69.29,8.79,1034.95,0
07/13/2023,Monsoon,34.83,66.19,8.73,1026.85,0
07/14/2023,Monsoon,34.63,77.89,13.0,1013.97,1
07/15/2023,Monsoon,36.65,81.44,8.56,1009.04,1
07/16/2023,Monsoon,35.29,69.78,12.88,1007.02,1
07/17/2023,Monsoon,38.38,67.15,11.54,1006.38,1
07/18/2023,Monsoon,29.84,57.22,10.68,992.33,1
07/19/2023,Monsoon,34.15,57.74,6.55,1015.11,1
07/20/2023,Monsoon,29.21,67.13,11.45,1011.82,1
07/21/2023,Monsoon,30.98,60.2,12.86,1034.43,0
07/22/2023,Monsoon,30.68,82.52,10.41,989.35,1
07/23/2023,Monsoon,32.48,76.12,10.63,1022.64,1
07/24/2023,Monsoon,32.52,68.78,7.6,996.52,1
07/25/2023,Monsoon,32.11,66.08,9.48,993.3,1
07/26/2023,Monsoon,37.51,82.89,11.54,1034.27,0
07/27/2023,Monsoon,30.55,70.5,6.72,1003.06,1
07/28/2023,Monsoon,27.47,56.45,11.19,986.46,0
07/29/2023,Monsoon,31.14,40.0,13.64,1008.9,1
07/30/2023,Monsoon,31.85,67.55,14.55,1014.1,1
07/31/2023,Monsoon,32.26,58.26,5.52,1028.23,1
08/01/2023,Monsoon,33.0,52.75,6.67,981.23,1
08/02/2023,Monsoon,34.6,85.61,6.82,1034.17,0
08/03/2023,Monsoon,32.96,56.4,7.05,1026.98,1
08/04/2023,Monsoon,32.93,53.27,8.82,986.96,0
08/05/2023,Monsoon,32.12,59.02,11.39,1020.63,1
08/06/2023,Monsoon,32.6,68.88,10.07,1032.65,1
08/07/2023,Monsoon,33.44,76.21,10.22,1018.91,1
08/08/2023,Monsoon,32.23,78.03,11.59,1000.35,1
08/09/2023,Monsoon,31.2,54.95,9.82,1021.97,0
08/10/2023,Monsoon,34.81,46.63,7.32,1008.37,1
08/11/2023,Monsoon,33.69,63.67,11.13,992.42,1
08/12/2023,Monsoon,29.25,82.66,7.24,1015.73,1
08/13/2023,Monsoon,32.42,66.8,6.55,989.32,1
08/14/2023,Monsoon,31.42,47.95,11.32,988.12,1
08/15/2023,Monsoon,29.24,55.54,9.79,1003.67,1
08/16/2023,Monsoon,31.61,79.52,6.0,997.71,0
08/17/2023,Monsoon,27.8,46.1,14.85,1019.61,0
08/18/2023,Monsoon,26.02,61.0,12.12,1002.41,0
08/19/2023,Monsoon,30.13,70.11,9.78,1013.71,1
08/20/2023,Monsoon,33.72,63.42,9.64,1010.78,0
08/21/2023,Monsoon,26.49,78.21,14.35,985.29,1
08/22/2023,Monsoon,28.7,52.72,9.53,1004.64,1
08/23/2023,Monsoon,28.18,63.89,11.49,1012.64,1
08/24/2023,Monsoon,26.55,60.92,13.75,993.96,0
08/25/2023,Monsoon,32.6,53.7,9.45,1014.06,1
08/26/2023,Monsoon,26.73,64.54,6.56,1007.89,1
08/27/2023,Monsoon,30.84,77.24,5.1,1001.95,1
08/28/2023,Monsoon,26.16,48.5,8.67,988.9,1
08/29/2023,Monsoon,28.11,73.74,12.53,985.32,1
08/30/2023,Monsoon,26.78,57.49,8.23,1003.07,1
08/31/2023,Monsoon,28.34,56.31,13.57,1026.77,1
09/01/2023,Monsoon,28.88,73.81,7.06,1009.51,0
09/02/2023,Monsoon,27.62,79.1,6.77,1033.64,0
09/03/2023,Monsoon,29.29,81.85,7.42,1012.14,1
09/04/2023,Monsoon,26.14,63.05,5.88,983.97,1
09/05/2023,Monsoon,27.71,59.84,13.64,988.05,1
09/06/2023,Monsoon,25.9,60.57,7.9,1029.32,1
09/07/2023,Monsoon,30.61,60.99,11.87,1017.77,0
09/08/2023,Monsoon,26.76,62.86,11.11,1034.23,1
09/09/2023,Monsoon,29.91,73.27,6.27,1019.84,1
09/10/2023,Monsoon,26.55,97.05,13.93,993.99,1
09/11/2023,Monsoon,27.73,51.78,5.85,1004.71,0
09/12/2023,Monsoon,28.2,62.72,6.85,1021.81,1
09/13/2023,Monsoon,28.2,78.98,9.14,993.88,0
09/14/2023,Monsoon,26.29,87.29,7.17,1011.83,0
09/15/2023,Monsoon,24.53,65.0,12.09,983.19,1
09/16/2023,Monsoon,28.22,64.66,6.89,1001.82,1
09/17/2023,Monsoon,27.81,79.74,9.96,999.49,0
09/18/2023,Monsoon,27.54,67.67,6.09,1018.44,1
09/19/2023,Monsoon,27.59,70.38,13.72,992.4,1
09/20/2023,Monsoon,24.56,58.28,9.7,1013.57,0
09/21/2023,Monsoon,27.52,60.62,5.01,988.21,1
09/22/2023,Monsoon,26.34,49.94,13.57,1007.14,0
09/23/2023,Monsoon,25.13,80.75,8.84,1018.83,1
09/24/2023,Monsoon,28.17,56.68,10.56,1031.92,1
09/25/2023,Monsoon,25.37,60.53,10.32,1032.27,0
09/26/2023,Monsoon,29.32,63.39,8.16,1014.55,1
09/27/2023,Monsoon,25.62,51.84,12.14,1014.04,0
09/28/2023,Monsoon,28.79,53.5,7.06,1028.11,1
09/29/2023,Monsoon,24.55,58.68,8.45,1010.0,1
09/30/2023,Monsoon,26.86,59.18,11.46,1034.61,1
10/01/2023,Autumn,27.46,70.26,3.17,1007.47,1
10/02/2023,Autumn,22.4,47.48,9.86,1007.08,0
10/03/2023,Autumn,27.41,66.83,1.89,1023.96,0
10/04/2023,Autumn,23.36,86.59,1.51,988.02,1
10/05/2023,Autumn,24.67,58.74,3.71,1004.89,0
10/06/2023,Autumn,21.75,68.99,9.65,1023.89,0
10/07/2023,Autumn,27.28,70.06,4.78,989.3,0
10/08/2023,Autumn,22.94,56.77,1.7,983.95,0
10/09/2023,Autumn,22.66,59.27,7.97,1027.04,1
10/10/2023,Autumn,20.68,73.34,7.31,1021.38,0
10/11/2023,Autumn,23.06,81.88,5.28,1013.58,0
10/12/2023,Autumn,22.55,75.56,9.03,1029.4,1
10/13/2023,Autumn,23.88,84.76,7.98,988.67,1
10/14/2023,Autumn,21.94,62.05,3.38,1008.53,0
10/15/2023,Autumn,24.69,59.43,4.26,1027.5,0
10/16/2023,Autumn,23.17,54.48,4.94,983.17,0
10/17/2023,Autumn,23.27,47.25,3.7,1019.84,0
10/18/2023,Autumn,20.37,48.7,8.61,1025.31,0
10/19/2023,Autumn,22.41,51.07,7.77,993.25,0
10/20/2023,Autumn,20.74,63.46,9.21,1027.3,0
10/21/2023,Autumn,21.85,62.85,9.63,993.7,0
10/22/2023,Autumn,23.06,68.63,9.95,1001.48,0
10/23/2023,Autumn,19.62,65.77,7.21,1013.05,0
10/24/2023,Autumn,20.92,58.29,7.31,1018.42,0
10/25/2023,Autumn,22.73,60.17,9.28,1033.47,1
10/26/2023,Autumn,22.8,70.08,3.42,1010.27,0
10/27/2023,Autumn,18.79,63.59,7.31,1028.18,0
10/28/2023,Autumn,20.47,77.99,4.09,991.18,0
10/29/2023,Autumn,23.23,66.81,7.11,1020.37,0
10/30/2023,Autumn,19.57,73.49,6.86,1024.03,0
10/31/2023,Autumn,19.35,57.93,4.26,994.71,0
11/01/2023,Autumn,20.82,69.87,9.32,988.96,0
11/02/2023,Autumn,19.8,79.48,1.3,1010.54,0
11/03/2023,Autumn,20.49,59.92,2.0,1026.39,0
11/04/2023,Autumn,21.93,73.72,9.75,1015.12,1
11/05/2023,Autumn,17.1,60.67,2.07,993.85,0
11/06/2023,Autumn,21.87,72.62,4.03,1020.67,0
11/07/2023,Autumn,15.84,52.92,6.01,1034.62,0
11/08/2023,Autumn,20.78,70.56,9.99,1003.76,1
11/09/2023,Autumn,18.07,81.27,2.37,1014.88,0
11/10/2023,Autumn,21.28,89.76,3.81,1002.35,1
11/11/2023,Autumn,19.26,79.46,4.97,993.84,0
11/12/2023,Autumn,20.38,66.35,3.51,1014.78,0
11/13/2023,Autumn,19.27,48.15,7.28,1007.51,1
11/14/2023,Autumn,18.35,59.2,7.35,981.67,0
11/15/2023,Autumn,19.78,65.45,5.34,1033.57,0
11/16/2023,Autumn,17.35,64.47,6.1,986.87,0
11/17/2023,Autumn,15.8,55.08,6.06,996.97,0
11/18/2023,Autumn,17.93,70.71,1.08,1013.48,0
11/19/2023,Autumn,23.31,64.53,6.5,1032.15,0
11/20/2023,Autumn,21.41,68.99,1.27,1032.17,0
11/21/2023,Autumn,21.9,78.46,7.92,990.22,0
11/22/2023,Autumn,21.37,64.01,9.16,1034.04,1
11/23/2023,Autumn,20.49,63.89,7.22,986.79,1
11/24/2023,Autumn,19.87,61.01,8.69,992.71,0
11/25/2023,Autumn,18.57,67.01,4.22,983.1,0
11/26/2023,Autumn,19.86,57.27,2.66,996.24,0
11/27/2023,Autumn,20.63,58.99,4.0,1001.46,1
11/28/2023,Autumn,17.46,73.18,3.36,1006.14,1
11/29/2023,Autumn,20.3,60.91,3.63,1002.07,0
11/30/2023,Autumn,17.06,64.59,7.31,1025.69,0
12/01/2023,Winter,17.14,81.13,6.48,999.21,0
12/02/2023,Winter,15.61,69.67,8.3,990.78,0
12/03/2023,Winter,18.91,79.5,5.27,990.86,1
12/04/2023,Winter,20.12,53.53,1.96,1001.62,0
12/05/2023,Winter,16.37,75.65,9.12,1007.89,0
12/06/2023,Winter,17.01,61.07,5.45,1025.69,0
12/07/2023,Winter,18.69,71.31,4.81,1023.32,0
12/08/2023,Winter,19.48,59.77,1.68,1029.25,0
12/09/2023,Winter,19.08,57.01,8.57,992.72,0
12/10/2023,Winter,21.19,80.17,6.95,1034.09,0
12/11/2023,Winter,15.54,68.65,6.99,1016.08,0
12/12/2023,Winter,20.11,66.98,3.78,1009.44,0
12/13/2023,Winter,23.0,86.5,7.01,1003.46,0
12/14/2023,Winter,17.58,88.06,7.31,983.64,1
12/15/2023,Winter,17.41,57.13,3.0,1028.64,1
12/16/2023,Winter,18.13,56.75,2.82,1020.87,0
12/17/2023,Winter,18.47,67.09,8.24,1018.06,0
12/18/2023,Winter,19.06,54.51,7.96,1033.01,1
12/19/2023,Winter,18.26,49.5,6.99,1020.35,1
12/20/2023,Winter,18.56,69.29,6.84,1024.72,1
12/21/2023,Winter,16.35,63.13,6.13,993.72,0
12/22/2023,Winter,15.67,67.69,5.26,1021.65,0
12/23/2023,Winter,17.0,42.49,1.65,1013.71,1
12/24/2023,Winter,11.8,71.0,8.59,1020.53,0
12/25/2023,Winter,18.74,63.95,3.84,1022.45,1
12/26/2023,Winter,16.23,72.32,8.77,1034.82,0
12/27/2023,Winter,19.28,75.8,3.67,1027.3,0
12/28/2023,Winter,17.11,66.67,3.65,1012.6,0
12/29/2023,Winter,16.82,60.35,6.31,988.65,0
12/30/2023,Winter,19.85,63.43,1.78,1027.14,0
12/31/2023,Winter,17.31,41.9,9.33,995.73,1
01/01/2024,Winter,20.42,73.48,6.68,1031.91,0
01/02/2024,Winter,18.01,71.98,5.09,983.76,1
01/03/2024,Winter,18.87,50.26,2.09,989.7,0
01/04/2024,Winter,16.8,69.46,1.57,1014.15,1
01/05/2024,Winter,20.17,58.08,5.88,1033.65,1
01/06/2024,Winter,15.89,70.96,9.16,1009.24,0
01/07/2024,Winter,20.51,72.96,2.72,999.41,0
01/08/2024,Winter,15.86,71.82,3.59,986.61,0
01/09/2024,Winter,18.84,54.05,8.2,1012.93,0
01/10/2024,Winter,19.2,78.36,8.44,1028.88,0
01/11/2024,Winter,21.46,68.63,6.48,985.06,0
01/12/2024,Winter,14.87,52.12,4.59,998.57,0
01/13/2024,Winter,13.44,62.16,9.91,988.82,0
01/14/2024,Winter,20.77,47.16,6.23,1026.16,0
01/15/2024,Winter,17.14,84.56,5.77,995.69,0
01/16/2024,Winter,18.31,43.78,5.14,1023.97,0
01/17/2024,Winter,18.98,70.37,7.01,990.31,0
01/18/2024,Winter,16.19,74.29,6.13,986.0,0
01/19/2024,Winter,19.84,85.06,9.69,986.2,1
01/20/2024,Winter,21.09,70.66,4.15,1034.31,1
01/21/2024,Winter,18.43,59.97,8.33,1007.56,0
01/22/2024,Winter,21.55,55.07,8.63,1007.44,0
01/23/2024,Winter,21.38,54.82,4.71,1009.39,0
01/24/2024,Winter,20.77,78.46,2.66,990.56,0
01/25/2024,Winter,17.66,59.87,3.38,1018.99,0
01/26/2024,Winter,19.51,58.65,2.26,993.43,0
01/27/2024,Winter,22.71,53.04,6.48,983.12,0
01/28/2024,Winter,19.72,66.2,6.6,1013.9,0
01/29/2024,Winter,20.58,72.76,8.86,997.3,1
01/30/2024,Winter,18.78,73.02,5.2,1023.95,0
01/31/2024,Winter,16.89,62.33,1.73,1007.8,0
02/01/2024,Winter,16.43,57.27,2.21,1000.81,0
02/02/2024,Winter,18.56,82.45,6.2,984.83,1
02/03/2024,Winter,20.87,77.19,7.73,1011.77,1
02/04/2024,Winter,21.98,83.09,3.87,1024.71,1
02/05/2024,Winter,17.19,63.3,8.72,1021.27,0
02/06/2024,Winter,23.81,61.11,3.58,1014.36,0
02/07/2024,Winter,21.33,66.34,4.09,983.44,0
02/08/2024,Winter,20.33,50.1,9.32,995.83,0
02/09/2024,Winter,23.43,67.4,8.59,988.99,0
02/10/2024,Winter,17.52,72.99,3.34,1026.46,0
02/11/2024,Winter,19.93,64.63,6.87,1020.66,0
02/12/2024,Winter,17.95,66.13,5.89,993.97,0
02/13/2024,Winter,20.74,52.66,4.94,1031.17,1
02/14/2024,Winter,18.06,49.94,4.53,983.78,0
02/15/2024,Winter,21.74,69.74,5.02,1001.84,0
02/16/2024,Winter,24.41,59.41,6.97,1026.21,0
02/17/2024,Winter,21.24,75.67,7.24,1015.71,0
02/18/2024,Winter,23.41,50.54,6.46,1000.03,0
02/19/2024,Winter,20.97,65.41,2.4,1025.11,0
02/20/2024,Winter,21.98,63.18,2.12,999.19,0
02/21/2024,Winter,22.41,78.17,1.37,1010.82,1
02/22/2024,Winter,20.67,64.94,1.96,984.82,0
02/23/2024,Winter,26.03,71.82,3.4,1008.47,1
02/24/2024,Winter,22.69,48.62,5.47,1003.28,0
02/25/2024,Winter,25.69,80.42,3.76,1030.93,1
02/26/2024,Winter,24.04,68.28,3.39,1021.98,0
02/27/2024,Winter,19.93,59.6,3.54,1016.61,0
02/28/2024,Winter,26.44,61.06,8.81,1027.57,0
02/29/2024,Winter,23.14,58.32,7.14,996.08,0
03/01/2024,Summer,23.89,62.82,6.52,987.05,0
03/02/2024,Summer,21.78,51.45,2.26,1033.68,0
03/03/2024,Summer,20.19,70.6,5.74,987.74,0
03/04/2024,Summer,21.91,60.77,4.36,1014.92,1
03/05/2024,Summer,25.07,68.4,2.84,1004.34,0
03/06/2024,Summer,22.23,59.68,4.53,997.63,0
03/07/2024,Summer,21.98,64.65,2.87,994.7,0
03/08/2024,Summer,22.79,59.79,4.98,1029.51,0
03/09/2024,Summer,29.01,89.02,2.23,1029.83,0
03/10/2024,Summer,24.81,76.63,3.82,1029.99,0
03/11/2024,Summer,27.38,75.71,7.01,1021.79,0
03/12/2024,Summer,23.53,59.26,5.93,987.29,0
03/13/2024,Summer,27.53,63.62,1.92,982.9,0
03/14/2024,Summer,25.15,59.77,1.85,989.91,0
03/15/2024,Summer,26.39,57.64,5.71,990.58,0
03/16/2024,Summer,21.51,77.26,8.49,997.06,0
03/17/2024,Summer,25.23,68.56,9.29,1034.01,1
03/18/2024,Summer,25.35,66.95,2.85,1022.16,0
03/19/2024,Summer,27.78,56.88,9.06,1013.8,0
03/20/2024,Summer,24.31,74.15,2.86,1023.79,0
03/21/2024,Summer,28.97,59.79,6.78,1031.2,0
03/22/2024,Summer,26.31,78.43,3.51,1008.95,0
03/23/2024,Summer,26.68,71.47,6.03,1020.02,1
03/24/2024,Summer,26.89,69.25,4.2,1024.52,1
03/25/2024,Summer,29.18,43.36,1.17,1016.5,0
03/26/2024,Summer,26.64,63.37,8.03,1022.68,1
03/27/2024,Summer,23.57,57.25,1.39,1032.76,0
03/28/2024,Summer,32.01,63.83,9.31,1008.53,0
03/29/2024,Summer,27.4,71.03,9.26,1026.51,0
03/30/2024,Summer,27.22,53.92,8.86,995.11,0
03/31/2024,Summer,28.79,67.03,3.55,1005.81,1
04/01/2024,Summer,28.99,40.0,1.09,1025.23,0
04/02/2024,Summer,34.95,57.92,8.6,997.65,0
04/03/2024,Summer,26.35,48.46,7.82,1017.15,0
04/04/2024,Summer,29.68,66.67,5.58,1033.94,0
04/05/2024,Summer,26.9,72.77,5.27,1016.72,0
04/06/2024,Summer,26.09,66.48,8.93,983.04,0
04/07/2024,Summer,29.29,58.55,9.58,1006.27,0
04/08/2024,Summer,29.91,56.35,1.25,984.64,0
04/09/2024,Summer,26.2,64.0,7.42,988.04,0
04/10/2024,Summer,28.17,57.51,8.61,995.68,0
04/11/2024,Summer,26.51,78.18,1.53,999.96,0
04/12/2024,Summer,28.97,71.83,2.21,1031.41,0
04/13/2024,Summer,31.1,66.87,2.24,991.58,0
04/14/2024,Summer,27.95,51.98,4.27,998.73,0
04/15/2024,Summer,27.8,70.67,5.24,987.92,1
04/16/2024,Summer,29.57,56.24,9.12,980.17,0
04/17/2024,Summer,29.87,60.21,6.34,1025.44,0
04/18/2024,Summer,32.94,59.69,4.86,996.84,0
04/19/2024,Summer,32.19,63.13,2.77,1024.26,0
04/20/2024,Summer,29.61,48.62,3.8,1016.78,1
04/21/2024,Summer,28.12,53.38,9.96,1016.72,0
04/22/2024,Summer,30.29,64.71,3.97,1025.69,0
04/23/2024,Summer,31.11,48.33,3.17,1025.56,0
04/24/2024,Summer,29.52,59.5,6.05,1009.58,1
04/25/2024,Summer,33.72,67.87,4.12,983.08,0
04/26/2024,Summer,29.3,60.05,9.05,1016.92,0
04/27/2024,Summer,28.32,64.37,2.5,991.28,0
04/28/2024,Summer,31.6,50.33,3.71,994.22,0
04/29/2024,Summer,27.78,68.12,6.77,1002.29,0
04/30/2024,Summer,32.83,69.64,5.78,989.1,0
05/01/2024,Summer,33.24,58.73,5.2,1013.56,0
05/02/2024,Summer,30.77,66.1,9.11,999.9,0
05/03/2024,Summer,29.94,64.5,4.69,998.55,1
05/04/2024,Summer,32.14,65.88,2.05,1024.23,0
05/05/2024,Summer,29.93,40.29,1.24,1026.93,0
05/06/2024,Summer,27.6,79.1,8.9,1002.18,0
05/07/2024,Summer,32.41,68.61,6.37,991.52,0
05/08/2024,Summer,36.03,59.93,6.5,983.3,0
05/09/2024,Summer,30.06,73.75,5.92,1015.76,1
05/10/2024,Summer,33.45,70.42,4.79,1032.18,0
05/11/2024,Summer,36.2,52.16,1.42,1029.18,0
05/12/2024,Summer,29.82,82.91,5.49,994.51,0
05/13/2024,Summer,31.5,58.94,5.68,1018.14,0
05/14/2024,Summer,32.89,78.31,8.15,1010.46,0
05/15/2024,Summer,29.93,73.64,4.94,1020.96,0
05/16/2024,Summer,32.59,59.48,4.06,1017.05,0
05/17/2024,Summer,29.51,78.9,3.92,1018.38,0
05/18/2024,Summer,32.8,67.42,9.34,984.05,0
05/19/2024,Summer,32.36,62.39,4.56,999.16,1
05/20/2024,Summer,37.49,75.41,2.28,998.11,0
05/21/2024,Summer,30.86,61.14,9.97,999.49,0
05/22/2024,Summer,35.95,80.97,5.57,991.83,0
05/23/2024,Summer,31.48,80.3,2.38,982.36,1
05/24/2024,Summer,32.94,63.58,4.6,998.02,1
05/25/2024,Summer,35.62,47.71,7.4,998.57,0
05/26/2024,Summer,33.02,56.64,5.89,1005.41,0
05/27/2024,Summer,35.7,42.37,4.38,1033.81,0
05/28/2024,Summer,34.26,44.13,2.94,1005.74,0
05/29/2024,Summer,32.21,69.81,3.86,1019.41,0
05/30/2024,Summer,35.55,74.81,5.57,1026.92,0
05/31/2024,Summer,33.8,56.35,2.33,988.28,0
06/01/2024,Monsoon,32.0,80.49,5.5,987.79,1
06/02/2024,Monsoon,32.73,65.58,5.33,1006.61,1
06/03/2024,Monsoon,33.34,62.74,11.81,1008.08,1
06/04/2024,Monsoon,36.67,67.96,13.21,1010.07,0
06/05/2024,Monsoon,33.81,75.91,14.25,1009.97,0
06/06/2024,Monsoon,33.51,54.1,5.58,1008.63,0
06/07/2024,Monsoon,34.7,64.09,11.28,980.54,0
06/08/2024,Monsoon,29.2,79.71,12.42,1017.94,1
06/09/2024,Monsoon,33.63,72.59,6.63,980.99,1
06/10/2024,Monsoon,31.93,65.3,9.65,1018.6,1
06/11/2024,Monsoon,34.29,76.79,5.56,989.77,0
06/12/2024,Monsoon,34.38,58.65,5.39,1010.18,0
06/13/2024,Monsoon,32.37,72.83,8.68,1034.27,0
06/14/2024,Monsoon,35.08,62.47,8.05,1032.1,1
06/15/2024,Monsoon,36.09,70.54,8.28,1017.79,1
06/16/2024,Monsoon,34.1,70.56,8.62,989.03,1
06/17/2024,Monsoon,33.76,68.73,13.37,986.13,1
06/18/2024,Monsoon,38.32,78.39,6.87,980.41,1
06/19/2024,Monsoon,31.67,98.0,13.83,1029.34,1
06/20/2024,Monsoon,34.08,54.4,7.65,1019.41,0
06/21/2024,Monsoon,34.08,59.49,10.01,1013.09,0
06/22/2024,Monsoon,30.49,52.93,11.7,997.69,1
06/23/2024,Monsoon,35.13,82.74,13.93,1017.37,1
06/24/2024,Monsoon,35.08,70.7,8.74,989.45,0
06/25/2024,Monsoon,38.02,55.15,8.81,1024.56,0
06/26/2024,Monsoon,33.29,63.36,10.21,1025.43,0
06/27/2024,Monsoon,31.49,67.36,13.58,1006.59,1
06/28/2024,Monsoon,38.39,55.39,12.3,987.74,1
06/29/2024,Monsoon,31.4,79.85,9.57,1004.78,1
06/30/2024,Monsoon,33.14,54.97,7.5,1030.02,1
07/01/2024,Monsoon,32.37,48.8,8.41,1032.48,1
07/02/2024,Monsoon,33.46,62.29,7.25,994.47,0
07/03/2024,Monsoon,36.76,57.62,5.59,982.95,1
07/04/2024,Monsoon,32.52,63.09,13.65,1017.72,1
07/05/2024,Monsoon,34.14,70.12,6.71,1014.61,1
07/06/2024,Monsoon,37.34,63.31,11.55,1030.21,1
07/07/2024,Monsoon,33.39,68.45,9.98,1034.1,0
07/08/2024,Monsoon,32.52,49.32,10.48,987.33,1
07/09/2024,Monsoon,33.73,70.54,10.7,997.68,1
07/10/2024,Monsoon,34.59,66.12,10.95,1029.06,0
07/11/2024,Monsoon,36.81,57.04,9.21,983.08,1
07/12/2024,Monsoon,36.61,53.89,13.35,1028.12,0
07/13/2024,Monsoon,29.07,57.06,5.79,986.55,1
07/14/2024,Monsoon,30.47,70.56,7.08,1011.08,1
07/15/2024,Monsoon,28.99,55.59,8.39,1031.45,1
07/16/2024,Monsoon,28.07,82.5,9.08,996.88,1
07/17/2024,Monsoon,30.2,75.87,14.65,985.1,1
07/18/2024,Monsoon,28.42,65.06,9.05,1004.48,0
07/19/2024,Monsoon,30.26,55.25,13.26,1031.08,1
07/20/2024,Monsoon,30.81,63.46,13.36,1014.65,1
07/21/2024,Monsoon,31.14,56.85,11.12,987.89,1
07/22/2024,Monsoon,31.21,62.26,5.04,1002.82,1
07/23/2024,Monsoon,34.76,63.25,8.83,1004.85,1
07/24/2024,Monsoon,30.78,66.3,13.32,993.26,1
07/25/2024,Monsoon,30.17,71.15,7.57,1005.27,0
07/26/2024,Monsoon,33.0,73.92,14.97,999.25,0
07/27/2024,Monsoon,34.06,44.09,14.64,1021.37,0
07/28/2024,Monsoon,32.4,52.22,13.98,1010.87,1
07/29/2024,Monsoon,34.19,70.55,11.81,988.04,1
07/30/2024,Monsoon,30.12,64.99,7.89,1014.14,0
07/31/2024,Monsoon,29.83,67.52,9.75,992.28,0
08/01/2024,Monsoon,31.77,68.22,13.17,1009.12,1
08/02/2024,Monsoon,29.98,63.53,6.25,1030.51,1
08/03/2024,Monsoon,31.63,54.93,13.18,1002.62,0
08/04/2024,Monsoon,32.91,62.94,5.55,1028.38,1
08/05/2024,Monsoon,31.24,66.34,12.7,987.33,0
08/06/2024,Monsoon,34.88,63.36,12.67,1003.62,1
08/07/2024,Monsoon,32.11,73.9,12.12,999.12,1
08/08/2024,Monsoon,33.71,61.4,14.51,1017.52,0
08/09/2024,Monsoon,30.1,56.5,9.21,1033.16,1
08/10/2024,Monsoon,31.94,72.73,6.23,1021.61,1
08/11/2024,Monsoon,30.09,52.48,10.43,1015.45,1
08/12/2024,Monsoon,29.95,73.06,6.83,1005.91,1
08/13/2024,Monsoon,29.76,62.6,8.01,1013.36,1
08/14/2024,Monsoon,30.83,83.61,12.78,982.41,1
08/15/2024,Monsoon,28.81,63.99,11.89,1001.97,1
08/16/2024,Monsoon,29.05,73.62,12.14,1025.39,1
08/17/2024,Monsoon,30.65,58.01,8.06,999.7,1
08/18/2024,Monsoon,26.79,69.57,10.57,1010.71,1
08/19/2024,Monsoon,30.8,76.87,5.68,1003.97,0
08/20/2024,Monsoon,27.34,64.36,10.17,1002.89,1
08/21/2024,Monsoon,27.91,77.12,13.52,1016.85,0
08/22/2024,Monsoon,33.32,77.88,13.33,1030.29,1
08/23/2024,Monsoon,30.13,63.21,10.81,1018.99,1
08/24/2024,Monsoon,28.86,91.28,7.51,1000.33,0
08/25/2024,Monsoon,32.88,85.01,14.61,1001.37,1
08/26/2024,Monsoon,27.93,54.58,10.35,1012.61,1
08/27/2024,Monsoon,30.36,63.46,10.72,1009.54,1
08/28/2024,Monsoon,29.14,70.62,12.88,1022.23,1
08/29/2024,Monsoon,27.19,54.15,6.69,1017.15,1
08/30/2024,Monsoon,31.14,79.35,14.52,1015.27,0
08/31/2024,Monsoon,26.72,51.6,8.95,1000.42,1
09/01/2024,Monsoon,26.29,60.12,7.72,1000.85,1
09/02/2024,Monsoon,30.66,62.88,8.85,998.82,0
09/03/2024,Monsoon,27.17,69.45,13.75,1028.48,0
09/04/2024,Monsoon,26.84,40.0,13.43,1016.68,1
09/05/2024,Monsoon,30.48,76.21,14.71,1023.64,1
09/06/2024,Monsoon,30.86,76.52,10.9,1010.61,1
09/07/2024,Monsoon,25.32,72.97,14.18,1004.33,1
09/08/2024,Monsoon,27.1,71.62,9.56,1022.34,1
09/09/2024,Monsoon,27.46,72.24,12.08,980.83,0
09/10/2024,Monsoon,29.54,56.26,12.91,986.76,1
09/11/2024,Monsoon,27.85,64.65,5.02,1013.85,1
09/12/2024,Monsoon,27.99,79.05,6.74,1010.25,1
09/13/2024,Monsoon,30.01,65.23,7.57,997.4,1
09/14/2024,Monsoon,25.7,69.61,13.36,980.95,1
09/15/2024,Monsoon,23.81,51.86,11.3,1018.15,1
09/16/2024,Monsoon,24.75,74.18,5.71,999.2,0
09/17/2024,Monsoon,24.05,57.74,8.08,980.03,1
09/18/2024,Monsoon,26.9,83.67,9.95,997.02,1
09/19/2024,Monsoon,24.91,56.37,14.28,1007.76,0
09/20/2024,Monsoon,24.29,70.61,5.82,1018.83,1
09/21/2024,Monsoon,28.64,54.78,13.5,1026.5,1
09/22/2024,Monsoon,23.82,55.8,5.41,1015.65,0
09/23/2024,Monsoon,23.55,56.96,10.9,1015.74,0
09/24/2024,Monsoon,23.13,59.48,10.23,1006.91,0
09/25/2024,Monsoon,26.93,76.15,9.56,1016.62,1
09/26/2024,Monsoon,23.03,64.93,5.18,1017.26,0
09/27/2024,Monsoon,20.51,78.39,6.79,993.21,0
09/28/2024,Monsoon,26.75,71.71,13.03,1000.91,1
09/29/2024,Monsoon,20.56,61.14,9.44,989.06,1
09/30/2024,Monsoon,26.42,53.65,10.17,985.92,1
10/01/2024,Autumn,22.13,63.46,5.52,1023.02,0
10/02/2024,Autumn,22.12,72.94,2.8,1018.23,0
10/03/2024,Autumn,22.28,53.61,6.9,1028.75,0
10/04/2024,Autumn,23.44,58.68,9.22,1001.42,0
10/05/2024,Autumn,19.64,59.56,9.98,1017.87,1
10/06/2024,Autumn,27.17,64.55,4.35,1015.69,0
10/07/2024,Autumn,25.45,71.88,4.2,1022.45,0
10/08/2024,Autumn,20.93,52.62,2.37,984.18,0
10/09/2024,Autumn,23.88,50.91,3.01,1032.61,0
10/10/2024,Autumn,24.07,56.18,9.54,1028.18,1
10/11/2024,Autumn,23.49,62.86,8.01,998.39,0
10/12/2024,Autumn,25.37,56.0,4.23,1020.05,1
10/13/2024,Autumn,19.3,82.02,6.16,991.95,0
10/14/2024,Autumn,24.57,71.46,3.71,1032.21,0
10/15/2024,Autumn,19.34,61.57,8.47,1013.55,0
10/16/2024,Autumn,26.0,62.16,1.75,1008.07,0
10/17/2024,Autumn,23.58,58.23,8.05,1033.47,0
10/18/2024,Autumn,24.7,56.37,8.18,1007.41,0
10/19/2024,Autumn,18.69,70.55,8.95,1001.75,0
10/20/2024,Autumn,20.74,76.96,5.78,1030.4,0
10/21/2024,Autumn,24.27,64.06,2.75,984.12,0
10/22/2024,Autumn,18.72,51.84,6.0,1032.2,0
10/23/2024,Autumn,19.79,73.83,8.52,1023.89,0
10/24/2024,Autumn,20.16,74.06,9.05,983.48,0
10/25/2024,Autumn,20.81,40.0,2.24,1034.57,0
10/26/2024,Autumn,19.77,54.77,1.83,1029.65,0
10/27/2024,Autumn,23.65,55.77,9.75,1012.43,0
10/28/2024,Autumn,23.68,73.29,2.96,1012.12,0
10/29/2024,Autumn,20.34,73.68,3.38,1019.61,0
10/30/2024,Autumn,23.88,63.63,1.67,1010.3,0
10/31/2024,Autumn,23.36,65.03,6.92,1031.04,0
11/01/2024,Autumn,18.73,78.82,6.52,990.21,0
11/02/2024,Autumn,23.43,53.25,7.99,1008.03,0
11/03/2024,Autumn,17.73,73.46,6.59,1009.51,0
11/04/2024,Autumn,20.87,65.25,8.71,1030.55,1
11/05/2024,Autumn,19.02,59.41,9.25,1015.14,1
11/06/2024,Autumn,16.39,67.23,4.56,1032.2,1
11/07/2024,Autumn,17.57,70.65,1.36,980.85,1
11/08/2024,Autumn,18.66,69.03,2.35,1025.67,0
11/09/2024,Autumn,23.46,69.8,2.79,1002.17,0
11/10/2024,Autumn,20.97,72.3,2.07,1008.2,1
11/11/2024,Autumn,22.11,76.39,7.53,1018.19,1
11/12/2024,Autumn,21.03,78.96,5.25,1019.04,0
11/13/2024,Autumn,19.87,61.41,1.88,994.74,0
11/14/2024,Autumn,16.76,64.04,8.85,1009.25,0
11/15/2024,Autumn,20.12,65.37,9.6,1031.66,0
11/16/2024,Autumn,24.17,61.52,9.21,1025.3,0
11/17/2024,Autumn,19.6,82.88,9.79,998.74,0
11/18/2024,Autumn,18.61,63.89,9.36,1025.01,0
11/19/2024,Autumn,20.3,65.63,6.04,1013.73,0
11/20/2024,Autumn,19.1,59.84,9.57,1002.1,0
11/21/2024,Autumn,20.14,80.79,2.05,1020.91,0
11/22/2024,Autumn,17.23,66.48,4.14,1027.91,1
11/23/2024,Autumn,15.83,66.23,8.75,983.33,0
11/24/2024,Autumn,20.76,76.72,9.48,995.61,0
11/25/2024,Autumn,21.53,61.04,2.9,1032.54,0
11/26/2024,Autumn,20.02,61.15,7.85,992.16,0
11/27/2024,Autumn,19.16,79.84,4.87,1000.23,0
11/28/2024,Autumn,20.87,66.98,4.49,1010.52,0
11/29/2024,Autumn,15.57,59.42,1.62,994.53,1
11/30/2024,Autumn,15.59,58.43,9.54,983.38,0
12/01/2024,Winter,16.38,63.94,2.55,1017.65,0
12/02/2024,Winter,19.97,94.89,3.32,1000.8,1
12/03/2024,Winter,23.22,59.98,3.12,1023.17,0
12/04/2024,Winter,18.69,75.62,1.53,1001.72,1
12/05/2024,Winter,14.46,57.43,8.35,996.14,0
12/06/2024,Winter,20.03,75.62,7.6,980.0,0
12/07/2024,Winter,18.48,61.94,5.77,1034.1,0
12/08/2024,Winter,18.75,56.67,7.29,993.57,0
12/09/2024,Winter,19.48,70.11,7.59,998.49,0
12/10/2024,Winter,19.79,65.9,4.63,982.7,0
12/11/2024,Winter,16.18,67.97,9.76,985.85,0
12/12/2024,Winter,15.05,64.61,3.05,1001.49,1
12/13/2024,Winter,19.03,67.43,3.38,993.01,0
12/14/2024,Winter,20.51,62.01,3.54,984.43,0
12/15/2024,Winter,17.81,53.04,3.56,998.16,0
12/16/2024,Winter,17.19,65.24,3.28,998.82,0
12/17/2024,Winter,20.36,60.13,3.56,1000.52,0
12/18/2024,Winter,18.54,74.56,8.76,999.4,0
12/19/2024,Winter,20.02,60.77,7.5,1024.72,0
12/20/2024,Winter,17.79,65.65,9.06,983.23,1
12/21/2024,Winter,16.89,52.3,3.74,989.61,0
12/22/2024,Winter,14.79,65.35,5.01,1016.19,0
12/23/2024,Winter,18.96,67.07,1.79,997.02,1
12/24/2024,Winter,19.68,63.73,8.15,1025.17,0
12/25/2024,Winter,17.39,63.1,5.23,1015.29,0
12/26/2024,Winter,17.82,69.52,8.26,1033.45,1
